-- phpMyAdmin SQL Dump
-- version 5.2.1
-- https://www.phpmyadmin.net/
--
-- Host: localhost
-- Generation Time: Jul 01, 2024 at 08:03 AM
-- Server version: 10.4.28-MariaDB
-- PHP Version: 8.2.4

SET SQL_MODE = "NO_AUTO_VALUE_ON_ZERO";
START TRANSACTION;
SET time_zone = "+00:00";


/*!40101 SET @OLD_CHARACTER_SET_CLIENT=@@CHARACTER_SET_CLIENT */;
/*!40101 SET @OLD_CHARACTER_SET_RESULTS=@@CHARACTER_SET_RESULTS */;
/*!40101 SET @OLD_COLLATION_CONNECTION=@@COLLATION_CONNECTION */;
/*!40101 SET NAMES utf8mb4 */;

--
-- Database: `esg_assessment`
--

-- --------------------------------------------------------

--
-- Table structure for table `assessments`
--

CREATE TABLE `assessments` (
  `assessment_id` int(11) NOT NULL,
  `user_id` int(11) DEFAULT NULL,
  `assessment_date` datetime DEFAULT NULL,
  `status` varchar(50) DEFAULT NULL,
  `assessment_type` varchar(50) DEFAULT NULL
) ENGINE=InnoDB DEFAULT CHARSET=utf8mb4 COLLATE=utf8mb4_general_ci;

--
-- Dumping data for table `assessments`
--

INSERT INTO `assessments` (`assessment_id`, `user_id`, `assessment_date`, `status`, `assessment_type`) VALUES
(59, 1, '2024-06-19 17:52:07', 'completed', 'hc'),
(60, 10, '2024-06-19 17:52:35', 'completed', 'hc'),
(61, 11, '2024-06-19 17:53:13', 'completed', 'hc'),
(62, 12, '2024-06-19 17:54:34', 'completed', 'hc'),
(63, 13, '2024-06-19 17:55:02', 'completed', 'hc'),
(64, 14, '2024-06-19 17:55:31', 'completed', 'hc'),
(65, 15, '2024-06-19 17:58:26', 'completed', 'hc'),
(66, 16, '2024-06-19 18:01:41', 'completed', 'hc'),
(67, 17, '2024-06-19 18:02:46', 'completed', 'hc'),
(68, 18, '2024-06-19 18:03:51', 'completed', 'hc'),
(70, 1, '2024-06-20 09:24:04', 'completed', 'ma'),
(71, 1, '2024-06-20 09:24:40', 'completed', 'hc'),
(72, 1, '2024-06-20 09:24:51', 'completed', 'hc'),
(73, 10, '2024-06-20 09:25:32', 'completed', 'ma'),
(74, 10, '2024-06-20 09:26:41', 'completed', 'hc'),
(75, 10, '2024-06-20 09:27:17', 'completed', 'ma'),
(76, 10, '2024-06-20 09:27:25', 'completed', 'hc'),
(77, 11, '2024-06-20 09:28:47', 'completed', 'ma'),
(78, 11, '2024-06-20 09:29:00', 'completed', 'hc'),
(79, 12, '2024-06-20 09:29:21', 'completed', 'hc'),
(80, 12, '2024-06-20 09:29:48', 'completed', 'ma'),
(81, 12, '2024-06-20 09:29:56', 'completed', 'hc'),
(82, 13, '2024-06-20 09:30:20', 'completed', 'hc'),
(83, 13, '2024-06-20 09:30:45', 'completed', 'hc'),
(84, 14, '2024-06-20 09:32:12', 'completed', 'ma'),
(85, 14, '2024-06-20 09:32:23', 'completed', 'hc'),
(86, 14, '2024-06-20 09:32:30', 'completed', 'hc'),
(87, 15, '2024-06-20 09:32:55', 'completed', 'hc'),
(88, 15, '2024-06-20 09:33:03', 'completed', 'hc'),
(89, 15, '2024-06-20 09:33:32', 'completed', 'ma'),
(90, 17, '2024-06-20 09:34:06', 'completed', 'ma'),
(91, 17, '2024-06-20 09:34:25', 'completed', 'ma'),
(92, 16, '2024-06-20 09:35:41', 'completed', 'hc'),
(93, 16, '2024-06-20 09:35:49', 'completed', 'hc'),
(94, 16, '2024-06-20 09:36:33', 'completed', 'ma'),
(95, 18, '2024-06-20 09:37:07', 'completed', 'hc'),
(96, 18, '2024-06-20 09:37:16', 'completed', 'hc'),
(97, 18, '2024-06-20 09:37:41', 'completed', 'ma'),
(98, 18, '2024-06-20 09:48:28', 'completed', 'hc'),
(99, 18, '2024-06-20 09:50:21', 'completed', 'hc'),
(101, 1, '2024-06-29 19:13:26', 'completed', 'hc'),
(102, 1, '2024-06-29 19:19:07', 'completed', 'hc'),
(103, 1, '2024-06-29 19:19:49', 'completed', 'hc'),
(104, 1, '2024-06-29 19:20:39', 'completed', 'hc'),
(105, 1, '2024-06-29 19:20:53', 'completed', 'hc'),
(106, 1, '2024-06-29 19:22:54', 'completed', 'hc'),
(107, 1, '2024-06-29 19:25:40', 'completed', 'hc'),
(108, 1, '2024-06-29 19:50:41', 'completed', 'hc'),
(109, 1, '2024-06-29 19:52:15', 'completed', 'hc');

-- --------------------------------------------------------

--
-- Table structure for table `as_geninfo_pl`
--

CREATE TABLE `as_geninfo_pl` (
  `id` int(11) NOT NULL,
  `assessments_assessment_id` int(11) DEFAULT NULL,
  `assessments_user_id` int(11) DEFAULT NULL,
  `assessments_assessment_date` datetime DEFAULT NULL,
  `assessments_status` varchar(255) DEFAULT NULL,
  `assessments_assessment_type` varchar(255) DEFAULT NULL,
  `geninfo_tr_id` int(11) DEFAULT NULL,
  `geninfo_tr_company_name` varchar(255) DEFAULT NULL,
  `geninfo_tr_industry` varchar(255) DEFAULT NULL,
  `geninfo_tr_function` varchar(255) DEFAULT NULL,
  `geninfo_tr_company_size` varchar(255) DEFAULT NULL,
  `geninfo_tr_annual_turnover` varchar(255) DEFAULT NULL,
  `geninfo_tr_job_title` varchar(255) DEFAULT NULL,
  `geninfo_tr_user_id` int(11) DEFAULT NULL,
  `consultation_consultation_id` int(11) DEFAULT NULL,
  `consultation_assessment_id` int(11) DEFAULT NULL,
  `consultation_consultation_date` datetime DEFAULT NULL,
  `consultation_progress` varchar(255) DEFAULT NULL,
  `consultation_user_id` int(11) DEFAULT NULL
) ENGINE=InnoDB DEFAULT CHARSET=utf8mb4 COLLATE=utf8mb4_general_ci;

--
-- Dumping data for table `as_geninfo_pl`
--

INSERT INTO `as_geninfo_pl` (`id`, `assessments_assessment_id`, `assessments_user_id`, `assessments_assessment_date`, `assessments_status`, `assessments_assessment_type`, `geninfo_tr_id`, `geninfo_tr_company_name`, `geninfo_tr_industry`, `geninfo_tr_function`, `geninfo_tr_company_size`, `geninfo_tr_annual_turnover`, `geninfo_tr_job_title`, `geninfo_tr_user_id`, `consultation_consultation_id`, `consultation_assessment_id`, `consultation_consultation_date`, `consultation_progress`, `consultation_user_id`) VALUES
(611, 108, 1, '2024-06-29 19:50:41', 'completed', 'hc', 22, 'test0', 'Manufacturing', 'Operations/Production', '1-50', 'Less than $1M', 'Manager', 1, NULL, NULL, NULL, NULL, NULL),
(612, 109, 1, '2024-06-29 19:52:15', 'completed', 'hc', 22, 'test0', 'Manufacturing', 'Operations/Production', '1-50', 'Less than $1M', 'Manager', 1, NULL, NULL, NULL, NULL, NULL),
(613, 59, 1, '2024-06-19 17:52:07', 'completed', 'hc', 22, 'test0', 'Manufacturing', 'Operations/Production', '1-50', 'Less than $1M', 'Manager', 1, 5, 59, '2024-06-30 00:03:25', 'completed', 1),
(614, 60, 10, '2024-06-19 17:52:35', 'completed', 'hc', 24, 'test1', 'Finance', 'Sustainability', '51-200', '$1M to $10M', 'Director', 10, NULL, NULL, NULL, NULL, NULL),
(615, 61, 11, '2024-06-19 17:53:13', 'completed', 'hc', 25, 'test2', 'Finance', 'Finance', '51-200', '$1M to $10M', 'Manager', 11, NULL, NULL, NULL, NULL, NULL),
(616, 62, 12, '2024-06-19 17:54:34', 'completed', 'hc', 27, 'test3', 'Healthcare', 'Legal/Risk', '201-500', 'Less than $1M', 'Executive', 12, NULL, NULL, NULL, NULL, NULL),
(617, 63, 13, '2024-06-19 17:55:02', 'completed', 'hc', 26, 'test4', 'Healthcare', 'Sustainability', '1-50', 'Less than $1M', 'Manager', 13, NULL, NULL, NULL, NULL, NULL),
(618, 64, 14, '2024-06-19 17:55:31', 'completed', 'hc', 28, 'test5', 'Manufacturing', 'Finance', '51-200', '$50M to $100M', 'Admin', 14, NULL, NULL, NULL, NULL, NULL),
(619, 65, 15, '2024-06-19 17:58:26', 'completed', 'hc', 29, 'test6', 'Manufacturing', 'Operations/Production', '201-500', '$10M to $50M', 'Director', 15, NULL, NULL, NULL, NULL, NULL),
(620, 66, 16, '2024-06-19 18:01:41', 'completed', 'hc', 30, 'test7', 'Finance', 'HR', '51-200', '$10M to $50M', 'Director', 16, NULL, NULL, NULL, NULL, NULL),
(621, 67, 17, '2024-06-19 18:02:46', 'completed', 'hc', 31, 'test8', 'Healthcare', 'IT/Technology', '1001+', 'More than $100M', 'Director', 17, NULL, NULL, NULL, NULL, NULL),
(622, 68, 18, '2024-06-19 18:03:51', 'completed', 'hc', 32, 'test9', 'Manufacturing', 'Supply Chain Management', '201-500', '$10M to $50M', 'Executive', 18, NULL, NULL, NULL, NULL, NULL),
(623, 70, 1, '2024-06-20 09:24:04', 'completed', 'ma', 22, 'test0', 'Manufacturing', 'Operations/Production', '1-50', 'Less than $1M', 'Manager', 1, NULL, NULL, NULL, NULL, NULL),
(624, 71, 1, '2024-06-20 09:24:40', 'completed', 'hc', 22, 'test0', 'Manufacturing', 'Operations/Production', '1-50', 'Less than $1M', 'Manager', 1, 4, 71, '2024-06-30 00:03:01', 'in_progress', 1),
(625, 72, 1, '2024-06-20 09:24:51', 'completed', 'hc', 22, 'test0', 'Manufacturing', 'Operations/Production', '1-50', 'Less than $1M', 'Manager', 1, 3, 72, '2024-06-30 00:02:53', 'pending', 1),
(626, 73, 10, '2024-06-20 09:25:32', 'completed', 'ma', 24, 'test1', 'Finance', 'Sustainability', '51-200', '$1M to $10M', 'Director', 10, NULL, NULL, NULL, NULL, NULL),
(627, 74, 10, '2024-06-20 09:26:41', 'completed', 'hc', 24, 'test1', 'Finance', 'Sustainability', '51-200', '$1M to $10M', 'Director', 10, NULL, NULL, NULL, NULL, NULL),
(628, 75, 10, '2024-06-20 09:27:17', 'completed', 'ma', 24, 'test1', 'Finance', 'Sustainability', '51-200', '$1M to $10M', 'Director', 10, NULL, NULL, NULL, NULL, NULL),
(629, 76, 10, '2024-06-20 09:27:25', 'completed', 'hc', 24, 'test1', 'Finance', 'Sustainability', '51-200', '$1M to $10M', 'Director', 10, NULL, NULL, NULL, NULL, NULL),
(630, 77, 11, '2024-06-20 09:28:47', 'completed', 'ma', 25, 'test2', 'Finance', 'Finance', '51-200', '$1M to $10M', 'Manager', 11, NULL, NULL, NULL, NULL, NULL),
(631, 78, 11, '2024-06-20 09:29:00', 'completed', 'hc', 25, 'test2', 'Finance', 'Finance', '51-200', '$1M to $10M', 'Manager', 11, NULL, NULL, NULL, NULL, NULL),
(632, 79, 12, '2024-06-20 09:29:21', 'completed', 'hc', 27, 'test3', 'Healthcare', 'Legal/Risk', '201-500', 'Less than $1M', 'Executive', 12, NULL, NULL, NULL, NULL, NULL),
(633, 80, 12, '2024-06-20 09:29:48', 'completed', 'ma', 27, 'test3', 'Healthcare', 'Legal/Risk', '201-500', 'Less than $1M', 'Executive', 12, NULL, NULL, NULL, NULL, NULL),
(634, 81, 12, '2024-06-20 09:29:56', 'completed', 'hc', 27, 'test3', 'Healthcare', 'Legal/Risk', '201-500', 'Less than $1M', 'Executive', 12, NULL, NULL, NULL, NULL, NULL),
(635, 82, 13, '2024-06-20 09:30:20', 'completed', 'hc', 26, 'test4', 'Healthcare', 'Sustainability', '1-50', 'Less than $1M', 'Manager', 13, NULL, NULL, NULL, NULL, NULL),
(636, 83, 13, '2024-06-20 09:30:45', 'completed', 'hc', 26, 'test4', 'Healthcare', 'Sustainability', '1-50', 'Less than $1M', 'Manager', 13, NULL, NULL, NULL, NULL, NULL),
(637, 84, 14, '2024-06-20 09:32:12', 'completed', 'ma', 28, 'test5', 'Manufacturing', 'Finance', '51-200', '$50M to $100M', 'Admin', 14, NULL, NULL, NULL, NULL, NULL),
(638, 85, 14, '2024-06-20 09:32:23', 'completed', 'hc', 28, 'test5', 'Manufacturing', 'Finance', '51-200', '$50M to $100M', 'Admin', 14, NULL, NULL, NULL, NULL, NULL),
(639, 86, 14, '2024-06-20 09:32:30', 'completed', 'hc', 28, 'test5', 'Manufacturing', 'Finance', '51-200', '$50M to $100M', 'Admin', 14, NULL, NULL, NULL, NULL, NULL),
(640, 87, 15, '2024-06-20 09:32:55', 'completed', 'hc', 29, 'test6', 'Manufacturing', 'Operations/Production', '201-500', '$10M to $50M', 'Director', 15, NULL, NULL, NULL, NULL, NULL),
(641, 88, 15, '2024-06-20 09:33:03', 'completed', 'hc', 29, 'test6', 'Manufacturing', 'Operations/Production', '201-500', '$10M to $50M', 'Director', 15, NULL, NULL, NULL, NULL, NULL),
(642, 89, 15, '2024-06-20 09:33:32', 'completed', 'ma', 29, 'test6', 'Manufacturing', 'Operations/Production', '201-500', '$10M to $50M', 'Director', 15, NULL, NULL, NULL, NULL, NULL),
(643, 90, 17, '2024-06-20 09:34:06', 'completed', 'ma', 31, 'test8', 'Healthcare', 'IT/Technology', '1001+', 'More than $100M', 'Director', 17, NULL, NULL, NULL, NULL, NULL),
(644, 91, 17, '2024-06-20 09:34:25', 'completed', 'ma', 31, 'test8', 'Healthcare', 'IT/Technology', '1001+', 'More than $100M', 'Director', 17, NULL, NULL, NULL, NULL, NULL),
(645, 92, 16, '2024-06-20 09:35:41', 'completed', 'hc', 30, 'test7', 'Finance', 'HR', '51-200', '$10M to $50M', 'Director', 16, NULL, NULL, NULL, NULL, NULL),
(646, 93, 16, '2024-06-20 09:35:49', 'completed', 'hc', 30, 'test7', 'Finance', 'HR', '51-200', '$10M to $50M', 'Director', 16, NULL, NULL, NULL, NULL, NULL),
(647, 94, 16, '2024-06-20 09:36:33', 'completed', 'ma', 30, 'test7', 'Finance', 'HR', '51-200', '$10M to $50M', 'Director', 16, NULL, NULL, NULL, NULL, NULL),
(648, 95, 18, '2024-06-20 09:37:07', 'completed', 'hc', 32, 'test9', 'Manufacturing', 'Supply Chain Management', '201-500', '$10M to $50M', 'Executive', 18, NULL, NULL, NULL, NULL, NULL),
(649, 96, 18, '2024-06-20 09:37:16', 'completed', 'hc', 32, 'test9', 'Manufacturing', 'Supply Chain Management', '201-500', '$10M to $50M', 'Executive', 18, NULL, NULL, NULL, NULL, NULL),
(650, 97, 18, '2024-06-20 09:37:41', 'completed', 'ma', 32, 'test9', 'Manufacturing', 'Supply Chain Management', '201-500', '$10M to $50M', 'Executive', 18, NULL, NULL, NULL, NULL, NULL),
(651, 98, 18, '2024-06-20 09:48:28', 'completed', 'hc', 32, 'test9', 'Manufacturing', 'Supply Chain Management', '201-500', '$10M to $50M', 'Executive', 18, NULL, NULL, NULL, NULL, NULL),
(652, 99, 18, '2024-06-20 09:50:21', 'completed', 'hc', 32, 'test9', 'Manufacturing', 'Supply Chain Management', '201-500', '$10M to $50M', 'Executive', 18, NULL, NULL, NULL, NULL, NULL),
(653, 101, 1, '2024-06-29 19:13:26', 'completed', 'hc', 22, 'test0', 'Manufacturing', 'Operations/Production', '1-50', 'Less than $1M', 'Manager', 1, NULL, NULL, NULL, NULL, NULL),
(654, 102, 1, '2024-06-29 19:19:07', 'completed', 'hc', 22, 'test0', 'Manufacturing', 'Operations/Production', '1-50', 'Less than $1M', 'Manager', 1, NULL, NULL, NULL, NULL, NULL),
(655, 103, 1, '2024-06-29 19:19:49', 'completed', 'hc', 22, 'test0', 'Manufacturing', 'Operations/Production', '1-50', 'Less than $1M', 'Manager', 1, NULL, NULL, NULL, NULL, NULL),
(656, 104, 1, '2024-06-29 19:20:39', 'completed', 'hc', 22, 'test0', 'Manufacturing', 'Operations/Production', '1-50', 'Less than $1M', 'Manager', 1, NULL, NULL, NULL, NULL, NULL),
(657, 105, 1, '2024-06-29 19:20:53', 'completed', 'hc', 22, 'test0', 'Manufacturing', 'Operations/Production', '1-50', 'Less than $1M', 'Manager', 1, NULL, NULL, NULL, NULL, NULL),
(658, 106, 1, '2024-06-29 19:22:54', 'completed', 'hc', 22, 'test0', 'Manufacturing', 'Operations/Production', '1-50', 'Less than $1M', 'Manager', 1, NULL, NULL, NULL, NULL, NULL),
(659, 107, 1, '2024-06-29 19:25:40', 'completed', 'hc', 22, 'test0', 'Manufacturing', 'Operations/Production', '1-50', 'Less than $1M', 'Manager', 1, NULL, NULL, NULL, NULL, NULL);

-- --------------------------------------------------------

--
-- Table structure for table `consultation`
--

CREATE TABLE `consultation` (
  `consultation_id` int(11) NOT NULL,
  `assessment_id` int(11) NOT NULL,
  `consultation_date` timestamp NOT NULL DEFAULT current_timestamp(),
  `progress` enum('pending','in_progress','completed') DEFAULT 'pending',
  `user_id` int(11) NOT NULL
) ENGINE=InnoDB DEFAULT CHARSET=utf8mb4 COLLATE=utf8mb4_general_ci;

--
-- Dumping data for table `consultation`
--

INSERT INTO `consultation` (`consultation_id`, `assessment_id`, `consultation_date`, `progress`, `user_id`) VALUES
(3, 72, '2024-06-29 16:02:53', 'pending', 1),
(4, 71, '2024-06-29 16:03:01', 'in_progress', 1),
(5, 59, '2024-06-29 16:03:25', 'completed', 1);

-- --------------------------------------------------------

--
-- Table structure for table `geninfo_mt`
--

CREATE TABLE `geninfo_mt` (
  `id` int(11) NOT NULL,
  `type` varchar(50) NOT NULL,
  `value` varchar(100) NOT NULL
) ENGINE=InnoDB DEFAULT CHARSET=utf8mb4 COLLATE=utf8mb4_general_ci;

--
-- Dumping data for table `geninfo_mt`
--

INSERT INTO `geninfo_mt` (`id`, `type`, `value`) VALUES
(1, 'industry', 'Manufacturing'),
(2, 'industry', 'Finance'),
(3, 'industry', 'Healthcare'),
(4, 'industry', 'Education'),
(5, 'industry', 'Service'),
(6, 'industry', 'Construction'),
(7, 'function', 'Sustainability'),
(8, 'function', 'Finance'),
(9, 'function', 'Legal/Risk'),
(10, 'function', 'IT/Technology'),
(11, 'function', 'Operations/Production'),
(12, 'function', 'R&D'),
(13, 'function', 'HR'),
(14, 'function', 'Supply Chain Management'),
(15, 'company_size', '1-50'),
(16, 'company_size', '51-200'),
(17, 'company_size', '201-500'),
(18, 'company_size', '501-1000'),
(19, 'company_size', '1001+'),
(20, 'annual_turnover', 'Less than $1M'),
(21, 'annual_turnover', '$1M to $10M'),
(22, 'annual_turnover', '$10M to $50M'),
(23, 'annual_turnover', '$50M to $100M'),
(24, 'annual_turnover', 'More than $100M'),
(25, 'job_title', 'Manager'),
(26, 'job_title', 'Director'),
(27, 'job_title', 'Chief'),
(28, 'job_title', 'Executive'),
(29, 'job_title', 'Admin');

-- --------------------------------------------------------

--
-- Table structure for table `geninfo_tr`
--

CREATE TABLE `geninfo_tr` (
  `id` int(11) NOT NULL,
  `company_name` varchar(100) NOT NULL,
  `industry` varchar(100) NOT NULL,
  `function` varchar(100) NOT NULL,
  `company_size` varchar(50) NOT NULL,
  `annual_turnover` varchar(50) NOT NULL,
  `job_title` varchar(100) NOT NULL,
  `user_id` int(11) DEFAULT NULL
) ENGINE=InnoDB DEFAULT CHARSET=utf8mb4 COLLATE=utf8mb4_general_ci;

--
-- Dumping data for table `geninfo_tr`
--

INSERT INTO `geninfo_tr` (`id`, `company_name`, `industry`, `function`, `company_size`, `annual_turnover`, `job_title`, `user_id`) VALUES
(22, 'test0', 'Manufacturing', 'Operations/Production', '1-50', 'Less than $1M', 'Manager', 1),
(24, 'test1', 'Finance', 'Sustainability', '51-200', '$1M to $10M', 'Director', 10),
(25, 'test2', 'Finance', 'Finance', '51-200', '$1M to $10M', 'Manager', 11),
(26, 'test4', 'Healthcare', 'Sustainability', '1-50', 'Less than $1M', 'Manager', 13),
(27, 'test3', 'Healthcare', 'Legal/Risk', '201-500', 'Less than $1M', 'Executive', 12),
(28, 'test5', 'Manufacturing', 'Finance', '51-200', '$50M to $100M', 'Admin', 14),
(29, 'test6', 'Manufacturing', 'Operations/Production', '201-500', '$10M to $50M', 'Director', 15),
(30, 'test7', 'Finance', 'HR', '51-200', '$10M to $50M', 'Director', 16),
(31, 'test8', 'Healthcare', 'IT/Technology', '1001+', 'More than $100M', 'Director', 17),
(32, 'test9', 'Manufacturing', 'Supply Chain Management', '201-500', '$10M to $50M', 'Executive', 18);

-- --------------------------------------------------------

--
-- Table structure for table `hc_mt`
--

CREATE TABLE `hc_mt` (
  `question_id` int(11) NOT NULL,
  `question_text` text NOT NULL,
  `response_type` enum('YES','NO') NOT NULL,
  `part` varchar(20) NOT NULL,
  `industry` varchar(255) NOT NULL
) ENGINE=InnoDB DEFAULT CHARSET=utf8mb4 COLLATE=utf8mb4_general_ci;

--
-- Dumping data for table `hc_mt`
--

INSERT INTO `hc_mt` (`question_id`, `question_text`, `response_type`, `part`, `industry`) VALUES
(1, 'Does the company have and adhere to an environmental policy which sets out clear commitments and targets to improve the company’s environmental footprint?', 'YES', 'Environmental', 'Manufacturing'),
(2, 'Does the company\'s environmental policy have executive and/or board-level commitment, support, and endorsement?', 'YES', 'Environmental', 'Finance'),
(3, 'Does the company conduct environmental risk and opportunity assessments of their activities?', 'YES', 'Environmental', 'Healthcare'),
(4, 'Does the environmental policy cover climate change issues that could be relevant to the company?', 'YES', 'Environmental', 'Manufacturing'),
(5, 'Does the company have and adhere to an occupational health & safety (OHS) policy which sets out clear commitments and targets to improve worker health & safety?', 'YES', 'Environmental', 'Finance'),
(6, 'Does the company\'s OHS policy have executive and/or board-level commitment, support, and endorsement?', 'YES', 'Social', 'Healthcare'),
(7, 'Does the company provide employees and senior management with OHS induction/training where necessary?', 'YES', 'Social', 'Manufacturing'),
(8, 'Does the company have and adhere to a policy which sets out clear commitments and targets that cover discrimination and child, forced or compulsory labour in its workforce and its supply chain?', 'YES', 'Social', 'Healthcare'),
(9, 'Do all employees have formal contracts of employment?', 'YES', 'Social', 'Manufacturing'),
(10, 'Do all employees meet minimum age standards and regulations?', 'YES', 'Social', 'Finance'),
(11, 'Does the Board of Directors include executive and non-executive directors?', 'YES', 'Social', 'Healthcare'),
(12, 'Is the Chairman of the Board independent?', 'YES', 'Social', 'Manufacturing'),
(13, 'Does the company have a diverse board and a policy for ensuring diversity of board members?', 'YES', 'Governance', 'Manufacturing'),
(14, 'Does the company have and abide by a code of ethics/conduct or values statement to guide company conduct with honesty and integrity?', 'YES', 'Governance', 'Healthcare'),
(15, 'Is the company\'s code of ethics/conduct or values statement regularly reviewed and updated accordingly?', 'YES', 'Governance', 'Finance'),
(16, 'Does the company actively safeguard against illegal practices?', 'YES', 'Governance', 'Manufacturing');

-- --------------------------------------------------------

--
-- Table structure for table `hc_pl`
--

CREATE TABLE `hc_pl` (
  `id` int(11) NOT NULL,
  `hc_tr_analysis_response_id` int(11) NOT NULL,
  `hc_tr_analysis_response_date` date NOT NULL,
  `hc_tr_analysis_assessment_id` int(11) NOT NULL,
  `hc_tr_analysis_question_id` int(11) DEFAULT NULL,
  `hc_tr_analysis_user_id` int(11) NOT NULL,
  `hc_tr_analysis_response` varchar(255) DEFAULT NULL,
  `hc_tr_analysis_part` varchar(255) DEFAULT NULL,
  `hc_tr_analysis_calc_id` int(11) DEFAULT NULL,
  `hc_tr_analysis_calc_part` varchar(255) DEFAULT NULL,
  `hc_tr_analysis_calc_score` float DEFAULT NULL,
  `hc_tr_analysis_calc_original_id` int(11) DEFAULT NULL,
  `hc_tr_analysis_calc_assessment_id` int(11) DEFAULT NULL,
  `hc_mt_question_text` varchar(255) DEFAULT NULL
) ENGINE=InnoDB DEFAULT CHARSET=utf8mb4 COLLATE=utf8mb4_general_ci;

--
-- Dumping data for table `hc_pl`
--

INSERT INTO `hc_pl` (`id`, `hc_tr_analysis_response_id`, `hc_tr_analysis_response_date`, `hc_tr_analysis_assessment_id`, `hc_tr_analysis_question_id`, `hc_tr_analysis_user_id`, `hc_tr_analysis_response`, `hc_tr_analysis_part`, `hc_tr_analysis_calc_id`, `hc_tr_analysis_calc_part`, `hc_tr_analysis_calc_score`, `hc_tr_analysis_calc_original_id`, `hc_tr_analysis_calc_assessment_id`, `hc_mt_question_text`) VALUES
(991, 472, '2024-06-19', 59, 1, 1, 'YES', 'Environmental', 400, 'Environmental', 1, 472, 59, 'Does the company have and adhere to an environmental policy which sets out clear commitments and targets to improve the company’s environmental footprint?'),
(992, 473, '2024-06-19', 59, 4, 1, 'YES', 'Environmental', 401, 'Environmental', 1, 473, 59, 'Does the environmental policy cover climate change issues that could be relevant to the company?'),
(993, 474, '2024-06-19', 59, 13, 1, 'YES', 'Governance', 402, 'Governance', 1, 474, 59, 'Does the company have a diverse board and a policy for ensuring diversity of board members?'),
(994, 475, '2024-06-19', 59, 16, 1, 'YES', 'Governance', 403, 'Governance', 1, 475, 59, 'Does the company actively safeguard against illegal practices?'),
(995, 476, '2024-06-19', 59, 7, 1, 'YES', 'Social', 404, 'Social', 1, 476, 59, 'Does the company provide employees and senior management with OHS induction/training where necessary?'),
(996, 477, '2024-06-19', 59, 9, 1, 'YES', 'Social', 405, 'Social', 1, 477, 59, 'Do all employees have formal contracts of employment?'),
(997, 478, '2024-06-19', 59, 12, 1, 'YES', 'Social', 406, 'Social', 1, 478, 59, 'Is the Chairman of the Board independent?'),
(998, 479, '2024-06-19', 60, 2, 10, 'YES', 'Environmental', 407, 'Environmental', 1, 479, 60, 'Does the company\'s environmental policy have executive and/or board-level commitment, support, and endorsement?'),
(999, 480, '2024-06-19', 60, 5, 10, 'YES', 'Environmental', 408, 'Environmental', 1, 480, 60, 'Does the company have and adhere to an occupational health & safety (OHS) policy which sets out clear commitments and targets to improve worker health & safety?'),
(1000, 481, '2024-06-19', 60, 15, 10, 'YES', 'Governance', 409, 'Governance', 1, 481, 60, 'Is the company\'s code of ethics/conduct or values statement regularly reviewed and updated accordingly?'),
(1001, 482, '2024-06-19', 60, 10, 10, 'YES', 'Social', 410, 'Social', 1, 482, 60, 'Do all employees meet minimum age standards and regulations?'),
(1002, 483, '2024-06-19', 61, 2, 11, 'NO', 'Environmental', 411, 'Environmental', 0, 483, 61, 'Does the company\'s environmental policy have executive and/or board-level commitment, support, and endorsement?'),
(1003, 484, '2024-06-19', 61, 5, 11, 'YES', 'Environmental', 412, 'Environmental', 1, 484, 61, 'Does the company have and adhere to an occupational health & safety (OHS) policy which sets out clear commitments and targets to improve worker health & safety?'),
(1004, 485, '2024-06-19', 61, 15, 11, 'NO', 'Governance', 413, 'Governance', 0, 485, 61, 'Is the company\'s code of ethics/conduct or values statement regularly reviewed and updated accordingly?'),
(1005, 486, '2024-06-19', 61, 10, 11, 'YES', 'Social', 414, 'Social', 1, 486, 61, 'Do all employees meet minimum age standards and regulations?'),
(1006, 487, '2024-06-19', 62, 3, 12, 'YES', 'Environmental', 415, 'Environmental', 1, 487, 62, 'Does the company conduct environmental risk and opportunity assessments of their activities?'),
(1007, 488, '2024-06-19', 62, 14, 12, 'NO', 'Governance', 416, 'Governance', 0, 488, 62, 'Does the company have and abide by a code of ethics/conduct or values statement to guide company conduct with honesty and integrity?'),
(1008, 489, '2024-06-19', 62, 6, 12, 'YES', 'Social', 417, 'Social', 1, 489, 62, 'Does the company\'s OHS policy have executive and/or board-level commitment, support, and endorsement?'),
(1009, 490, '2024-06-19', 62, 8, 12, 'YES', 'Social', 418, 'Social', 1, 490, 62, 'Does the company have and adhere to a policy which sets out clear commitments and targets that cover discrimination and child, forced or compulsory labour in its workforce and its supply chain?'),
(1010, 491, '2024-06-19', 62, 11, 12, 'YES', 'Social', 419, 'Social', 1, 491, 62, 'Does the Board of Directors include executive and non-executive directors?'),
(1011, 492, '2024-06-19', 63, 3, 13, 'YES', 'Environmental', 420, 'Environmental', 1, 492, 63, 'Does the company conduct environmental risk and opportunity assessments of their activities?'),
(1012, 493, '2024-06-19', 63, 14, 13, 'NO', 'Governance', 421, 'Governance', 0, 493, 63, 'Does the company have and abide by a code of ethics/conduct or values statement to guide company conduct with honesty and integrity?'),
(1013, 494, '2024-06-19', 63, 6, 13, 'NO', 'Social', 422, 'Social', 0, 494, 63, 'Does the company\'s OHS policy have executive and/or board-level commitment, support, and endorsement?'),
(1014, 495, '2024-06-19', 63, 8, 13, 'YES', 'Social', 423, 'Social', 1, 495, 63, 'Does the company have and adhere to a policy which sets out clear commitments and targets that cover discrimination and child, forced or compulsory labour in its workforce and its supply chain?'),
(1015, 496, '2024-06-19', 63, 11, 13, 'NO', 'Social', 424, 'Social', 0, 496, 63, 'Does the Board of Directors include executive and non-executive directors?'),
(1016, 497, '2024-06-19', 64, 1, 14, 'NO', 'Environmental', 425, 'Environmental', 0, 497, 64, 'Does the company have and adhere to an environmental policy which sets out clear commitments and targets to improve the company’s environmental footprint?'),
(1017, 498, '2024-06-19', 64, 4, 14, 'NO', 'Environmental', 426, 'Environmental', 0, 498, 64, 'Does the environmental policy cover climate change issues that could be relevant to the company?'),
(1018, 499, '2024-06-19', 64, 13, 14, 'YES', 'Governance', 427, 'Governance', 1, 499, 64, 'Does the company have a diverse board and a policy for ensuring diversity of board members?'),
(1019, 500, '2024-06-19', 64, 16, 14, 'YES', 'Governance', 428, 'Governance', 1, 500, 64, 'Does the company actively safeguard against illegal practices?'),
(1020, 501, '2024-06-19', 64, 7, 14, 'NO', 'Social', 429, 'Social', 0, 501, 64, 'Does the company provide employees and senior management with OHS induction/training where necessary?'),
(1021, 502, '2024-06-19', 64, 9, 14, 'YES', 'Social', 430, 'Social', 1, 502, 64, 'Do all employees have formal contracts of employment?'),
(1022, 503, '2024-06-19', 64, 12, 14, 'YES', 'Social', 431, 'Social', 1, 503, 64, 'Is the Chairman of the Board independent?'),
(1023, 504, '2024-06-19', 65, 1, 15, 'YES', 'Environmental', 432, 'Environmental', 1, 504, 65, 'Does the company have and adhere to an environmental policy which sets out clear commitments and targets to improve the company’s environmental footprint?'),
(1024, 505, '2024-06-19', 65, 4, 15, 'NO', 'Environmental', 433, 'Environmental', 0, 505, 65, 'Does the environmental policy cover climate change issues that could be relevant to the company?'),
(1025, 506, '2024-06-19', 65, 13, 15, 'YES', 'Governance', 434, 'Governance', 1, 506, 65, 'Does the company have a diverse board and a policy for ensuring diversity of board members?'),
(1026, 507, '2024-06-19', 65, 16, 15, 'YES', 'Governance', 435, 'Governance', 1, 507, 65, 'Does the company actively safeguard against illegal practices?'),
(1027, 508, '2024-06-19', 65, 7, 15, 'NO', 'Social', 436, 'Social', 0, 508, 65, 'Does the company provide employees and senior management with OHS induction/training where necessary?'),
(1028, 509, '2024-06-19', 65, 9, 15, 'YES', 'Social', 437, 'Social', 1, 509, 65, 'Do all employees have formal contracts of employment?'),
(1029, 510, '2024-06-19', 65, 12, 15, 'YES', 'Social', 438, 'Social', 1, 510, 65, 'Is the Chairman of the Board independent?'),
(1030, 511, '2024-06-19', 66, 2, 16, 'YES', 'Environmental', 439, 'Environmental', 1, 511, 66, 'Does the company\'s environmental policy have executive and/or board-level commitment, support, and endorsement?'),
(1031, 512, '2024-06-19', 66, 5, 16, 'YES', 'Environmental', 440, 'Environmental', 1, 512, 66, 'Does the company have and adhere to an occupational health & safety (OHS) policy which sets out clear commitments and targets to improve worker health & safety?'),
(1032, 513, '2024-06-19', 66, 15, 16, 'NO', 'Governance', 441, 'Governance', 0, 513, 66, 'Is the company\'s code of ethics/conduct or values statement regularly reviewed and updated accordingly?'),
(1033, 514, '2024-06-19', 66, 10, 16, 'NO', 'Social', 442, 'Social', 0, 514, 66, 'Do all employees meet minimum age standards and regulations?'),
(1034, 515, '2024-06-19', 67, 3, 17, 'YES', 'Environmental', 443, 'Environmental', 1, 515, 67, 'Does the company conduct environmental risk and opportunity assessments of their activities?'),
(1035, 516, '2024-06-19', 67, 14, 17, 'YES', 'Governance', 444, 'Governance', 1, 516, 67, 'Does the company have and abide by a code of ethics/conduct or values statement to guide company conduct with honesty and integrity?'),
(1036, 517, '2024-06-19', 67, 6, 17, 'YES', 'Social', 445, 'Social', 1, 517, 67, 'Does the company\'s OHS policy have executive and/or board-level commitment, support, and endorsement?'),
(1037, 518, '2024-06-19', 67, 8, 17, 'YES', 'Social', 446, 'Social', 1, 518, 67, 'Does the company have and adhere to a policy which sets out clear commitments and targets that cover discrimination and child, forced or compulsory labour in its workforce and its supply chain?'),
(1038, 519, '2024-06-19', 67, 11, 17, 'YES', 'Social', 447, 'Social', 1, 519, 67, 'Does the Board of Directors include executive and non-executive directors?'),
(1039, 520, '2024-06-19', 68, 1, 18, 'NO', 'Environmental', 448, 'Environmental', 0, 520, 68, 'Does the company have and adhere to an environmental policy which sets out clear commitments and targets to improve the company’s environmental footprint?'),
(1040, 521, '2024-06-19', 68, 4, 18, 'YES', 'Environmental', 449, 'Environmental', 1, 521, 68, 'Does the environmental policy cover climate change issues that could be relevant to the company?'),
(1041, 522, '2024-06-19', 68, 13, 18, 'NO', 'Governance', 450, 'Governance', 0, 522, 68, 'Does the company have a diverse board and a policy for ensuring diversity of board members?'),
(1042, 523, '2024-06-19', 68, 16, 18, 'YES', 'Governance', 451, 'Governance', 1, 523, 68, 'Does the company actively safeguard against illegal practices?'),
(1043, 524, '2024-06-19', 68, 7, 18, 'YES', 'Social', 452, 'Social', 1, 524, 68, 'Does the company provide employees and senior management with OHS induction/training where necessary?'),
(1044, 525, '2024-06-19', 68, 9, 18, 'NO', 'Social', 453, 'Social', 0, 525, 68, 'Do all employees have formal contracts of employment?'),
(1045, 526, '2024-06-19', 68, 12, 18, 'NO', 'Social', 454, 'Social', 0, 526, 68, 'Is the Chairman of the Board independent?'),
(1046, 527, '2024-06-20', 71, 1, 1, 'NO', 'Environmental', 455, 'Environmental', 0, 527, 71, 'Does the company have and adhere to an environmental policy which sets out clear commitments and targets to improve the company’s environmental footprint?'),
(1047, 528, '2024-06-20', 71, 4, 1, 'YES', 'Environmental', 456, 'Environmental', 1, 528, 71, 'Does the environmental policy cover climate change issues that could be relevant to the company?'),
(1048, 529, '2024-06-20', 71, 13, 1, 'NO', 'Governance', 457, 'Governance', 0, 529, 71, 'Does the company have a diverse board and a policy for ensuring diversity of board members?'),
(1049, 530, '2024-06-20', 71, 16, 1, 'NO', 'Governance', 458, 'Governance', 0, 530, 71, 'Does the company actively safeguard against illegal practices?'),
(1050, 531, '2024-06-20', 71, 7, 1, 'YES', 'Social', 459, 'Social', 1, 531, 71, 'Does the company provide employees and senior management with OHS induction/training where necessary?'),
(1051, 532, '2024-06-20', 71, 9, 1, 'NO', 'Social', 460, 'Social', 0, 532, 71, 'Do all employees have formal contracts of employment?'),
(1052, 533, '2024-06-20', 71, 12, 1, 'NO', 'Social', 461, 'Social', 0, 533, 71, 'Is the Chairman of the Board independent?'),
(1053, 534, '2024-06-20', 72, 1, 1, 'YES', 'Environmental', 462, 'Environmental', 1, 534, 72, 'Does the company have and adhere to an environmental policy which sets out clear commitments and targets to improve the company’s environmental footprint?'),
(1054, 535, '2024-06-20', 72, 4, 1, 'YES', 'Environmental', 463, 'Environmental', 1, 535, 72, 'Does the environmental policy cover climate change issues that could be relevant to the company?'),
(1055, 536, '2024-06-20', 72, 13, 1, 'YES', 'Governance', 464, 'Governance', 1, 536, 72, 'Does the company have a diverse board and a policy for ensuring diversity of board members?'),
(1056, 537, '2024-06-20', 72, 16, 1, 'NO', 'Governance', 465, 'Governance', 0, 537, 72, 'Does the company actively safeguard against illegal practices?'),
(1057, 538, '2024-06-20', 72, 7, 1, 'YES', 'Social', 466, 'Social', 1, 538, 72, 'Does the company provide employees and senior management with OHS induction/training where necessary?'),
(1058, 539, '2024-06-20', 72, 9, 1, 'YES', 'Social', 467, 'Social', 1, 539, 72, 'Do all employees have formal contracts of employment?'),
(1059, 540, '2024-06-20', 72, 12, 1, 'NO', 'Social', 468, 'Social', 0, 540, 72, 'Is the Chairman of the Board independent?'),
(1060, 541, '2024-06-20', 74, 2, 10, 'YES', 'Environmental', 469, 'Environmental', 1, 541, 74, 'Does the company\'s environmental policy have executive and/or board-level commitment, support, and endorsement?'),
(1061, 542, '2024-06-20', 74, 5, 10, 'YES', 'Environmental', 470, 'Environmental', 1, 542, 74, 'Does the company have and adhere to an occupational health & safety (OHS) policy which sets out clear commitments and targets to improve worker health & safety?'),
(1062, 543, '2024-06-20', 74, 15, 10, 'YES', 'Governance', 471, 'Governance', 1, 543, 74, 'Is the company\'s code of ethics/conduct or values statement regularly reviewed and updated accordingly?'),
(1063, 544, '2024-06-20', 74, 10, 10, 'YES', 'Social', 472, 'Social', 1, 544, 74, 'Do all employees meet minimum age standards and regulations?'),
(1064, 545, '2024-06-20', 76, 2, 10, 'NO', 'Environmental', 473, 'Environmental', 0, 545, 76, 'Does the company\'s environmental policy have executive and/or board-level commitment, support, and endorsement?'),
(1065, 546, '2024-06-20', 76, 5, 10, 'YES', 'Environmental', 474, 'Environmental', 1, 546, 76, 'Does the company have and adhere to an occupational health & safety (OHS) policy which sets out clear commitments and targets to improve worker health & safety?'),
(1066, 547, '2024-06-20', 76, 15, 10, 'NO', 'Governance', 475, 'Governance', 0, 547, 76, 'Is the company\'s code of ethics/conduct or values statement regularly reviewed and updated accordingly?'),
(1067, 548, '2024-06-20', 76, 10, 10, 'NO', 'Social', 476, 'Social', 0, 548, 76, 'Do all employees meet minimum age standards and regulations?'),
(1068, 549, '2024-06-20', 78, 2, 11, 'NO', 'Environmental', 477, 'Environmental', 0, 549, 78, 'Does the company\'s environmental policy have executive and/or board-level commitment, support, and endorsement?'),
(1069, 550, '2024-06-20', 78, 5, 11, 'NO', 'Environmental', 478, 'Environmental', 0, 550, 78, 'Does the company have and adhere to an occupational health & safety (OHS) policy which sets out clear commitments and targets to improve worker health & safety?'),
(1070, 551, '2024-06-20', 78, 15, 11, 'NO', 'Governance', 479, 'Governance', 0, 551, 78, 'Is the company\'s code of ethics/conduct or values statement regularly reviewed and updated accordingly?'),
(1071, 552, '2024-06-20', 78, 10, 11, 'NO', 'Social', 480, 'Social', 0, 552, 78, 'Do all employees meet minimum age standards and regulations?'),
(1072, 553, '2024-06-20', 79, 3, 12, 'NO', 'Environmental', 481, 'Environmental', 0, 553, 79, 'Does the company conduct environmental risk and opportunity assessments of their activities?'),
(1073, 554, '2024-06-20', 79, 14, 12, 'NO', 'Governance', 482, 'Governance', 0, 554, 79, 'Does the company have and abide by a code of ethics/conduct or values statement to guide company conduct with honesty and integrity?'),
(1074, 555, '2024-06-20', 79, 6, 12, 'YES', 'Social', 483, 'Social', 1, 555, 79, 'Does the company\'s OHS policy have executive and/or board-level commitment, support, and endorsement?'),
(1075, 556, '2024-06-20', 79, 8, 12, 'YES', 'Social', 484, 'Social', 1, 556, 79, 'Does the company have and adhere to a policy which sets out clear commitments and targets that cover discrimination and child, forced or compulsory labour in its workforce and its supply chain?'),
(1076, 557, '2024-06-20', 79, 11, 12, 'YES', 'Social', 485, 'Social', 1, 557, 79, 'Does the Board of Directors include executive and non-executive directors?'),
(1077, 558, '2024-06-20', 81, 3, 12, 'YES', 'Environmental', 486, 'Environmental', 1, 558, 81, 'Does the company conduct environmental risk and opportunity assessments of their activities?'),
(1078, 559, '2024-06-20', 81, 14, 12, 'YES', 'Governance', 487, 'Governance', 1, 559, 81, 'Does the company have and abide by a code of ethics/conduct or values statement to guide company conduct with honesty and integrity?'),
(1079, 560, '2024-06-20', 81, 6, 12, 'YES', 'Social', 488, 'Social', 1, 560, 81, 'Does the company\'s OHS policy have executive and/or board-level commitment, support, and endorsement?'),
(1080, 561, '2024-06-20', 81, 8, 12, 'NO', 'Social', 489, 'Social', 0, 561, 81, 'Does the company have and adhere to a policy which sets out clear commitments and targets that cover discrimination and child, forced or compulsory labour in its workforce and its supply chain?'),
(1081, 562, '2024-06-20', 81, 11, 12, 'YES', 'Social', 490, 'Social', 1, 562, 81, 'Does the Board of Directors include executive and non-executive directors?'),
(1082, 563, '2024-06-20', 82, 3, 13, 'YES', 'Environmental', 491, 'Environmental', 1, 563, 82, 'Does the company conduct environmental risk and opportunity assessments of their activities?'),
(1083, 564, '2024-06-20', 82, 14, 13, 'NO', 'Governance', 492, 'Governance', 0, 564, 82, 'Does the company have and abide by a code of ethics/conduct or values statement to guide company conduct with honesty and integrity?'),
(1084, 565, '2024-06-20', 82, 6, 13, 'YES', 'Social', 493, 'Social', 1, 565, 82, 'Does the company\'s OHS policy have executive and/or board-level commitment, support, and endorsement?'),
(1085, 566, '2024-06-20', 82, 8, 13, 'YES', 'Social', 494, 'Social', 1, 566, 82, 'Does the company have and adhere to a policy which sets out clear commitments and targets that cover discrimination and child, forced or compulsory labour in its workforce and its supply chain?'),
(1086, 567, '2024-06-20', 82, 11, 13, 'YES', 'Social', 495, 'Social', 1, 567, 82, 'Does the Board of Directors include executive and non-executive directors?'),
(1087, 568, '2024-06-20', 83, 3, 13, 'NO', 'Environmental', 496, 'Environmental', 0, 568, 83, 'Does the company conduct environmental risk and opportunity assessments of their activities?'),
(1088, 569, '2024-06-20', 83, 14, 13, 'YES', 'Governance', 497, 'Governance', 1, 569, 83, 'Does the company have and abide by a code of ethics/conduct or values statement to guide company conduct with honesty and integrity?'),
(1089, 570, '2024-06-20', 83, 6, 13, 'NO', 'Social', 498, 'Social', 0, 570, 83, 'Does the company\'s OHS policy have executive and/or board-level commitment, support, and endorsement?'),
(1090, 571, '2024-06-20', 83, 8, 13, 'YES', 'Social', 499, 'Social', 1, 571, 83, 'Does the company have and adhere to a policy which sets out clear commitments and targets that cover discrimination and child, forced or compulsory labour in its workforce and its supply chain?'),
(1091, 572, '2024-06-20', 83, 11, 13, 'YES', 'Social', 500, 'Social', 1, 572, 83, 'Does the Board of Directors include executive and non-executive directors?'),
(1092, 573, '2024-06-20', 85, 1, 14, 'NO', 'Environmental', 501, 'Environmental', 0, 573, 85, 'Does the company have and adhere to an environmental policy which sets out clear commitments and targets to improve the company’s environmental footprint?'),
(1093, 574, '2024-06-20', 85, 4, 14, 'YES', 'Environmental', 502, 'Environmental', 1, 574, 85, 'Does the environmental policy cover climate change issues that could be relevant to the company?'),
(1094, 575, '2024-06-20', 85, 13, 14, 'YES', 'Governance', 503, 'Governance', 1, 575, 85, 'Does the company have a diverse board and a policy for ensuring diversity of board members?'),
(1095, 576, '2024-06-20', 85, 16, 14, 'YES', 'Governance', 504, 'Governance', 1, 576, 85, 'Does the company actively safeguard against illegal practices?'),
(1096, 577, '2024-06-20', 85, 7, 14, 'NO', 'Social', 505, 'Social', 0, 577, 85, 'Does the company provide employees and senior management with OHS induction/training where necessary?'),
(1097, 578, '2024-06-20', 85, 9, 14, 'YES', 'Social', 506, 'Social', 1, 578, 85, 'Do all employees have formal contracts of employment?'),
(1098, 579, '2024-06-20', 85, 12, 14, 'NO', 'Social', 507, 'Social', 0, 579, 85, 'Is the Chairman of the Board independent?'),
(1099, 580, '2024-06-20', 86, 1, 14, 'NO', 'Environmental', 508, 'Environmental', 0, 580, 86, 'Does the company have and adhere to an environmental policy which sets out clear commitments and targets to improve the company’s environmental footprint?'),
(1100, 581, '2024-06-20', 86, 4, 14, 'YES', 'Environmental', 509, 'Environmental', 1, 581, 86, 'Does the environmental policy cover climate change issues that could be relevant to the company?'),
(1101, 582, '2024-06-20', 86, 13, 14, 'YES', 'Governance', 510, 'Governance', 1, 582, 86, 'Does the company have a diverse board and a policy for ensuring diversity of board members?'),
(1102, 583, '2024-06-20', 86, 16, 14, 'YES', 'Governance', 511, 'Governance', 1, 583, 86, 'Does the company actively safeguard against illegal practices?'),
(1103, 584, '2024-06-20', 86, 7, 14, 'NO', 'Social', 512, 'Social', 0, 584, 86, 'Does the company provide employees and senior management with OHS induction/training where necessary?'),
(1104, 585, '2024-06-20', 86, 9, 14, 'NO', 'Social', 513, 'Social', 0, 585, 86, 'Do all employees have formal contracts of employment?'),
(1105, 586, '2024-06-20', 86, 12, 14, 'NO', 'Social', 514, 'Social', 0, 586, 86, 'Is the Chairman of the Board independent?'),
(1106, 587, '2024-06-20', 87, 1, 15, 'NO', 'Environmental', 515, 'Environmental', 0, 587, 87, 'Does the company have and adhere to an environmental policy which sets out clear commitments and targets to improve the company’s environmental footprint?'),
(1107, 588, '2024-06-20', 87, 4, 15, 'YES', 'Environmental', 516, 'Environmental', 1, 588, 87, 'Does the environmental policy cover climate change issues that could be relevant to the company?'),
(1108, 589, '2024-06-20', 87, 13, 15, 'YES', 'Governance', 517, 'Governance', 1, 589, 87, 'Does the company have a diverse board and a policy for ensuring diversity of board members?'),
(1109, 590, '2024-06-20', 87, 16, 15, 'YES', 'Governance', 518, 'Governance', 1, 590, 87, 'Does the company actively safeguard against illegal practices?'),
(1110, 591, '2024-06-20', 87, 7, 15, 'NO', 'Social', 519, 'Social', 0, 591, 87, 'Does the company provide employees and senior management with OHS induction/training where necessary?'),
(1111, 592, '2024-06-20', 87, 9, 15, 'NO', 'Social', 520, 'Social', 0, 592, 87, 'Do all employees have formal contracts of employment?'),
(1112, 593, '2024-06-20', 87, 12, 15, 'YES', 'Social', 521, 'Social', 1, 593, 87, 'Is the Chairman of the Board independent?'),
(1113, 594, '2024-06-20', 88, 1, 15, 'NO', 'Environmental', 522, 'Environmental', 0, 594, 88, 'Does the company have and adhere to an environmental policy which sets out clear commitments and targets to improve the company’s environmental footprint?'),
(1114, 595, '2024-06-20', 88, 4, 15, 'YES', 'Environmental', 523, 'Environmental', 1, 595, 88, 'Does the environmental policy cover climate change issues that could be relevant to the company?'),
(1115, 596, '2024-06-20', 88, 13, 15, 'NO', 'Governance', 524, 'Governance', 0, 596, 88, 'Does the company have a diverse board and a policy for ensuring diversity of board members?'),
(1116, 597, '2024-06-20', 88, 16, 15, 'YES', 'Governance', 525, 'Governance', 1, 597, 88, 'Does the company actively safeguard against illegal practices?'),
(1117, 598, '2024-06-20', 88, 7, 15, 'YES', 'Social', 526, 'Social', 1, 598, 88, 'Does the company provide employees and senior management with OHS induction/training where necessary?'),
(1118, 599, '2024-06-20', 88, 9, 15, 'NO', 'Social', 527, 'Social', 0, 599, 88, 'Do all employees have formal contracts of employment?'),
(1119, 600, '2024-06-20', 88, 12, 15, 'YES', 'Social', 528, 'Social', 1, 600, 88, 'Is the Chairman of the Board independent?'),
(1120, 601, '2024-06-20', 92, 2, 16, 'YES', 'Environmental', 529, 'Environmental', 1, 601, 92, 'Does the company\'s environmental policy have executive and/or board-level commitment, support, and endorsement?'),
(1121, 602, '2024-06-20', 92, 5, 16, 'YES', 'Environmental', 530, 'Environmental', 1, 602, 92, 'Does the company have and adhere to an occupational health & safety (OHS) policy which sets out clear commitments and targets to improve worker health & safety?'),
(1122, 603, '2024-06-20', 92, 15, 16, 'YES', 'Governance', 531, 'Governance', 1, 603, 92, 'Is the company\'s code of ethics/conduct or values statement regularly reviewed and updated accordingly?'),
(1123, 604, '2024-06-20', 92, 10, 16, 'YES', 'Social', 532, 'Social', 1, 604, 92, 'Do all employees meet minimum age standards and regulations?'),
(1124, 605, '2024-06-20', 93, 2, 16, 'YES', 'Environmental', 533, 'Environmental', 1, 605, 93, 'Does the company\'s environmental policy have executive and/or board-level commitment, support, and endorsement?'),
(1125, 606, '2024-06-20', 93, 5, 16, 'NO', 'Environmental', 534, 'Environmental', 0, 606, 93, 'Does the company have and adhere to an occupational health & safety (OHS) policy which sets out clear commitments and targets to improve worker health & safety?'),
(1126, 607, '2024-06-20', 93, 15, 16, 'NO', 'Governance', 535, 'Governance', 0, 607, 93, 'Is the company\'s code of ethics/conduct or values statement regularly reviewed and updated accordingly?'),
(1127, 608, '2024-06-20', 93, 10, 16, 'YES', 'Social', 536, 'Social', 1, 608, 93, 'Do all employees meet minimum age standards and regulations?'),
(1128, 609, '2024-06-20', 95, 1, 18, 'YES', 'Environmental', 537, 'Environmental', 1, 609, 95, 'Does the company have and adhere to an environmental policy which sets out clear commitments and targets to improve the company’s environmental footprint?'),
(1129, 610, '2024-06-20', 95, 4, 18, 'NO', 'Environmental', 538, 'Environmental', 0, 610, 95, 'Does the environmental policy cover climate change issues that could be relevant to the company?'),
(1130, 611, '2024-06-20', 95, 13, 18, 'YES', 'Governance', 539, 'Governance', 1, 611, 95, 'Does the company have a diverse board and a policy for ensuring diversity of board members?'),
(1131, 612, '2024-06-20', 95, 16, 18, 'YES', 'Governance', 540, 'Governance', 1, 612, 95, 'Does the company actively safeguard against illegal practices?'),
(1132, 613, '2024-06-20', 95, 7, 18, 'NO', 'Social', 541, 'Social', 0, 613, 95, 'Does the company provide employees and senior management with OHS induction/training where necessary?'),
(1133, 614, '2024-06-20', 95, 9, 18, 'NO', 'Social', 542, 'Social', 0, 614, 95, 'Do all employees have formal contracts of employment?'),
(1134, 615, '2024-06-20', 95, 12, 18, 'YES', 'Social', 543, 'Social', 1, 615, 95, 'Is the Chairman of the Board independent?'),
(1135, 616, '2024-06-20', 96, 1, 18, 'YES', 'Environmental', 544, 'Environmental', 1, 616, 96, 'Does the company have and adhere to an environmental policy which sets out clear commitments and targets to improve the company’s environmental footprint?'),
(1136, 617, '2024-06-20', 96, 4, 18, 'YES', 'Environmental', 545, 'Environmental', 1, 617, 96, 'Does the environmental policy cover climate change issues that could be relevant to the company?'),
(1137, 618, '2024-06-20', 96, 13, 18, 'NO', 'Governance', 546, 'Governance', 0, 618, 96, 'Does the company have a diverse board and a policy for ensuring diversity of board members?'),
(1138, 619, '2024-06-20', 96, 16, 18, 'YES', 'Governance', 547, 'Governance', 1, 619, 96, 'Does the company actively safeguard against illegal practices?'),
(1139, 620, '2024-06-20', 96, 7, 18, 'YES', 'Social', 548, 'Social', 1, 620, 96, 'Does the company provide employees and senior management with OHS induction/training where necessary?'),
(1140, 621, '2024-06-20', 96, 9, 18, 'NO', 'Social', 549, 'Social', 0, 621, 96, 'Do all employees have formal contracts of employment?'),
(1141, 622, '2024-06-20', 96, 12, 18, 'YES', 'Social', 550, 'Social', 1, 622, 96, 'Is the Chairman of the Board independent?'),
(1142, 623, '2024-06-20', 98, 1, 18, 'YES', 'Environmental', 551, 'Environmental', 1, 623, 98, 'Does the company have and adhere to an environmental policy which sets out clear commitments and targets to improve the company’s environmental footprint?'),
(1143, 624, '2024-06-20', 98, 4, 18, 'YES', 'Environmental', 552, 'Environmental', 1, 624, 98, 'Does the environmental policy cover climate change issues that could be relevant to the company?'),
(1144, 625, '2024-06-20', 98, 13, 18, 'NO', 'Governance', 553, 'Governance', 0, 625, 98, 'Does the company have a diverse board and a policy for ensuring diversity of board members?'),
(1145, 626, '2024-06-20', 98, 16, 18, 'NO', 'Governance', 554, 'Governance', 0, 626, 98, 'Does the company actively safeguard against illegal practices?'),
(1146, 627, '2024-06-20', 98, 7, 18, 'YES', 'Social', 555, 'Social', 1, 627, 98, 'Does the company provide employees and senior management with OHS induction/training where necessary?'),
(1147, 628, '2024-06-20', 98, 9, 18, 'YES', 'Social', 556, 'Social', 1, 628, 98, 'Do all employees have formal contracts of employment?'),
(1148, 629, '2024-06-20', 98, 12, 18, 'YES', 'Social', 557, 'Social', 1, 629, 98, 'Is the Chairman of the Board independent?'),
(1149, 630, '2024-06-20', 99, 1, 18, 'YES', 'Environmental', 558, 'Environmental', 1, 630, 99, 'Does the company have and adhere to an environmental policy which sets out clear commitments and targets to improve the company’s environmental footprint?'),
(1150, 631, '2024-06-20', 99, 4, 18, 'YES', 'Environmental', 559, 'Environmental', 1, 631, 99, 'Does the environmental policy cover climate change issues that could be relevant to the company?'),
(1151, 632, '2024-06-20', 99, 13, 18, 'NO', 'Governance', 560, 'Governance', 0, 632, 99, 'Does the company have a diverse board and a policy for ensuring diversity of board members?'),
(1152, 633, '2024-06-20', 99, 16, 18, 'NO', 'Governance', 561, 'Governance', 0, 633, 99, 'Does the company actively safeguard against illegal practices?'),
(1153, 634, '2024-06-20', 99, 7, 18, 'YES', 'Social', 562, 'Social', 1, 634, 99, 'Does the company provide employees and senior management with OHS induction/training where necessary?'),
(1154, 635, '2024-06-20', 99, 9, 18, 'YES', 'Social', 563, 'Social', 1, 635, 99, 'Do all employees have formal contracts of employment?'),
(1155, 636, '2024-06-20', 99, 12, 18, 'YES', 'Social', 564, 'Social', 1, 636, 99, 'Is the Chairman of the Board independent?'),
(1156, 472, '2024-06-19', 59, 1, 1, 'YES', 'Environmental', 400, 'Environmental', 1, 472, 59, 'Does the company have and adhere to an environmental policy which sets out clear commitments and targets to improve the company’s environmental footprint?'),
(1157, 473, '2024-06-19', 59, 4, 1, 'YES', 'Environmental', 401, 'Environmental', 1, 473, 59, 'Does the environmental policy cover climate change issues that could be relevant to the company?'),
(1158, 474, '2024-06-19', 59, 13, 1, 'YES', 'Governance', 402, 'Governance', 1, 474, 59, 'Does the company have a diverse board and a policy for ensuring diversity of board members?'),
(1159, 475, '2024-06-19', 59, 16, 1, 'YES', 'Governance', 403, 'Governance', 1, 475, 59, 'Does the company actively safeguard against illegal practices?'),
(1160, 476, '2024-06-19', 59, 7, 1, 'YES', 'Social', 404, 'Social', 1, 476, 59, 'Does the company provide employees and senior management with OHS induction/training where necessary?'),
(1161, 477, '2024-06-19', 59, 9, 1, 'YES', 'Social', 405, 'Social', 1, 477, 59, 'Do all employees have formal contracts of employment?'),
(1162, 478, '2024-06-19', 59, 12, 1, 'YES', 'Social', 406, 'Social', 1, 478, 59, 'Is the Chairman of the Board independent?'),
(1163, 479, '2024-06-19', 60, 2, 10, 'YES', 'Environmental', 407, 'Environmental', 1, 479, 60, 'Does the company\'s environmental policy have executive and/or board-level commitment, support, and endorsement?'),
(1164, 480, '2024-06-19', 60, 5, 10, 'YES', 'Environmental', 408, 'Environmental', 1, 480, 60, 'Does the company have and adhere to an occupational health & safety (OHS) policy which sets out clear commitments and targets to improve worker health & safety?'),
(1165, 481, '2024-06-19', 60, 15, 10, 'YES', 'Governance', 409, 'Governance', 1, 481, 60, 'Is the company\'s code of ethics/conduct or values statement regularly reviewed and updated accordingly?'),
(1166, 482, '2024-06-19', 60, 10, 10, 'YES', 'Social', 410, 'Social', 1, 482, 60, 'Do all employees meet minimum age standards and regulations?'),
(1167, 483, '2024-06-19', 61, 2, 11, 'NO', 'Environmental', 411, 'Environmental', 0, 483, 61, 'Does the company\'s environmental policy have executive and/or board-level commitment, support, and endorsement?'),
(1168, 484, '2024-06-19', 61, 5, 11, 'YES', 'Environmental', 412, 'Environmental', 1, 484, 61, 'Does the company have and adhere to an occupational health & safety (OHS) policy which sets out clear commitments and targets to improve worker health & safety?'),
(1169, 485, '2024-06-19', 61, 15, 11, 'NO', 'Governance', 413, 'Governance', 0, 485, 61, 'Is the company\'s code of ethics/conduct or values statement regularly reviewed and updated accordingly?'),
(1170, 486, '2024-06-19', 61, 10, 11, 'YES', 'Social', 414, 'Social', 1, 486, 61, 'Do all employees meet minimum age standards and regulations?'),
(1171, 487, '2024-06-19', 62, 3, 12, 'YES', 'Environmental', 415, 'Environmental', 1, 487, 62, 'Does the company conduct environmental risk and opportunity assessments of their activities?'),
(1172, 488, '2024-06-19', 62, 14, 12, 'NO', 'Governance', 416, 'Governance', 0, 488, 62, 'Does the company have and abide by a code of ethics/conduct or values statement to guide company conduct with honesty and integrity?'),
(1173, 489, '2024-06-19', 62, 6, 12, 'YES', 'Social', 417, 'Social', 1, 489, 62, 'Does the company\'s OHS policy have executive and/or board-level commitment, support, and endorsement?'),
(1174, 490, '2024-06-19', 62, 8, 12, 'YES', 'Social', 418, 'Social', 1, 490, 62, 'Does the company have and adhere to a policy which sets out clear commitments and targets that cover discrimination and child, forced or compulsory labour in its workforce and its supply chain?'),
(1175, 491, '2024-06-19', 62, 11, 12, 'YES', 'Social', 419, 'Social', 1, 491, 62, 'Does the Board of Directors include executive and non-executive directors?'),
(1176, 492, '2024-06-19', 63, 3, 13, 'YES', 'Environmental', 420, 'Environmental', 1, 492, 63, 'Does the company conduct environmental risk and opportunity assessments of their activities?'),
(1177, 493, '2024-06-19', 63, 14, 13, 'NO', 'Governance', 421, 'Governance', 0, 493, 63, 'Does the company have and abide by a code of ethics/conduct or values statement to guide company conduct with honesty and integrity?'),
(1178, 494, '2024-06-19', 63, 6, 13, 'NO', 'Social', 422, 'Social', 0, 494, 63, 'Does the company\'s OHS policy have executive and/or board-level commitment, support, and endorsement?'),
(1179, 495, '2024-06-19', 63, 8, 13, 'YES', 'Social', 423, 'Social', 1, 495, 63, 'Does the company have and adhere to a policy which sets out clear commitments and targets that cover discrimination and child, forced or compulsory labour in its workforce and its supply chain?'),
(1180, 496, '2024-06-19', 63, 11, 13, 'NO', 'Social', 424, 'Social', 0, 496, 63, 'Does the Board of Directors include executive and non-executive directors?'),
(1181, 497, '2024-06-19', 64, 1, 14, 'NO', 'Environmental', 425, 'Environmental', 0, 497, 64, 'Does the company have and adhere to an environmental policy which sets out clear commitments and targets to improve the company’s environmental footprint?'),
(1182, 498, '2024-06-19', 64, 4, 14, 'NO', 'Environmental', 426, 'Environmental', 0, 498, 64, 'Does the environmental policy cover climate change issues that could be relevant to the company?'),
(1183, 499, '2024-06-19', 64, 13, 14, 'YES', 'Governance', 427, 'Governance', 1, 499, 64, 'Does the company have a diverse board and a policy for ensuring diversity of board members?'),
(1184, 500, '2024-06-19', 64, 16, 14, 'YES', 'Governance', 428, 'Governance', 1, 500, 64, 'Does the company actively safeguard against illegal practices?'),
(1185, 501, '2024-06-19', 64, 7, 14, 'NO', 'Social', 429, 'Social', 0, 501, 64, 'Does the company provide employees and senior management with OHS induction/training where necessary?'),
(1186, 502, '2024-06-19', 64, 9, 14, 'YES', 'Social', 430, 'Social', 1, 502, 64, 'Do all employees have formal contracts of employment?'),
(1187, 503, '2024-06-19', 64, 12, 14, 'YES', 'Social', 431, 'Social', 1, 503, 64, 'Is the Chairman of the Board independent?'),
(1188, 504, '2024-06-19', 65, 1, 15, 'YES', 'Environmental', 432, 'Environmental', 1, 504, 65, 'Does the company have and adhere to an environmental policy which sets out clear commitments and targets to improve the company’s environmental footprint?'),
(1189, 505, '2024-06-19', 65, 4, 15, 'NO', 'Environmental', 433, 'Environmental', 0, 505, 65, 'Does the environmental policy cover climate change issues that could be relevant to the company?'),
(1190, 506, '2024-06-19', 65, 13, 15, 'YES', 'Governance', 434, 'Governance', 1, 506, 65, 'Does the company have a diverse board and a policy for ensuring diversity of board members?'),
(1191, 507, '2024-06-19', 65, 16, 15, 'YES', 'Governance', 435, 'Governance', 1, 507, 65, 'Does the company actively safeguard against illegal practices?'),
(1192, 508, '2024-06-19', 65, 7, 15, 'NO', 'Social', 436, 'Social', 0, 508, 65, 'Does the company provide employees and senior management with OHS induction/training where necessary?'),
(1193, 509, '2024-06-19', 65, 9, 15, 'YES', 'Social', 437, 'Social', 1, 509, 65, 'Do all employees have formal contracts of employment?'),
(1194, 510, '2024-06-19', 65, 12, 15, 'YES', 'Social', 438, 'Social', 1, 510, 65, 'Is the Chairman of the Board independent?'),
(1195, 511, '2024-06-19', 66, 2, 16, 'YES', 'Environmental', 439, 'Environmental', 1, 511, 66, 'Does the company\'s environmental policy have executive and/or board-level commitment, support, and endorsement?'),
(1196, 512, '2024-06-19', 66, 5, 16, 'YES', 'Environmental', 440, 'Environmental', 1, 512, 66, 'Does the company have and adhere to an occupational health & safety (OHS) policy which sets out clear commitments and targets to improve worker health & safety?'),
(1197, 513, '2024-06-19', 66, 15, 16, 'NO', 'Governance', 441, 'Governance', 0, 513, 66, 'Is the company\'s code of ethics/conduct or values statement regularly reviewed and updated accordingly?'),
(1198, 514, '2024-06-19', 66, 10, 16, 'NO', 'Social', 442, 'Social', 0, 514, 66, 'Do all employees meet minimum age standards and regulations?'),
(1199, 515, '2024-06-19', 67, 3, 17, 'YES', 'Environmental', 443, 'Environmental', 1, 515, 67, 'Does the company conduct environmental risk and opportunity assessments of their activities?'),
(1200, 516, '2024-06-19', 67, 14, 17, 'YES', 'Governance', 444, 'Governance', 1, 516, 67, 'Does the company have and abide by a code of ethics/conduct or values statement to guide company conduct with honesty and integrity?'),
(1201, 517, '2024-06-19', 67, 6, 17, 'YES', 'Social', 445, 'Social', 1, 517, 67, 'Does the company\'s OHS policy have executive and/or board-level commitment, support, and endorsement?'),
(1202, 518, '2024-06-19', 67, 8, 17, 'YES', 'Social', 446, 'Social', 1, 518, 67, 'Does the company have and adhere to a policy which sets out clear commitments and targets that cover discrimination and child, forced or compulsory labour in its workforce and its supply chain?'),
(1203, 519, '2024-06-19', 67, 11, 17, 'YES', 'Social', 447, 'Social', 1, 519, 67, 'Does the Board of Directors include executive and non-executive directors?'),
(1204, 520, '2024-06-19', 68, 1, 18, 'NO', 'Environmental', 448, 'Environmental', 0, 520, 68, 'Does the company have and adhere to an environmental policy which sets out clear commitments and targets to improve the company’s environmental footprint?'),
(1205, 521, '2024-06-19', 68, 4, 18, 'YES', 'Environmental', 449, 'Environmental', 1, 521, 68, 'Does the environmental policy cover climate change issues that could be relevant to the company?'),
(1206, 522, '2024-06-19', 68, 13, 18, 'NO', 'Governance', 450, 'Governance', 0, 522, 68, 'Does the company have a diverse board and a policy for ensuring diversity of board members?'),
(1207, 523, '2024-06-19', 68, 16, 18, 'YES', 'Governance', 451, 'Governance', 1, 523, 68, 'Does the company actively safeguard against illegal practices?'),
(1208, 524, '2024-06-19', 68, 7, 18, 'YES', 'Social', 452, 'Social', 1, 524, 68, 'Does the company provide employees and senior management with OHS induction/training where necessary?'),
(1209, 525, '2024-06-19', 68, 9, 18, 'NO', 'Social', 453, 'Social', 0, 525, 68, 'Do all employees have formal contracts of employment?'),
(1210, 526, '2024-06-19', 68, 12, 18, 'NO', 'Social', 454, 'Social', 0, 526, 68, 'Is the Chairman of the Board independent?'),
(1211, 527, '2024-06-20', 71, 1, 1, 'NO', 'Environmental', 455, 'Environmental', 0, 527, 71, 'Does the company have and adhere to an environmental policy which sets out clear commitments and targets to improve the company’s environmental footprint?'),
(1212, 528, '2024-06-20', 71, 4, 1, 'YES', 'Environmental', 456, 'Environmental', 1, 528, 71, 'Does the environmental policy cover climate change issues that could be relevant to the company?'),
(1213, 529, '2024-06-20', 71, 13, 1, 'NO', 'Governance', 457, 'Governance', 0, 529, 71, 'Does the company have a diverse board and a policy for ensuring diversity of board members?'),
(1214, 530, '2024-06-20', 71, 16, 1, 'NO', 'Governance', 458, 'Governance', 0, 530, 71, 'Does the company actively safeguard against illegal practices?'),
(1215, 531, '2024-06-20', 71, 7, 1, 'YES', 'Social', 459, 'Social', 1, 531, 71, 'Does the company provide employees and senior management with OHS induction/training where necessary?'),
(1216, 532, '2024-06-20', 71, 9, 1, 'NO', 'Social', 460, 'Social', 0, 532, 71, 'Do all employees have formal contracts of employment?'),
(1217, 533, '2024-06-20', 71, 12, 1, 'NO', 'Social', 461, 'Social', 0, 533, 71, 'Is the Chairman of the Board independent?'),
(1218, 534, '2024-06-20', 72, 1, 1, 'YES', 'Environmental', 462, 'Environmental', 1, 534, 72, 'Does the company have and adhere to an environmental policy which sets out clear commitments and targets to improve the company’s environmental footprint?'),
(1219, 535, '2024-06-20', 72, 4, 1, 'YES', 'Environmental', 463, 'Environmental', 1, 535, 72, 'Does the environmental policy cover climate change issues that could be relevant to the company?'),
(1220, 536, '2024-06-20', 72, 13, 1, 'YES', 'Governance', 464, 'Governance', 1, 536, 72, 'Does the company have a diverse board and a policy for ensuring diversity of board members?'),
(1221, 537, '2024-06-20', 72, 16, 1, 'NO', 'Governance', 465, 'Governance', 0, 537, 72, 'Does the company actively safeguard against illegal practices?'),
(1222, 538, '2024-06-20', 72, 7, 1, 'YES', 'Social', 466, 'Social', 1, 538, 72, 'Does the company provide employees and senior management with OHS induction/training where necessary?'),
(1223, 539, '2024-06-20', 72, 9, 1, 'YES', 'Social', 467, 'Social', 1, 539, 72, 'Do all employees have formal contracts of employment?'),
(1224, 540, '2024-06-20', 72, 12, 1, 'NO', 'Social', 468, 'Social', 0, 540, 72, 'Is the Chairman of the Board independent?'),
(1225, 541, '2024-06-20', 74, 2, 10, 'YES', 'Environmental', 469, 'Environmental', 1, 541, 74, 'Does the company\'s environmental policy have executive and/or board-level commitment, support, and endorsement?'),
(1226, 542, '2024-06-20', 74, 5, 10, 'YES', 'Environmental', 470, 'Environmental', 1, 542, 74, 'Does the company have and adhere to an occupational health & safety (OHS) policy which sets out clear commitments and targets to improve worker health & safety?'),
(1227, 543, '2024-06-20', 74, 15, 10, 'YES', 'Governance', 471, 'Governance', 1, 543, 74, 'Is the company\'s code of ethics/conduct or values statement regularly reviewed and updated accordingly?'),
(1228, 544, '2024-06-20', 74, 10, 10, 'YES', 'Social', 472, 'Social', 1, 544, 74, 'Do all employees meet minimum age standards and regulations?'),
(1229, 545, '2024-06-20', 76, 2, 10, 'NO', 'Environmental', 473, 'Environmental', 0, 545, 76, 'Does the company\'s environmental policy have executive and/or board-level commitment, support, and endorsement?'),
(1230, 546, '2024-06-20', 76, 5, 10, 'YES', 'Environmental', 474, 'Environmental', 1, 546, 76, 'Does the company have and adhere to an occupational health & safety (OHS) policy which sets out clear commitments and targets to improve worker health & safety?'),
(1231, 547, '2024-06-20', 76, 15, 10, 'NO', 'Governance', 475, 'Governance', 0, 547, 76, 'Is the company\'s code of ethics/conduct or values statement regularly reviewed and updated accordingly?'),
(1232, 548, '2024-06-20', 76, 10, 10, 'NO', 'Social', 476, 'Social', 0, 548, 76, 'Do all employees meet minimum age standards and regulations?'),
(1233, 549, '2024-06-20', 78, 2, 11, 'NO', 'Environmental', 477, 'Environmental', 0, 549, 78, 'Does the company\'s environmental policy have executive and/or board-level commitment, support, and endorsement?'),
(1234, 550, '2024-06-20', 78, 5, 11, 'NO', 'Environmental', 478, 'Environmental', 0, 550, 78, 'Does the company have and adhere to an occupational health & safety (OHS) policy which sets out clear commitments and targets to improve worker health & safety?'),
(1235, 551, '2024-06-20', 78, 15, 11, 'NO', 'Governance', 479, 'Governance', 0, 551, 78, 'Is the company\'s code of ethics/conduct or values statement regularly reviewed and updated accordingly?'),
(1236, 552, '2024-06-20', 78, 10, 11, 'NO', 'Social', 480, 'Social', 0, 552, 78, 'Do all employees meet minimum age standards and regulations?'),
(1237, 553, '2024-06-20', 79, 3, 12, 'NO', 'Environmental', 481, 'Environmental', 0, 553, 79, 'Does the company conduct environmental risk and opportunity assessments of their activities?'),
(1238, 554, '2024-06-20', 79, 14, 12, 'NO', 'Governance', 482, 'Governance', 0, 554, 79, 'Does the company have and abide by a code of ethics/conduct or values statement to guide company conduct with honesty and integrity?'),
(1239, 555, '2024-06-20', 79, 6, 12, 'YES', 'Social', 483, 'Social', 1, 555, 79, 'Does the company\'s OHS policy have executive and/or board-level commitment, support, and endorsement?'),
(1240, 556, '2024-06-20', 79, 8, 12, 'YES', 'Social', 484, 'Social', 1, 556, 79, 'Does the company have and adhere to a policy which sets out clear commitments and targets that cover discrimination and child, forced or compulsory labour in its workforce and its supply chain?'),
(1241, 557, '2024-06-20', 79, 11, 12, 'YES', 'Social', 485, 'Social', 1, 557, 79, 'Does the Board of Directors include executive and non-executive directors?'),
(1242, 558, '2024-06-20', 81, 3, 12, 'YES', 'Environmental', 486, 'Environmental', 1, 558, 81, 'Does the company conduct environmental risk and opportunity assessments of their activities?'),
(1243, 559, '2024-06-20', 81, 14, 12, 'YES', 'Governance', 487, 'Governance', 1, 559, 81, 'Does the company have and abide by a code of ethics/conduct or values statement to guide company conduct with honesty and integrity?'),
(1244, 560, '2024-06-20', 81, 6, 12, 'YES', 'Social', 488, 'Social', 1, 560, 81, 'Does the company\'s OHS policy have executive and/or board-level commitment, support, and endorsement?'),
(1245, 561, '2024-06-20', 81, 8, 12, 'NO', 'Social', 489, 'Social', 0, 561, 81, 'Does the company have and adhere to a policy which sets out clear commitments and targets that cover discrimination and child, forced or compulsory labour in its workforce and its supply chain?'),
(1246, 562, '2024-06-20', 81, 11, 12, 'YES', 'Social', 490, 'Social', 1, 562, 81, 'Does the Board of Directors include executive and non-executive directors?'),
(1247, 563, '2024-06-20', 82, 3, 13, 'YES', 'Environmental', 491, 'Environmental', 1, 563, 82, 'Does the company conduct environmental risk and opportunity assessments of their activities?'),
(1248, 564, '2024-06-20', 82, 14, 13, 'NO', 'Governance', 492, 'Governance', 0, 564, 82, 'Does the company have and abide by a code of ethics/conduct or values statement to guide company conduct with honesty and integrity?'),
(1249, 565, '2024-06-20', 82, 6, 13, 'YES', 'Social', 493, 'Social', 1, 565, 82, 'Does the company\'s OHS policy have executive and/or board-level commitment, support, and endorsement?'),
(1250, 566, '2024-06-20', 82, 8, 13, 'YES', 'Social', 494, 'Social', 1, 566, 82, 'Does the company have and adhere to a policy which sets out clear commitments and targets that cover discrimination and child, forced or compulsory labour in its workforce and its supply chain?'),
(1251, 567, '2024-06-20', 82, 11, 13, 'YES', 'Social', 495, 'Social', 1, 567, 82, 'Does the Board of Directors include executive and non-executive directors?'),
(1252, 568, '2024-06-20', 83, 3, 13, 'NO', 'Environmental', 496, 'Environmental', 0, 568, 83, 'Does the company conduct environmental risk and opportunity assessments of their activities?');
INSERT INTO `hc_pl` (`id`, `hc_tr_analysis_response_id`, `hc_tr_analysis_response_date`, `hc_tr_analysis_assessment_id`, `hc_tr_analysis_question_id`, `hc_tr_analysis_user_id`, `hc_tr_analysis_response`, `hc_tr_analysis_part`, `hc_tr_analysis_calc_id`, `hc_tr_analysis_calc_part`, `hc_tr_analysis_calc_score`, `hc_tr_analysis_calc_original_id`, `hc_tr_analysis_calc_assessment_id`, `hc_mt_question_text`) VALUES
(1253, 569, '2024-06-20', 83, 14, 13, 'YES', 'Governance', 497, 'Governance', 1, 569, 83, 'Does the company have and abide by a code of ethics/conduct or values statement to guide company conduct with honesty and integrity?'),
(1254, 570, '2024-06-20', 83, 6, 13, 'NO', 'Social', 498, 'Social', 0, 570, 83, 'Does the company\'s OHS policy have executive and/or board-level commitment, support, and endorsement?'),
(1255, 571, '2024-06-20', 83, 8, 13, 'YES', 'Social', 499, 'Social', 1, 571, 83, 'Does the company have and adhere to a policy which sets out clear commitments and targets that cover discrimination and child, forced or compulsory labour in its workforce and its supply chain?'),
(1256, 572, '2024-06-20', 83, 11, 13, 'YES', 'Social', 500, 'Social', 1, 572, 83, 'Does the Board of Directors include executive and non-executive directors?'),
(1257, 573, '2024-06-20', 85, 1, 14, 'NO', 'Environmental', 501, 'Environmental', 0, 573, 85, 'Does the company have and adhere to an environmental policy which sets out clear commitments and targets to improve the company’s environmental footprint?'),
(1258, 574, '2024-06-20', 85, 4, 14, 'YES', 'Environmental', 502, 'Environmental', 1, 574, 85, 'Does the environmental policy cover climate change issues that could be relevant to the company?'),
(1259, 575, '2024-06-20', 85, 13, 14, 'YES', 'Governance', 503, 'Governance', 1, 575, 85, 'Does the company have a diverse board and a policy for ensuring diversity of board members?'),
(1260, 576, '2024-06-20', 85, 16, 14, 'YES', 'Governance', 504, 'Governance', 1, 576, 85, 'Does the company actively safeguard against illegal practices?'),
(1261, 577, '2024-06-20', 85, 7, 14, 'NO', 'Social', 505, 'Social', 0, 577, 85, 'Does the company provide employees and senior management with OHS induction/training where necessary?'),
(1262, 578, '2024-06-20', 85, 9, 14, 'YES', 'Social', 506, 'Social', 1, 578, 85, 'Do all employees have formal contracts of employment?'),
(1263, 579, '2024-06-20', 85, 12, 14, 'NO', 'Social', 507, 'Social', 0, 579, 85, 'Is the Chairman of the Board independent?'),
(1264, 580, '2024-06-20', 86, 1, 14, 'NO', 'Environmental', 508, 'Environmental', 0, 580, 86, 'Does the company have and adhere to an environmental policy which sets out clear commitments and targets to improve the company’s environmental footprint?'),
(1265, 581, '2024-06-20', 86, 4, 14, 'YES', 'Environmental', 509, 'Environmental', 1, 581, 86, 'Does the environmental policy cover climate change issues that could be relevant to the company?'),
(1266, 582, '2024-06-20', 86, 13, 14, 'YES', 'Governance', 510, 'Governance', 1, 582, 86, 'Does the company have a diverse board and a policy for ensuring diversity of board members?'),
(1267, 583, '2024-06-20', 86, 16, 14, 'YES', 'Governance', 511, 'Governance', 1, 583, 86, 'Does the company actively safeguard against illegal practices?'),
(1268, 584, '2024-06-20', 86, 7, 14, 'NO', 'Social', 512, 'Social', 0, 584, 86, 'Does the company provide employees and senior management with OHS induction/training where necessary?'),
(1269, 585, '2024-06-20', 86, 9, 14, 'NO', 'Social', 513, 'Social', 0, 585, 86, 'Do all employees have formal contracts of employment?'),
(1270, 586, '2024-06-20', 86, 12, 14, 'NO', 'Social', 514, 'Social', 0, 586, 86, 'Is the Chairman of the Board independent?'),
(1271, 587, '2024-06-20', 87, 1, 15, 'NO', 'Environmental', 515, 'Environmental', 0, 587, 87, 'Does the company have and adhere to an environmental policy which sets out clear commitments and targets to improve the company’s environmental footprint?'),
(1272, 588, '2024-06-20', 87, 4, 15, 'YES', 'Environmental', 516, 'Environmental', 1, 588, 87, 'Does the environmental policy cover climate change issues that could be relevant to the company?'),
(1273, 589, '2024-06-20', 87, 13, 15, 'YES', 'Governance', 517, 'Governance', 1, 589, 87, 'Does the company have a diverse board and a policy for ensuring diversity of board members?'),
(1274, 590, '2024-06-20', 87, 16, 15, 'YES', 'Governance', 518, 'Governance', 1, 590, 87, 'Does the company actively safeguard against illegal practices?'),
(1275, 591, '2024-06-20', 87, 7, 15, 'NO', 'Social', 519, 'Social', 0, 591, 87, 'Does the company provide employees and senior management with OHS induction/training where necessary?'),
(1276, 592, '2024-06-20', 87, 9, 15, 'NO', 'Social', 520, 'Social', 0, 592, 87, 'Do all employees have formal contracts of employment?'),
(1277, 593, '2024-06-20', 87, 12, 15, 'YES', 'Social', 521, 'Social', 1, 593, 87, 'Is the Chairman of the Board independent?'),
(1278, 594, '2024-06-20', 88, 1, 15, 'NO', 'Environmental', 522, 'Environmental', 0, 594, 88, 'Does the company have and adhere to an environmental policy which sets out clear commitments and targets to improve the company’s environmental footprint?'),
(1279, 595, '2024-06-20', 88, 4, 15, 'YES', 'Environmental', 523, 'Environmental', 1, 595, 88, 'Does the environmental policy cover climate change issues that could be relevant to the company?'),
(1280, 596, '2024-06-20', 88, 13, 15, 'NO', 'Governance', 524, 'Governance', 0, 596, 88, 'Does the company have a diverse board and a policy for ensuring diversity of board members?'),
(1281, 597, '2024-06-20', 88, 16, 15, 'YES', 'Governance', 525, 'Governance', 1, 597, 88, 'Does the company actively safeguard against illegal practices?'),
(1282, 598, '2024-06-20', 88, 7, 15, 'YES', 'Social', 526, 'Social', 1, 598, 88, 'Does the company provide employees and senior management with OHS induction/training where necessary?'),
(1283, 599, '2024-06-20', 88, 9, 15, 'NO', 'Social', 527, 'Social', 0, 599, 88, 'Do all employees have formal contracts of employment?'),
(1284, 600, '2024-06-20', 88, 12, 15, 'YES', 'Social', 528, 'Social', 1, 600, 88, 'Is the Chairman of the Board independent?'),
(1285, 601, '2024-06-20', 92, 2, 16, 'YES', 'Environmental', 529, 'Environmental', 1, 601, 92, 'Does the company\'s environmental policy have executive and/or board-level commitment, support, and endorsement?'),
(1286, 602, '2024-06-20', 92, 5, 16, 'YES', 'Environmental', 530, 'Environmental', 1, 602, 92, 'Does the company have and adhere to an occupational health & safety (OHS) policy which sets out clear commitments and targets to improve worker health & safety?'),
(1287, 603, '2024-06-20', 92, 15, 16, 'YES', 'Governance', 531, 'Governance', 1, 603, 92, 'Is the company\'s code of ethics/conduct or values statement regularly reviewed and updated accordingly?'),
(1288, 604, '2024-06-20', 92, 10, 16, 'YES', 'Social', 532, 'Social', 1, 604, 92, 'Do all employees meet minimum age standards and regulations?'),
(1289, 605, '2024-06-20', 93, 2, 16, 'YES', 'Environmental', 533, 'Environmental', 1, 605, 93, 'Does the company\'s environmental policy have executive and/or board-level commitment, support, and endorsement?'),
(1290, 606, '2024-06-20', 93, 5, 16, 'NO', 'Environmental', 534, 'Environmental', 0, 606, 93, 'Does the company have and adhere to an occupational health & safety (OHS) policy which sets out clear commitments and targets to improve worker health & safety?'),
(1291, 607, '2024-06-20', 93, 15, 16, 'NO', 'Governance', 535, 'Governance', 0, 607, 93, 'Is the company\'s code of ethics/conduct or values statement regularly reviewed and updated accordingly?'),
(1292, 608, '2024-06-20', 93, 10, 16, 'YES', 'Social', 536, 'Social', 1, 608, 93, 'Do all employees meet minimum age standards and regulations?'),
(1293, 609, '2024-06-20', 95, 1, 18, 'YES', 'Environmental', 537, 'Environmental', 1, 609, 95, 'Does the company have and adhere to an environmental policy which sets out clear commitments and targets to improve the company’s environmental footprint?'),
(1294, 610, '2024-06-20', 95, 4, 18, 'NO', 'Environmental', 538, 'Environmental', 0, 610, 95, 'Does the environmental policy cover climate change issues that could be relevant to the company?'),
(1295, 611, '2024-06-20', 95, 13, 18, 'YES', 'Governance', 539, 'Governance', 1, 611, 95, 'Does the company have a diverse board and a policy for ensuring diversity of board members?'),
(1296, 612, '2024-06-20', 95, 16, 18, 'YES', 'Governance', 540, 'Governance', 1, 612, 95, 'Does the company actively safeguard against illegal practices?'),
(1297, 613, '2024-06-20', 95, 7, 18, 'NO', 'Social', 541, 'Social', 0, 613, 95, 'Does the company provide employees and senior management with OHS induction/training where necessary?'),
(1298, 614, '2024-06-20', 95, 9, 18, 'NO', 'Social', 542, 'Social', 0, 614, 95, 'Do all employees have formal contracts of employment?'),
(1299, 615, '2024-06-20', 95, 12, 18, 'YES', 'Social', 543, 'Social', 1, 615, 95, 'Is the Chairman of the Board independent?'),
(1300, 616, '2024-06-20', 96, 1, 18, 'YES', 'Environmental', 544, 'Environmental', 1, 616, 96, 'Does the company have and adhere to an environmental policy which sets out clear commitments and targets to improve the company’s environmental footprint?'),
(1301, 617, '2024-06-20', 96, 4, 18, 'YES', 'Environmental', 545, 'Environmental', 1, 617, 96, 'Does the environmental policy cover climate change issues that could be relevant to the company?'),
(1302, 618, '2024-06-20', 96, 13, 18, 'NO', 'Governance', 546, 'Governance', 0, 618, 96, 'Does the company have a diverse board and a policy for ensuring diversity of board members?'),
(1303, 619, '2024-06-20', 96, 16, 18, 'YES', 'Governance', 547, 'Governance', 1, 619, 96, 'Does the company actively safeguard against illegal practices?'),
(1304, 620, '2024-06-20', 96, 7, 18, 'YES', 'Social', 548, 'Social', 1, 620, 96, 'Does the company provide employees and senior management with OHS induction/training where necessary?'),
(1305, 621, '2024-06-20', 96, 9, 18, 'NO', 'Social', 549, 'Social', 0, 621, 96, 'Do all employees have formal contracts of employment?'),
(1306, 622, '2024-06-20', 96, 12, 18, 'YES', 'Social', 550, 'Social', 1, 622, 96, 'Is the Chairman of the Board independent?'),
(1307, 623, '2024-06-20', 98, 1, 18, 'YES', 'Environmental', 551, 'Environmental', 1, 623, 98, 'Does the company have and adhere to an environmental policy which sets out clear commitments and targets to improve the company’s environmental footprint?'),
(1308, 624, '2024-06-20', 98, 4, 18, 'YES', 'Environmental', 552, 'Environmental', 1, 624, 98, 'Does the environmental policy cover climate change issues that could be relevant to the company?'),
(1309, 625, '2024-06-20', 98, 13, 18, 'NO', 'Governance', 553, 'Governance', 0, 625, 98, 'Does the company have a diverse board and a policy for ensuring diversity of board members?'),
(1310, 626, '2024-06-20', 98, 16, 18, 'NO', 'Governance', 554, 'Governance', 0, 626, 98, 'Does the company actively safeguard against illegal practices?'),
(1311, 627, '2024-06-20', 98, 7, 18, 'YES', 'Social', 555, 'Social', 1, 627, 98, 'Does the company provide employees and senior management with OHS induction/training where necessary?'),
(1312, 628, '2024-06-20', 98, 9, 18, 'YES', 'Social', 556, 'Social', 1, 628, 98, 'Do all employees have formal contracts of employment?'),
(1313, 629, '2024-06-20', 98, 12, 18, 'YES', 'Social', 557, 'Social', 1, 629, 98, 'Is the Chairman of the Board independent?'),
(1314, 630, '2024-06-20', 99, 1, 18, 'YES', 'Environmental', 558, 'Environmental', 1, 630, 99, 'Does the company have and adhere to an environmental policy which sets out clear commitments and targets to improve the company’s environmental footprint?'),
(1315, 631, '2024-06-20', 99, 4, 18, 'YES', 'Environmental', 559, 'Environmental', 1, 631, 99, 'Does the environmental policy cover climate change issues that could be relevant to the company?'),
(1316, 632, '2024-06-20', 99, 13, 18, 'NO', 'Governance', 560, 'Governance', 0, 632, 99, 'Does the company have a diverse board and a policy for ensuring diversity of board members?'),
(1317, 633, '2024-06-20', 99, 16, 18, 'NO', 'Governance', 561, 'Governance', 0, 633, 99, 'Does the company actively safeguard against illegal practices?'),
(1318, 634, '2024-06-20', 99, 7, 18, 'YES', 'Social', 562, 'Social', 1, 634, 99, 'Does the company provide employees and senior management with OHS induction/training where necessary?'),
(1319, 635, '2024-06-20', 99, 9, 18, 'YES', 'Social', 563, 'Social', 1, 635, 99, 'Do all employees have formal contracts of employment?'),
(1320, 636, '2024-06-20', 99, 12, 18, 'YES', 'Social', 564, 'Social', 1, 636, 99, 'Is the Chairman of the Board independent?'),
(1321, 637, '2024-06-29', 101, 1, 1, 'YES', 'Environmental', 565, 'Environmental', 1, 637, 101, 'Does the company have and adhere to an environmental policy which sets out clear commitments and targets to improve the company’s environmental footprint?'),
(1322, 638, '2024-06-29', 101, 4, 1, 'NO', 'Environmental', 566, 'Environmental', 0, 638, 101, 'Does the environmental policy cover climate change issues that could be relevant to the company?'),
(1323, 639, '2024-06-29', 101, 13, 1, 'YES', 'Governance', 567, 'Governance', 1, 639, 101, 'Does the company have a diverse board and a policy for ensuring diversity of board members?'),
(1324, 640, '2024-06-29', 101, 16, 1, 'YES', 'Governance', 568, 'Governance', 1, 640, 101, 'Does the company actively safeguard against illegal practices?'),
(1325, 641, '2024-06-29', 101, 7, 1, 'NO', 'Social', 569, 'Social', 0, 641, 101, 'Does the company provide employees and senior management with OHS induction/training where necessary?'),
(1326, 642, '2024-06-29', 101, 9, 1, 'YES', 'Social', 570, 'Social', 1, 642, 101, 'Do all employees have formal contracts of employment?'),
(1327, 643, '2024-06-29', 101, 12, 1, 'YES', 'Social', 571, 'Social', 1, 643, 101, 'Is the Chairman of the Board independent?'),
(1328, 644, '2024-06-29', 101, 1, 1, 'YES', 'Environmental', 572, 'Environmental', 1, 637, 101, 'Does the company have and adhere to an environmental policy which sets out clear commitments and targets to improve the company’s environmental footprint?'),
(1329, 645, '2024-06-29', 101, 4, 1, 'NO', 'Environmental', 573, 'Environmental', 0, 638, 101, 'Does the environmental policy cover climate change issues that could be relevant to the company?'),
(1330, 646, '2024-06-29', 101, 13, 1, 'YES', 'Governance', 574, 'Governance', 1, 639, 101, 'Does the company have a diverse board and a policy for ensuring diversity of board members?'),
(1331, 647, '2024-06-29', 101, 16, 1, 'YES', 'Governance', 575, 'Governance', 1, 640, 101, 'Does the company actively safeguard against illegal practices?'),
(1332, 648, '2024-06-29', 101, 7, 1, 'NO', 'Social', 576, 'Social', 0, 641, 101, 'Does the company provide employees and senior management with OHS induction/training where necessary?'),
(1333, 649, '2024-06-29', 101, 9, 1, 'YES', 'Social', 577, 'Social', 1, 642, 101, 'Do all employees have formal contracts of employment?'),
(1334, 650, '2024-06-29', 101, 12, 1, 'YES', 'Social', 578, 'Social', 1, 643, 101, 'Is the Chairman of the Board independent?'),
(1335, 651, '2024-06-29', 101, 1, 1, 'YES', 'Environmental', 579, 'Environmental', 1, 644, 101, 'Does the company have and adhere to an environmental policy which sets out clear commitments and targets to improve the company’s environmental footprint?'),
(1336, 652, '2024-06-29', 101, 4, 1, 'NO', 'Environmental', 580, 'Environmental', 0, 645, 101, 'Does the environmental policy cover climate change issues that could be relevant to the company?'),
(1337, 653, '2024-06-29', 101, 13, 1, 'NO', 'Governance', 581, 'Governance', 1, 646, 101, 'Does the company have a diverse board and a policy for ensuring diversity of board members?'),
(1338, 654, '2024-06-29', 101, 16, 1, 'NO', 'Governance', 582, 'Governance', 1, 647, 101, 'Does the company actively safeguard against illegal practices?'),
(1339, 655, '2024-06-29', 101, 7, 1, 'NO', 'Social', 583, 'Social', 0, 648, 101, 'Does the company provide employees and senior management with OHS induction/training where necessary?'),
(1340, 656, '2024-06-29', 101, 9, 1, 'YES', 'Social', 584, 'Social', 1, 649, 101, 'Do all employees have formal contracts of employment?'),
(1341, 657, '2024-06-29', 101, 12, 1, 'YES', 'Social', 585, 'Social', 1, 650, 101, 'Is the Chairman of the Board independent?'),
(1342, 658, '2024-06-29', 102, 1, 1, 'YES', 'Environmental', 586, 'Environmental', 1, 637, 101, 'Does the company have and adhere to an environmental policy which sets out clear commitments and targets to improve the company’s environmental footprint?'),
(1343, 659, '2024-06-29', 102, 4, 1, 'NO', 'Environmental', 587, 'Environmental', 0, 638, 101, 'Does the environmental policy cover climate change issues that could be relevant to the company?'),
(1344, 660, '2024-06-29', 102, 13, 1, 'NO', 'Governance', 588, 'Governance', 1, 639, 101, 'Does the company have a diverse board and a policy for ensuring diversity of board members?'),
(1345, 661, '2024-06-29', 102, 16, 1, 'NO', 'Governance', 589, 'Governance', 1, 640, 101, 'Does the company actively safeguard against illegal practices?'),
(1346, 662, '2024-06-29', 102, 7, 1, 'NO', 'Social', 590, 'Social', 0, 641, 101, 'Does the company provide employees and senior management with OHS induction/training where necessary?'),
(1347, 663, '2024-06-29', 102, 9, 1, 'YES', 'Social', 591, 'Social', 1, 642, 101, 'Do all employees have formal contracts of employment?'),
(1348, 664, '2024-06-29', 102, 12, 1, 'YES', 'Social', 592, 'Social', 1, 643, 101, 'Is the Chairman of the Board independent?'),
(1349, 665, '2024-06-29', 103, 1, 1, 'YES', 'Environmental', 593, 'Environmental', 1, 644, 101, 'Does the company have and adhere to an environmental policy which sets out clear commitments and targets to improve the company’s environmental footprint?'),
(1350, 666, '2024-06-29', 103, 4, 1, 'NO', 'Environmental', 594, 'Environmental', 0, 645, 101, 'Does the environmental policy cover climate change issues that could be relevant to the company?'),
(1351, 667, '2024-06-29', 103, 13, 1, 'NO', 'Governance', 595, 'Governance', 1, 646, 101, 'Does the company have a diverse board and a policy for ensuring diversity of board members?'),
(1352, 668, '2024-06-29', 103, 16, 1, 'NO', 'Governance', 596, 'Governance', 1, 647, 101, 'Does the company actively safeguard against illegal practices?'),
(1353, 669, '2024-06-29', 103, 7, 1, 'NO', 'Social', 597, 'Social', 0, 648, 101, 'Does the company provide employees and senior management with OHS induction/training where necessary?'),
(1354, 670, '2024-06-29', 103, 9, 1, 'YES', 'Social', 598, 'Social', 1, 649, 101, 'Do all employees have formal contracts of employment?'),
(1355, 671, '2024-06-29', 103, 12, 1, 'YES', 'Social', 599, 'Social', 1, 650, 101, 'Is the Chairman of the Board independent?'),
(1356, 672, '2024-06-29', 104, 1, 1, 'YES', 'Environmental', 600, 'Environmental', 1, 651, 101, 'Does the company have and adhere to an environmental policy which sets out clear commitments and targets to improve the company’s environmental footprint?'),
(1357, 673, '2024-06-29', 104, 4, 1, 'NO', 'Environmental', 601, 'Environmental', 0, 652, 101, 'Does the environmental policy cover climate change issues that could be relevant to the company?'),
(1358, 674, '2024-06-29', 104, 13, 1, 'NO', 'Governance', 602, 'Governance', 0, 653, 101, 'Does the company have a diverse board and a policy for ensuring diversity of board members?'),
(1359, 675, '2024-06-29', 104, 16, 1, 'NO', 'Governance', 603, 'Governance', 0, 654, 101, 'Does the company actively safeguard against illegal practices?'),
(1360, 676, '2024-06-29', 104, 7, 1, 'NO', 'Social', 604, 'Social', 0, 655, 101, 'Does the company provide employees and senior management with OHS induction/training where necessary?'),
(1361, 677, '2024-06-29', 104, 9, 1, 'YES', 'Social', 605, 'Social', 1, 656, 101, 'Do all employees have formal contracts of employment?'),
(1362, 678, '2024-06-29', 104, 12, 1, 'YES', 'Social', 606, 'Social', 1, 657, 101, 'Is the Chairman of the Board independent?'),
(1363, 679, '2024-06-29', 105, 1, 1, 'YES', 'Environmental', 607, 'Environmental', 1, 658, 102, 'Does the company have and adhere to an environmental policy which sets out clear commitments and targets to improve the company’s environmental footprint?'),
(1364, 680, '2024-06-29', 105, 4, 1, 'NO', 'Environmental', 608, 'Environmental', 0, 659, 102, 'Does the environmental policy cover climate change issues that could be relevant to the company?'),
(1365, 681, '2024-06-29', 105, 13, 1, 'NO', 'Governance', 609, 'Governance', 0, 660, 102, 'Does the company have a diverse board and a policy for ensuring diversity of board members?'),
(1366, 682, '2024-06-29', 105, 16, 1, 'NO', 'Governance', 610, 'Governance', 0, 661, 102, 'Does the company actively safeguard against illegal practices?'),
(1367, 683, '2024-06-29', 105, 7, 1, 'NO', 'Social', 611, 'Social', 0, 662, 102, 'Does the company provide employees and senior management with OHS induction/training where necessary?'),
(1368, 684, '2024-06-29', 105, 9, 1, 'YES', 'Social', 612, 'Social', 1, 663, 102, 'Do all employees have formal contracts of employment?'),
(1369, 685, '2024-06-29', 105, 12, 1, 'YES', 'Social', 613, 'Social', 1, 664, 102, 'Is the Chairman of the Board independent?'),
(1370, 686, '2024-06-29', 106, 1, 1, 'YES', 'Environmental', 614, 'Environmental', 1, 665, 103, 'Does the company have and adhere to an environmental policy which sets out clear commitments and targets to improve the company’s environmental footprint?'),
(1371, 687, '2024-06-29', 106, 4, 1, 'NO', 'Environmental', 615, 'Environmental', 0, 666, 103, 'Does the environmental policy cover climate change issues that could be relevant to the company?'),
(1372, 688, '2024-06-29', 106, 13, 1, 'NO', 'Governance', 616, 'Governance', 0, 667, 103, 'Does the company have a diverse board and a policy for ensuring diversity of board members?'),
(1373, 689, '2024-06-29', 106, 16, 1, 'NO', 'Governance', 617, 'Governance', 0, 668, 103, 'Does the company actively safeguard against illegal practices?'),
(1374, 690, '2024-06-29', 106, 7, 1, 'NO', 'Social', 618, 'Social', 0, 669, 103, 'Does the company provide employees and senior management with OHS induction/training where necessary?'),
(1375, 691, '2024-06-29', 106, 9, 1, 'YES', 'Social', 619, 'Social', 1, 670, 103, 'Do all employees have formal contracts of employment?'),
(1376, 692, '2024-06-29', 106, 12, 1, 'YES', 'Social', 620, 'Social', 1, 671, 103, 'Is the Chairman of the Board independent?'),
(1377, 472, '2024-06-19', 59, 1, 1, 'YES', 'Environmental', 400, 'Environmental', 1, 472, 59, 'Does the company have and adhere to an environmental policy which sets out clear commitments and targets to improve the company’s environmental footprint?'),
(1378, 473, '2024-06-19', 59, 4, 1, 'YES', 'Environmental', 401, 'Environmental', 1, 473, 59, 'Does the environmental policy cover climate change issues that could be relevant to the company?'),
(1379, 474, '2024-06-19', 59, 13, 1, 'YES', 'Governance', 402, 'Governance', 1, 474, 59, 'Does the company have a diverse board and a policy for ensuring diversity of board members?'),
(1380, 475, '2024-06-19', 59, 16, 1, 'YES', 'Governance', 403, 'Governance', 1, 475, 59, 'Does the company actively safeguard against illegal practices?'),
(1381, 476, '2024-06-19', 59, 7, 1, 'YES', 'Social', 404, 'Social', 1, 476, 59, 'Does the company provide employees and senior management with OHS induction/training where necessary?'),
(1382, 477, '2024-06-19', 59, 9, 1, 'YES', 'Social', 405, 'Social', 1, 477, 59, 'Do all employees have formal contracts of employment?'),
(1383, 478, '2024-06-19', 59, 12, 1, 'YES', 'Social', 406, 'Social', 1, 478, 59, 'Is the Chairman of the Board independent?'),
(1384, 479, '2024-06-19', 60, 2, 10, 'YES', 'Environmental', 407, 'Environmental', 1, 479, 60, 'Does the company\'s environmental policy have executive and/or board-level commitment, support, and endorsement?'),
(1385, 480, '2024-06-19', 60, 5, 10, 'YES', 'Environmental', 408, 'Environmental', 1, 480, 60, 'Does the company have and adhere to an occupational health & safety (OHS) policy which sets out clear commitments and targets to improve worker health & safety?'),
(1386, 481, '2024-06-19', 60, 15, 10, 'YES', 'Governance', 409, 'Governance', 1, 481, 60, 'Is the company\'s code of ethics/conduct or values statement regularly reviewed and updated accordingly?'),
(1387, 482, '2024-06-19', 60, 10, 10, 'YES', 'Social', 410, 'Social', 1, 482, 60, 'Do all employees meet minimum age standards and regulations?'),
(1388, 483, '2024-06-19', 61, 2, 11, 'NO', 'Environmental', 411, 'Environmental', 0, 483, 61, 'Does the company\'s environmental policy have executive and/or board-level commitment, support, and endorsement?'),
(1389, 484, '2024-06-19', 61, 5, 11, 'YES', 'Environmental', 412, 'Environmental', 1, 484, 61, 'Does the company have and adhere to an occupational health & safety (OHS) policy which sets out clear commitments and targets to improve worker health & safety?'),
(1390, 485, '2024-06-19', 61, 15, 11, 'NO', 'Governance', 413, 'Governance', 0, 485, 61, 'Is the company\'s code of ethics/conduct or values statement regularly reviewed and updated accordingly?'),
(1391, 486, '2024-06-19', 61, 10, 11, 'YES', 'Social', 414, 'Social', 1, 486, 61, 'Do all employees meet minimum age standards and regulations?'),
(1392, 487, '2024-06-19', 62, 3, 12, 'YES', 'Environmental', 415, 'Environmental', 1, 487, 62, 'Does the company conduct environmental risk and opportunity assessments of their activities?'),
(1393, 488, '2024-06-19', 62, 14, 12, 'NO', 'Governance', 416, 'Governance', 0, 488, 62, 'Does the company have and abide by a code of ethics/conduct or values statement to guide company conduct with honesty and integrity?'),
(1394, 489, '2024-06-19', 62, 6, 12, 'YES', 'Social', 417, 'Social', 1, 489, 62, 'Does the company\'s OHS policy have executive and/or board-level commitment, support, and endorsement?'),
(1395, 490, '2024-06-19', 62, 8, 12, 'YES', 'Social', 418, 'Social', 1, 490, 62, 'Does the company have and adhere to a policy which sets out clear commitments and targets that cover discrimination and child, forced or compulsory labour in its workforce and its supply chain?'),
(1396, 491, '2024-06-19', 62, 11, 12, 'YES', 'Social', 419, 'Social', 1, 491, 62, 'Does the Board of Directors include executive and non-executive directors?'),
(1397, 492, '2024-06-19', 63, 3, 13, 'YES', 'Environmental', 420, 'Environmental', 1, 492, 63, 'Does the company conduct environmental risk and opportunity assessments of their activities?'),
(1398, 493, '2024-06-19', 63, 14, 13, 'NO', 'Governance', 421, 'Governance', 0, 493, 63, 'Does the company have and abide by a code of ethics/conduct or values statement to guide company conduct with honesty and integrity?'),
(1399, 494, '2024-06-19', 63, 6, 13, 'NO', 'Social', 422, 'Social', 0, 494, 63, 'Does the company\'s OHS policy have executive and/or board-level commitment, support, and endorsement?'),
(1400, 495, '2024-06-19', 63, 8, 13, 'YES', 'Social', 423, 'Social', 1, 495, 63, 'Does the company have and adhere to a policy which sets out clear commitments and targets that cover discrimination and child, forced or compulsory labour in its workforce and its supply chain?'),
(1401, 496, '2024-06-19', 63, 11, 13, 'NO', 'Social', 424, 'Social', 0, 496, 63, 'Does the Board of Directors include executive and non-executive directors?'),
(1402, 497, '2024-06-19', 64, 1, 14, 'NO', 'Environmental', 425, 'Environmental', 0, 497, 64, 'Does the company have and adhere to an environmental policy which sets out clear commitments and targets to improve the company’s environmental footprint?'),
(1403, 498, '2024-06-19', 64, 4, 14, 'NO', 'Environmental', 426, 'Environmental', 0, 498, 64, 'Does the environmental policy cover climate change issues that could be relevant to the company?'),
(1404, 499, '2024-06-19', 64, 13, 14, 'YES', 'Governance', 427, 'Governance', 1, 499, 64, 'Does the company have a diverse board and a policy for ensuring diversity of board members?'),
(1405, 500, '2024-06-19', 64, 16, 14, 'YES', 'Governance', 428, 'Governance', 1, 500, 64, 'Does the company actively safeguard against illegal practices?'),
(1406, 501, '2024-06-19', 64, 7, 14, 'NO', 'Social', 429, 'Social', 0, 501, 64, 'Does the company provide employees and senior management with OHS induction/training where necessary?'),
(1407, 502, '2024-06-19', 64, 9, 14, 'YES', 'Social', 430, 'Social', 1, 502, 64, 'Do all employees have formal contracts of employment?'),
(1408, 503, '2024-06-19', 64, 12, 14, 'YES', 'Social', 431, 'Social', 1, 503, 64, 'Is the Chairman of the Board independent?'),
(1409, 504, '2024-06-19', 65, 1, 15, 'YES', 'Environmental', 432, 'Environmental', 1, 504, 65, 'Does the company have and adhere to an environmental policy which sets out clear commitments and targets to improve the company’s environmental footprint?'),
(1410, 505, '2024-06-19', 65, 4, 15, 'NO', 'Environmental', 433, 'Environmental', 0, 505, 65, 'Does the environmental policy cover climate change issues that could be relevant to the company?'),
(1411, 506, '2024-06-19', 65, 13, 15, 'YES', 'Governance', 434, 'Governance', 1, 506, 65, 'Does the company have a diverse board and a policy for ensuring diversity of board members?'),
(1412, 507, '2024-06-19', 65, 16, 15, 'YES', 'Governance', 435, 'Governance', 1, 507, 65, 'Does the company actively safeguard against illegal practices?'),
(1413, 508, '2024-06-19', 65, 7, 15, 'NO', 'Social', 436, 'Social', 0, 508, 65, 'Does the company provide employees and senior management with OHS induction/training where necessary?'),
(1414, 509, '2024-06-19', 65, 9, 15, 'YES', 'Social', 437, 'Social', 1, 509, 65, 'Do all employees have formal contracts of employment?'),
(1415, 510, '2024-06-19', 65, 12, 15, 'YES', 'Social', 438, 'Social', 1, 510, 65, 'Is the Chairman of the Board independent?'),
(1416, 511, '2024-06-19', 66, 2, 16, 'YES', 'Environmental', 439, 'Environmental', 1, 511, 66, 'Does the company\'s environmental policy have executive and/or board-level commitment, support, and endorsement?'),
(1417, 512, '2024-06-19', 66, 5, 16, 'YES', 'Environmental', 440, 'Environmental', 1, 512, 66, 'Does the company have and adhere to an occupational health & safety (OHS) policy which sets out clear commitments and targets to improve worker health & safety?'),
(1418, 513, '2024-06-19', 66, 15, 16, 'NO', 'Governance', 441, 'Governance', 0, 513, 66, 'Is the company\'s code of ethics/conduct or values statement regularly reviewed and updated accordingly?'),
(1419, 514, '2024-06-19', 66, 10, 16, 'NO', 'Social', 442, 'Social', 0, 514, 66, 'Do all employees meet minimum age standards and regulations?'),
(1420, 515, '2024-06-19', 67, 3, 17, 'YES', 'Environmental', 443, 'Environmental', 1, 515, 67, 'Does the company conduct environmental risk and opportunity assessments of their activities?'),
(1421, 516, '2024-06-19', 67, 14, 17, 'YES', 'Governance', 444, 'Governance', 1, 516, 67, 'Does the company have and abide by a code of ethics/conduct or values statement to guide company conduct with honesty and integrity?'),
(1422, 517, '2024-06-19', 67, 6, 17, 'YES', 'Social', 445, 'Social', 1, 517, 67, 'Does the company\'s OHS policy have executive and/or board-level commitment, support, and endorsement?'),
(1423, 518, '2024-06-19', 67, 8, 17, 'YES', 'Social', 446, 'Social', 1, 518, 67, 'Does the company have and adhere to a policy which sets out clear commitments and targets that cover discrimination and child, forced or compulsory labour in its workforce and its supply chain?'),
(1424, 519, '2024-06-19', 67, 11, 17, 'YES', 'Social', 447, 'Social', 1, 519, 67, 'Does the Board of Directors include executive and non-executive directors?'),
(1425, 520, '2024-06-19', 68, 1, 18, 'NO', 'Environmental', 448, 'Environmental', 0, 520, 68, 'Does the company have and adhere to an environmental policy which sets out clear commitments and targets to improve the company’s environmental footprint?'),
(1426, 521, '2024-06-19', 68, 4, 18, 'YES', 'Environmental', 449, 'Environmental', 1, 521, 68, 'Does the environmental policy cover climate change issues that could be relevant to the company?'),
(1427, 522, '2024-06-19', 68, 13, 18, 'NO', 'Governance', 450, 'Governance', 0, 522, 68, 'Does the company have a diverse board and a policy for ensuring diversity of board members?'),
(1428, 523, '2024-06-19', 68, 16, 18, 'YES', 'Governance', 451, 'Governance', 1, 523, 68, 'Does the company actively safeguard against illegal practices?'),
(1429, 524, '2024-06-19', 68, 7, 18, 'YES', 'Social', 452, 'Social', 1, 524, 68, 'Does the company provide employees and senior management with OHS induction/training where necessary?'),
(1430, 525, '2024-06-19', 68, 9, 18, 'NO', 'Social', 453, 'Social', 0, 525, 68, 'Do all employees have formal contracts of employment?'),
(1431, 526, '2024-06-19', 68, 12, 18, 'NO', 'Social', 454, 'Social', 0, 526, 68, 'Is the Chairman of the Board independent?'),
(1432, 527, '2024-06-20', 71, 1, 1, 'NO', 'Environmental', 455, 'Environmental', 0, 527, 71, 'Does the company have and adhere to an environmental policy which sets out clear commitments and targets to improve the company’s environmental footprint?'),
(1433, 528, '2024-06-20', 71, 4, 1, 'YES', 'Environmental', 456, 'Environmental', 1, 528, 71, 'Does the environmental policy cover climate change issues that could be relevant to the company?'),
(1434, 529, '2024-06-20', 71, 13, 1, 'NO', 'Governance', 457, 'Governance', 0, 529, 71, 'Does the company have a diverse board and a policy for ensuring diversity of board members?'),
(1435, 530, '2024-06-20', 71, 16, 1, 'NO', 'Governance', 458, 'Governance', 0, 530, 71, 'Does the company actively safeguard against illegal practices?'),
(1436, 531, '2024-06-20', 71, 7, 1, 'YES', 'Social', 459, 'Social', 1, 531, 71, 'Does the company provide employees and senior management with OHS induction/training where necessary?'),
(1437, 532, '2024-06-20', 71, 9, 1, 'NO', 'Social', 460, 'Social', 0, 532, 71, 'Do all employees have formal contracts of employment?'),
(1438, 533, '2024-06-20', 71, 12, 1, 'NO', 'Social', 461, 'Social', 0, 533, 71, 'Is the Chairman of the Board independent?'),
(1439, 534, '2024-06-20', 72, 1, 1, 'YES', 'Environmental', 462, 'Environmental', 1, 534, 72, 'Does the company have and adhere to an environmental policy which sets out clear commitments and targets to improve the company’s environmental footprint?'),
(1440, 535, '2024-06-20', 72, 4, 1, 'YES', 'Environmental', 463, 'Environmental', 1, 535, 72, 'Does the environmental policy cover climate change issues that could be relevant to the company?'),
(1441, 536, '2024-06-20', 72, 13, 1, 'YES', 'Governance', 464, 'Governance', 1, 536, 72, 'Does the company have a diverse board and a policy for ensuring diversity of board members?'),
(1442, 537, '2024-06-20', 72, 16, 1, 'NO', 'Governance', 465, 'Governance', 0, 537, 72, 'Does the company actively safeguard against illegal practices?'),
(1443, 538, '2024-06-20', 72, 7, 1, 'YES', 'Social', 466, 'Social', 1, 538, 72, 'Does the company provide employees and senior management with OHS induction/training where necessary?'),
(1444, 539, '2024-06-20', 72, 9, 1, 'YES', 'Social', 467, 'Social', 1, 539, 72, 'Do all employees have formal contracts of employment?'),
(1445, 540, '2024-06-20', 72, 12, 1, 'NO', 'Social', 468, 'Social', 0, 540, 72, 'Is the Chairman of the Board independent?'),
(1446, 541, '2024-06-20', 74, 2, 10, 'YES', 'Environmental', 469, 'Environmental', 1, 541, 74, 'Does the company\'s environmental policy have executive and/or board-level commitment, support, and endorsement?'),
(1447, 542, '2024-06-20', 74, 5, 10, 'YES', 'Environmental', 470, 'Environmental', 1, 542, 74, 'Does the company have and adhere to an occupational health & safety (OHS) policy which sets out clear commitments and targets to improve worker health & safety?'),
(1448, 543, '2024-06-20', 74, 15, 10, 'YES', 'Governance', 471, 'Governance', 1, 543, 74, 'Is the company\'s code of ethics/conduct or values statement regularly reviewed and updated accordingly?'),
(1449, 544, '2024-06-20', 74, 10, 10, 'YES', 'Social', 472, 'Social', 1, 544, 74, 'Do all employees meet minimum age standards and regulations?'),
(1450, 545, '2024-06-20', 76, 2, 10, 'NO', 'Environmental', 473, 'Environmental', 0, 545, 76, 'Does the company\'s environmental policy have executive and/or board-level commitment, support, and endorsement?'),
(1451, 546, '2024-06-20', 76, 5, 10, 'YES', 'Environmental', 474, 'Environmental', 1, 546, 76, 'Does the company have and adhere to an occupational health & safety (OHS) policy which sets out clear commitments and targets to improve worker health & safety?'),
(1452, 547, '2024-06-20', 76, 15, 10, 'NO', 'Governance', 475, 'Governance', 0, 547, 76, 'Is the company\'s code of ethics/conduct or values statement regularly reviewed and updated accordingly?'),
(1453, 548, '2024-06-20', 76, 10, 10, 'NO', 'Social', 476, 'Social', 0, 548, 76, 'Do all employees meet minimum age standards and regulations?'),
(1454, 549, '2024-06-20', 78, 2, 11, 'NO', 'Environmental', 477, 'Environmental', 0, 549, 78, 'Does the company\'s environmental policy have executive and/or board-level commitment, support, and endorsement?'),
(1455, 550, '2024-06-20', 78, 5, 11, 'NO', 'Environmental', 478, 'Environmental', 0, 550, 78, 'Does the company have and adhere to an occupational health & safety (OHS) policy which sets out clear commitments and targets to improve worker health & safety?'),
(1456, 551, '2024-06-20', 78, 15, 11, 'NO', 'Governance', 479, 'Governance', 0, 551, 78, 'Is the company\'s code of ethics/conduct or values statement regularly reviewed and updated accordingly?'),
(1457, 552, '2024-06-20', 78, 10, 11, 'NO', 'Social', 480, 'Social', 0, 552, 78, 'Do all employees meet minimum age standards and regulations?'),
(1458, 553, '2024-06-20', 79, 3, 12, 'NO', 'Environmental', 481, 'Environmental', 0, 553, 79, 'Does the company conduct environmental risk and opportunity assessments of their activities?'),
(1459, 554, '2024-06-20', 79, 14, 12, 'NO', 'Governance', 482, 'Governance', 0, 554, 79, 'Does the company have and abide by a code of ethics/conduct or values statement to guide company conduct with honesty and integrity?'),
(1460, 555, '2024-06-20', 79, 6, 12, 'YES', 'Social', 483, 'Social', 1, 555, 79, 'Does the company\'s OHS policy have executive and/or board-level commitment, support, and endorsement?'),
(1461, 556, '2024-06-20', 79, 8, 12, 'YES', 'Social', 484, 'Social', 1, 556, 79, 'Does the company have and adhere to a policy which sets out clear commitments and targets that cover discrimination and child, forced or compulsory labour in its workforce and its supply chain?'),
(1462, 557, '2024-06-20', 79, 11, 12, 'YES', 'Social', 485, 'Social', 1, 557, 79, 'Does the Board of Directors include executive and non-executive directors?'),
(1463, 558, '2024-06-20', 81, 3, 12, 'YES', 'Environmental', 486, 'Environmental', 1, 558, 81, 'Does the company conduct environmental risk and opportunity assessments of their activities?'),
(1464, 559, '2024-06-20', 81, 14, 12, 'YES', 'Governance', 487, 'Governance', 1, 559, 81, 'Does the company have and abide by a code of ethics/conduct or values statement to guide company conduct with honesty and integrity?'),
(1465, 560, '2024-06-20', 81, 6, 12, 'YES', 'Social', 488, 'Social', 1, 560, 81, 'Does the company\'s OHS policy have executive and/or board-level commitment, support, and endorsement?'),
(1466, 561, '2024-06-20', 81, 8, 12, 'NO', 'Social', 489, 'Social', 0, 561, 81, 'Does the company have and adhere to a policy which sets out clear commitments and targets that cover discrimination and child, forced or compulsory labour in its workforce and its supply chain?'),
(1467, 562, '2024-06-20', 81, 11, 12, 'YES', 'Social', 490, 'Social', 1, 562, 81, 'Does the Board of Directors include executive and non-executive directors?'),
(1468, 563, '2024-06-20', 82, 3, 13, 'YES', 'Environmental', 491, 'Environmental', 1, 563, 82, 'Does the company conduct environmental risk and opportunity assessments of their activities?'),
(1469, 564, '2024-06-20', 82, 14, 13, 'NO', 'Governance', 492, 'Governance', 0, 564, 82, 'Does the company have and abide by a code of ethics/conduct or values statement to guide company conduct with honesty and integrity?'),
(1470, 565, '2024-06-20', 82, 6, 13, 'YES', 'Social', 493, 'Social', 1, 565, 82, 'Does the company\'s OHS policy have executive and/or board-level commitment, support, and endorsement?'),
(1471, 566, '2024-06-20', 82, 8, 13, 'YES', 'Social', 494, 'Social', 1, 566, 82, 'Does the company have and adhere to a policy which sets out clear commitments and targets that cover discrimination and child, forced or compulsory labour in its workforce and its supply chain?'),
(1472, 567, '2024-06-20', 82, 11, 13, 'YES', 'Social', 495, 'Social', 1, 567, 82, 'Does the Board of Directors include executive and non-executive directors?'),
(1473, 568, '2024-06-20', 83, 3, 13, 'NO', 'Environmental', 496, 'Environmental', 0, 568, 83, 'Does the company conduct environmental risk and opportunity assessments of their activities?'),
(1474, 569, '2024-06-20', 83, 14, 13, 'YES', 'Governance', 497, 'Governance', 1, 569, 83, 'Does the company have and abide by a code of ethics/conduct or values statement to guide company conduct with honesty and integrity?'),
(1475, 570, '2024-06-20', 83, 6, 13, 'NO', 'Social', 498, 'Social', 0, 570, 83, 'Does the company\'s OHS policy have executive and/or board-level commitment, support, and endorsement?'),
(1476, 571, '2024-06-20', 83, 8, 13, 'YES', 'Social', 499, 'Social', 1, 571, 83, 'Does the company have and adhere to a policy which sets out clear commitments and targets that cover discrimination and child, forced or compulsory labour in its workforce and its supply chain?'),
(1477, 572, '2024-06-20', 83, 11, 13, 'YES', 'Social', 500, 'Social', 1, 572, 83, 'Does the Board of Directors include executive and non-executive directors?'),
(1478, 573, '2024-06-20', 85, 1, 14, 'NO', 'Environmental', 501, 'Environmental', 0, 573, 85, 'Does the company have and adhere to an environmental policy which sets out clear commitments and targets to improve the company’s environmental footprint?'),
(1479, 574, '2024-06-20', 85, 4, 14, 'YES', 'Environmental', 502, 'Environmental', 1, 574, 85, 'Does the environmental policy cover climate change issues that could be relevant to the company?'),
(1480, 575, '2024-06-20', 85, 13, 14, 'YES', 'Governance', 503, 'Governance', 1, 575, 85, 'Does the company have a diverse board and a policy for ensuring diversity of board members?'),
(1481, 576, '2024-06-20', 85, 16, 14, 'YES', 'Governance', 504, 'Governance', 1, 576, 85, 'Does the company actively safeguard against illegal practices?'),
(1482, 577, '2024-06-20', 85, 7, 14, 'NO', 'Social', 505, 'Social', 0, 577, 85, 'Does the company provide employees and senior management with OHS induction/training where necessary?'),
(1483, 578, '2024-06-20', 85, 9, 14, 'YES', 'Social', 506, 'Social', 1, 578, 85, 'Do all employees have formal contracts of employment?'),
(1484, 579, '2024-06-20', 85, 12, 14, 'NO', 'Social', 507, 'Social', 0, 579, 85, 'Is the Chairman of the Board independent?'),
(1485, 580, '2024-06-20', 86, 1, 14, 'NO', 'Environmental', 508, 'Environmental', 0, 580, 86, 'Does the company have and adhere to an environmental policy which sets out clear commitments and targets to improve the company’s environmental footprint?'),
(1486, 581, '2024-06-20', 86, 4, 14, 'YES', 'Environmental', 509, 'Environmental', 1, 581, 86, 'Does the environmental policy cover climate change issues that could be relevant to the company?'),
(1487, 582, '2024-06-20', 86, 13, 14, 'YES', 'Governance', 510, 'Governance', 1, 582, 86, 'Does the company have a diverse board and a policy for ensuring diversity of board members?'),
(1488, 583, '2024-06-20', 86, 16, 14, 'YES', 'Governance', 511, 'Governance', 1, 583, 86, 'Does the company actively safeguard against illegal practices?'),
(1489, 584, '2024-06-20', 86, 7, 14, 'NO', 'Social', 512, 'Social', 0, 584, 86, 'Does the company provide employees and senior management with OHS induction/training where necessary?'),
(1490, 585, '2024-06-20', 86, 9, 14, 'NO', 'Social', 513, 'Social', 0, 585, 86, 'Do all employees have formal contracts of employment?'),
(1491, 586, '2024-06-20', 86, 12, 14, 'NO', 'Social', 514, 'Social', 0, 586, 86, 'Is the Chairman of the Board independent?'),
(1492, 587, '2024-06-20', 87, 1, 15, 'NO', 'Environmental', 515, 'Environmental', 0, 587, 87, 'Does the company have and adhere to an environmental policy which sets out clear commitments and targets to improve the company’s environmental footprint?'),
(1493, 588, '2024-06-20', 87, 4, 15, 'YES', 'Environmental', 516, 'Environmental', 1, 588, 87, 'Does the environmental policy cover climate change issues that could be relevant to the company?'),
(1494, 589, '2024-06-20', 87, 13, 15, 'YES', 'Governance', 517, 'Governance', 1, 589, 87, 'Does the company have a diverse board and a policy for ensuring diversity of board members?'),
(1495, 590, '2024-06-20', 87, 16, 15, 'YES', 'Governance', 518, 'Governance', 1, 590, 87, 'Does the company actively safeguard against illegal practices?'),
(1496, 591, '2024-06-20', 87, 7, 15, 'NO', 'Social', 519, 'Social', 0, 591, 87, 'Does the company provide employees and senior management with OHS induction/training where necessary?'),
(1497, 592, '2024-06-20', 87, 9, 15, 'NO', 'Social', 520, 'Social', 0, 592, 87, 'Do all employees have formal contracts of employment?'),
(1498, 593, '2024-06-20', 87, 12, 15, 'YES', 'Social', 521, 'Social', 1, 593, 87, 'Is the Chairman of the Board independent?'),
(1499, 594, '2024-06-20', 88, 1, 15, 'NO', 'Environmental', 522, 'Environmental', 0, 594, 88, 'Does the company have and adhere to an environmental policy which sets out clear commitments and targets to improve the company’s environmental footprint?'),
(1500, 595, '2024-06-20', 88, 4, 15, 'YES', 'Environmental', 523, 'Environmental', 1, 595, 88, 'Does the environmental policy cover climate change issues that could be relevant to the company?'),
(1501, 596, '2024-06-20', 88, 13, 15, 'NO', 'Governance', 524, 'Governance', 0, 596, 88, 'Does the company have a diverse board and a policy for ensuring diversity of board members?'),
(1502, 597, '2024-06-20', 88, 16, 15, 'YES', 'Governance', 525, 'Governance', 1, 597, 88, 'Does the company actively safeguard against illegal practices?'),
(1503, 598, '2024-06-20', 88, 7, 15, 'YES', 'Social', 526, 'Social', 1, 598, 88, 'Does the company provide employees and senior management with OHS induction/training where necessary?'),
(1504, 599, '2024-06-20', 88, 9, 15, 'NO', 'Social', 527, 'Social', 0, 599, 88, 'Do all employees have formal contracts of employment?'),
(1505, 600, '2024-06-20', 88, 12, 15, 'YES', 'Social', 528, 'Social', 1, 600, 88, 'Is the Chairman of the Board independent?'),
(1506, 601, '2024-06-20', 92, 2, 16, 'YES', 'Environmental', 529, 'Environmental', 1, 601, 92, 'Does the company\'s environmental policy have executive and/or board-level commitment, support, and endorsement?'),
(1507, 602, '2024-06-20', 92, 5, 16, 'YES', 'Environmental', 530, 'Environmental', 1, 602, 92, 'Does the company have and adhere to an occupational health & safety (OHS) policy which sets out clear commitments and targets to improve worker health & safety?'),
(1508, 603, '2024-06-20', 92, 15, 16, 'YES', 'Governance', 531, 'Governance', 1, 603, 92, 'Is the company\'s code of ethics/conduct or values statement regularly reviewed and updated accordingly?'),
(1509, 604, '2024-06-20', 92, 10, 16, 'YES', 'Social', 532, 'Social', 1, 604, 92, 'Do all employees meet minimum age standards and regulations?'),
(1510, 605, '2024-06-20', 93, 2, 16, 'YES', 'Environmental', 533, 'Environmental', 1, 605, 93, 'Does the company\'s environmental policy have executive and/or board-level commitment, support, and endorsement?'),
(1511, 606, '2024-06-20', 93, 5, 16, 'NO', 'Environmental', 534, 'Environmental', 0, 606, 93, 'Does the company have and adhere to an occupational health & safety (OHS) policy which sets out clear commitments and targets to improve worker health & safety?'),
(1512, 607, '2024-06-20', 93, 15, 16, 'NO', 'Governance', 535, 'Governance', 0, 607, 93, 'Is the company\'s code of ethics/conduct or values statement regularly reviewed and updated accordingly?'),
(1513, 608, '2024-06-20', 93, 10, 16, 'YES', 'Social', 536, 'Social', 1, 608, 93, 'Do all employees meet minimum age standards and regulations?'),
(1514, 609, '2024-06-20', 95, 1, 18, 'YES', 'Environmental', 537, 'Environmental', 1, 609, 95, 'Does the company have and adhere to an environmental policy which sets out clear commitments and targets to improve the company’s environmental footprint?'),
(1515, 610, '2024-06-20', 95, 4, 18, 'NO', 'Environmental', 538, 'Environmental', 0, 610, 95, 'Does the environmental policy cover climate change issues that could be relevant to the company?'),
(1516, 611, '2024-06-20', 95, 13, 18, 'YES', 'Governance', 539, 'Governance', 1, 611, 95, 'Does the company have a diverse board and a policy for ensuring diversity of board members?'),
(1517, 612, '2024-06-20', 95, 16, 18, 'YES', 'Governance', 540, 'Governance', 1, 612, 95, 'Does the company actively safeguard against illegal practices?'),
(1518, 613, '2024-06-20', 95, 7, 18, 'NO', 'Social', 541, 'Social', 0, 613, 95, 'Does the company provide employees and senior management with OHS induction/training where necessary?'),
(1519, 614, '2024-06-20', 95, 9, 18, 'NO', 'Social', 542, 'Social', 0, 614, 95, 'Do all employees have formal contracts of employment?'),
(1520, 615, '2024-06-20', 95, 12, 18, 'YES', 'Social', 543, 'Social', 1, 615, 95, 'Is the Chairman of the Board independent?');
INSERT INTO `hc_pl` (`id`, `hc_tr_analysis_response_id`, `hc_tr_analysis_response_date`, `hc_tr_analysis_assessment_id`, `hc_tr_analysis_question_id`, `hc_tr_analysis_user_id`, `hc_tr_analysis_response`, `hc_tr_analysis_part`, `hc_tr_analysis_calc_id`, `hc_tr_analysis_calc_part`, `hc_tr_analysis_calc_score`, `hc_tr_analysis_calc_original_id`, `hc_tr_analysis_calc_assessment_id`, `hc_mt_question_text`) VALUES
(1521, 616, '2024-06-20', 96, 1, 18, 'YES', 'Environmental', 544, 'Environmental', 1, 616, 96, 'Does the company have and adhere to an environmental policy which sets out clear commitments and targets to improve the company’s environmental footprint?'),
(1522, 617, '2024-06-20', 96, 4, 18, 'YES', 'Environmental', 545, 'Environmental', 1, 617, 96, 'Does the environmental policy cover climate change issues that could be relevant to the company?'),
(1523, 618, '2024-06-20', 96, 13, 18, 'NO', 'Governance', 546, 'Governance', 0, 618, 96, 'Does the company have a diverse board and a policy for ensuring diversity of board members?'),
(1524, 619, '2024-06-20', 96, 16, 18, 'YES', 'Governance', 547, 'Governance', 1, 619, 96, 'Does the company actively safeguard against illegal practices?'),
(1525, 620, '2024-06-20', 96, 7, 18, 'YES', 'Social', 548, 'Social', 1, 620, 96, 'Does the company provide employees and senior management with OHS induction/training where necessary?'),
(1526, 621, '2024-06-20', 96, 9, 18, 'NO', 'Social', 549, 'Social', 0, 621, 96, 'Do all employees have formal contracts of employment?'),
(1527, 622, '2024-06-20', 96, 12, 18, 'YES', 'Social', 550, 'Social', 1, 622, 96, 'Is the Chairman of the Board independent?'),
(1528, 623, '2024-06-20', 98, 1, 18, 'YES', 'Environmental', 551, 'Environmental', 1, 623, 98, 'Does the company have and adhere to an environmental policy which sets out clear commitments and targets to improve the company’s environmental footprint?'),
(1529, 624, '2024-06-20', 98, 4, 18, 'YES', 'Environmental', 552, 'Environmental', 1, 624, 98, 'Does the environmental policy cover climate change issues that could be relevant to the company?'),
(1530, 625, '2024-06-20', 98, 13, 18, 'NO', 'Governance', 553, 'Governance', 0, 625, 98, 'Does the company have a diverse board and a policy for ensuring diversity of board members?'),
(1531, 626, '2024-06-20', 98, 16, 18, 'NO', 'Governance', 554, 'Governance', 0, 626, 98, 'Does the company actively safeguard against illegal practices?'),
(1532, 627, '2024-06-20', 98, 7, 18, 'YES', 'Social', 555, 'Social', 1, 627, 98, 'Does the company provide employees and senior management with OHS induction/training where necessary?'),
(1533, 628, '2024-06-20', 98, 9, 18, 'YES', 'Social', 556, 'Social', 1, 628, 98, 'Do all employees have formal contracts of employment?'),
(1534, 629, '2024-06-20', 98, 12, 18, 'YES', 'Social', 557, 'Social', 1, 629, 98, 'Is the Chairman of the Board independent?'),
(1535, 630, '2024-06-20', 99, 1, 18, 'YES', 'Environmental', 558, 'Environmental', 1, 630, 99, 'Does the company have and adhere to an environmental policy which sets out clear commitments and targets to improve the company’s environmental footprint?'),
(1536, 631, '2024-06-20', 99, 4, 18, 'YES', 'Environmental', 559, 'Environmental', 1, 631, 99, 'Does the environmental policy cover climate change issues that could be relevant to the company?'),
(1537, 632, '2024-06-20', 99, 13, 18, 'NO', 'Governance', 560, 'Governance', 0, 632, 99, 'Does the company have a diverse board and a policy for ensuring diversity of board members?'),
(1538, 633, '2024-06-20', 99, 16, 18, 'NO', 'Governance', 561, 'Governance', 0, 633, 99, 'Does the company actively safeguard against illegal practices?'),
(1539, 634, '2024-06-20', 99, 7, 18, 'YES', 'Social', 562, 'Social', 1, 634, 99, 'Does the company provide employees and senior management with OHS induction/training where necessary?'),
(1540, 635, '2024-06-20', 99, 9, 18, 'YES', 'Social', 563, 'Social', 1, 635, 99, 'Do all employees have formal contracts of employment?'),
(1541, 636, '2024-06-20', 99, 12, 18, 'YES', 'Social', 564, 'Social', 1, 636, 99, 'Is the Chairman of the Board independent?'),
(1542, 637, '2024-06-29', 101, 1, 1, 'YES', 'Environmental', 565, 'Environmental', 1, 637, 101, 'Does the company have and adhere to an environmental policy which sets out clear commitments and targets to improve the company’s environmental footprint?'),
(1543, 638, '2024-06-29', 101, 4, 1, 'NO', 'Environmental', 566, 'Environmental', 0, 638, 101, 'Does the environmental policy cover climate change issues that could be relevant to the company?'),
(1544, 639, '2024-06-29', 101, 13, 1, 'YES', 'Governance', 567, 'Governance', 1, 639, 101, 'Does the company have a diverse board and a policy for ensuring diversity of board members?'),
(1545, 640, '2024-06-29', 101, 16, 1, 'YES', 'Governance', 568, 'Governance', 1, 640, 101, 'Does the company actively safeguard against illegal practices?'),
(1546, 641, '2024-06-29', 101, 7, 1, 'NO', 'Social', 569, 'Social', 0, 641, 101, 'Does the company provide employees and senior management with OHS induction/training where necessary?'),
(1547, 642, '2024-06-29', 101, 9, 1, 'YES', 'Social', 570, 'Social', 1, 642, 101, 'Do all employees have formal contracts of employment?'),
(1548, 643, '2024-06-29', 101, 12, 1, 'YES', 'Social', 571, 'Social', 1, 643, 101, 'Is the Chairman of the Board independent?'),
(1549, 644, '2024-06-29', 101, 1, 1, 'YES', 'Environmental', 572, 'Environmental', 1, 637, 101, 'Does the company have and adhere to an environmental policy which sets out clear commitments and targets to improve the company’s environmental footprint?'),
(1550, 645, '2024-06-29', 101, 4, 1, 'NO', 'Environmental', 573, 'Environmental', 0, 638, 101, 'Does the environmental policy cover climate change issues that could be relevant to the company?'),
(1551, 646, '2024-06-29', 101, 13, 1, 'YES', 'Governance', 574, 'Governance', 1, 639, 101, 'Does the company have a diverse board and a policy for ensuring diversity of board members?'),
(1552, 647, '2024-06-29', 101, 16, 1, 'YES', 'Governance', 575, 'Governance', 1, 640, 101, 'Does the company actively safeguard against illegal practices?'),
(1553, 648, '2024-06-29', 101, 7, 1, 'NO', 'Social', 576, 'Social', 0, 641, 101, 'Does the company provide employees and senior management with OHS induction/training where necessary?'),
(1554, 649, '2024-06-29', 101, 9, 1, 'YES', 'Social', 577, 'Social', 1, 642, 101, 'Do all employees have formal contracts of employment?'),
(1555, 650, '2024-06-29', 101, 12, 1, 'YES', 'Social', 578, 'Social', 1, 643, 101, 'Is the Chairman of the Board independent?'),
(1556, 651, '2024-06-29', 101, 1, 1, 'YES', 'Environmental', 579, 'Environmental', 1, 644, 101, 'Does the company have and adhere to an environmental policy which sets out clear commitments and targets to improve the company’s environmental footprint?'),
(1557, 652, '2024-06-29', 101, 4, 1, 'NO', 'Environmental', 580, 'Environmental', 0, 645, 101, 'Does the environmental policy cover climate change issues that could be relevant to the company?'),
(1558, 653, '2024-06-29', 101, 13, 1, 'NO', 'Governance', 581, 'Governance', 1, 646, 101, 'Does the company have a diverse board and a policy for ensuring diversity of board members?'),
(1559, 654, '2024-06-29', 101, 16, 1, 'NO', 'Governance', 582, 'Governance', 1, 647, 101, 'Does the company actively safeguard against illegal practices?'),
(1560, 655, '2024-06-29', 101, 7, 1, 'NO', 'Social', 583, 'Social', 0, 648, 101, 'Does the company provide employees and senior management with OHS induction/training where necessary?'),
(1561, 656, '2024-06-29', 101, 9, 1, 'YES', 'Social', 584, 'Social', 1, 649, 101, 'Do all employees have formal contracts of employment?'),
(1562, 657, '2024-06-29', 101, 12, 1, 'YES', 'Social', 585, 'Social', 1, 650, 101, 'Is the Chairman of the Board independent?'),
(1563, 658, '2024-06-29', 102, 1, 1, 'YES', 'Environmental', 586, 'Environmental', 1, 637, 101, 'Does the company have and adhere to an environmental policy which sets out clear commitments and targets to improve the company’s environmental footprint?'),
(1564, 659, '2024-06-29', 102, 4, 1, 'NO', 'Environmental', 587, 'Environmental', 0, 638, 101, 'Does the environmental policy cover climate change issues that could be relevant to the company?'),
(1565, 660, '2024-06-29', 102, 13, 1, 'NO', 'Governance', 588, 'Governance', 1, 639, 101, 'Does the company have a diverse board and a policy for ensuring diversity of board members?'),
(1566, 661, '2024-06-29', 102, 16, 1, 'NO', 'Governance', 589, 'Governance', 1, 640, 101, 'Does the company actively safeguard against illegal practices?'),
(1567, 662, '2024-06-29', 102, 7, 1, 'NO', 'Social', 590, 'Social', 0, 641, 101, 'Does the company provide employees and senior management with OHS induction/training where necessary?'),
(1568, 663, '2024-06-29', 102, 9, 1, 'YES', 'Social', 591, 'Social', 1, 642, 101, 'Do all employees have formal contracts of employment?'),
(1569, 664, '2024-06-29', 102, 12, 1, 'YES', 'Social', 592, 'Social', 1, 643, 101, 'Is the Chairman of the Board independent?'),
(1570, 665, '2024-06-29', 103, 1, 1, 'YES', 'Environmental', 593, 'Environmental', 1, 644, 101, 'Does the company have and adhere to an environmental policy which sets out clear commitments and targets to improve the company’s environmental footprint?'),
(1571, 666, '2024-06-29', 103, 4, 1, 'NO', 'Environmental', 594, 'Environmental', 0, 645, 101, 'Does the environmental policy cover climate change issues that could be relevant to the company?'),
(1572, 667, '2024-06-29', 103, 13, 1, 'NO', 'Governance', 595, 'Governance', 1, 646, 101, 'Does the company have a diverse board and a policy for ensuring diversity of board members?'),
(1573, 668, '2024-06-29', 103, 16, 1, 'NO', 'Governance', 596, 'Governance', 1, 647, 101, 'Does the company actively safeguard against illegal practices?'),
(1574, 669, '2024-06-29', 103, 7, 1, 'NO', 'Social', 597, 'Social', 0, 648, 101, 'Does the company provide employees and senior management with OHS induction/training where necessary?'),
(1575, 670, '2024-06-29', 103, 9, 1, 'YES', 'Social', 598, 'Social', 1, 649, 101, 'Do all employees have formal contracts of employment?'),
(1576, 671, '2024-06-29', 103, 12, 1, 'YES', 'Social', 599, 'Social', 1, 650, 101, 'Is the Chairman of the Board independent?'),
(1577, 672, '2024-06-29', 104, 1, 1, 'YES', 'Environmental', 600, 'Environmental', 1, 651, 101, 'Does the company have and adhere to an environmental policy which sets out clear commitments and targets to improve the company’s environmental footprint?'),
(1578, 673, '2024-06-29', 104, 4, 1, 'NO', 'Environmental', 601, 'Environmental', 0, 652, 101, 'Does the environmental policy cover climate change issues that could be relevant to the company?'),
(1579, 674, '2024-06-29', 104, 13, 1, 'NO', 'Governance', 602, 'Governance', 0, 653, 101, 'Does the company have a diverse board and a policy for ensuring diversity of board members?'),
(1580, 675, '2024-06-29', 104, 16, 1, 'NO', 'Governance', 603, 'Governance', 0, 654, 101, 'Does the company actively safeguard against illegal practices?'),
(1581, 676, '2024-06-29', 104, 7, 1, 'NO', 'Social', 604, 'Social', 0, 655, 101, 'Does the company provide employees and senior management with OHS induction/training where necessary?'),
(1582, 677, '2024-06-29', 104, 9, 1, 'YES', 'Social', 605, 'Social', 1, 656, 101, 'Do all employees have formal contracts of employment?'),
(1583, 678, '2024-06-29', 104, 12, 1, 'YES', 'Social', 606, 'Social', 1, 657, 101, 'Is the Chairman of the Board independent?'),
(1584, 679, '2024-06-29', 105, 1, 1, 'YES', 'Environmental', 607, 'Environmental', 1, 658, 102, 'Does the company have and adhere to an environmental policy which sets out clear commitments and targets to improve the company’s environmental footprint?'),
(1585, 680, '2024-06-29', 105, 4, 1, 'NO', 'Environmental', 608, 'Environmental', 0, 659, 102, 'Does the environmental policy cover climate change issues that could be relevant to the company?'),
(1586, 681, '2024-06-29', 105, 13, 1, 'NO', 'Governance', 609, 'Governance', 0, 660, 102, 'Does the company have a diverse board and a policy for ensuring diversity of board members?'),
(1587, 682, '2024-06-29', 105, 16, 1, 'NO', 'Governance', 610, 'Governance', 0, 661, 102, 'Does the company actively safeguard against illegal practices?'),
(1588, 683, '2024-06-29', 105, 7, 1, 'NO', 'Social', 611, 'Social', 0, 662, 102, 'Does the company provide employees and senior management with OHS induction/training where necessary?'),
(1589, 684, '2024-06-29', 105, 9, 1, 'YES', 'Social', 612, 'Social', 1, 663, 102, 'Do all employees have formal contracts of employment?'),
(1590, 685, '2024-06-29', 105, 12, 1, 'YES', 'Social', 613, 'Social', 1, 664, 102, 'Is the Chairman of the Board independent?'),
(1591, 686, '2024-06-29', 106, 1, 1, 'YES', 'Environmental', 614, 'Environmental', 1, 665, 103, 'Does the company have and adhere to an environmental policy which sets out clear commitments and targets to improve the company’s environmental footprint?'),
(1592, 687, '2024-06-29', 106, 4, 1, 'NO', 'Environmental', 615, 'Environmental', 0, 666, 103, 'Does the environmental policy cover climate change issues that could be relevant to the company?'),
(1593, 688, '2024-06-29', 106, 13, 1, 'NO', 'Governance', 616, 'Governance', 0, 667, 103, 'Does the company have a diverse board and a policy for ensuring diversity of board members?'),
(1594, 689, '2024-06-29', 106, 16, 1, 'NO', 'Governance', 617, 'Governance', 0, 668, 103, 'Does the company actively safeguard against illegal practices?'),
(1595, 690, '2024-06-29', 106, 7, 1, 'NO', 'Social', 618, 'Social', 0, 669, 103, 'Does the company provide employees and senior management with OHS induction/training where necessary?'),
(1596, 691, '2024-06-29', 106, 9, 1, 'YES', 'Social', 619, 'Social', 1, 670, 103, 'Do all employees have formal contracts of employment?'),
(1597, 692, '2024-06-29', 106, 12, 1, 'YES', 'Social', 620, 'Social', 1, 671, 103, 'Is the Chairman of the Board independent?'),
(1598, 693, '2024-06-29', 107, 1, 1, 'YES', 'Environmental', 621, 'Environmental', 1, 672, 104, 'Does the company have and adhere to an environmental policy which sets out clear commitments and targets to improve the company’s environmental footprint?'),
(1599, 694, '2024-06-29', 107, 4, 1, 'NO', 'Environmental', 622, 'Environmental', 0, 673, 104, 'Does the environmental policy cover climate change issues that could be relevant to the company?'),
(1600, 695, '2024-06-29', 107, 13, 1, 'NO', 'Governance', 623, 'Governance', 0, 674, 104, 'Does the company have a diverse board and a policy for ensuring diversity of board members?'),
(1601, 696, '2024-06-29', 107, 16, 1, 'NO', 'Governance', 624, 'Governance', 0, 675, 104, 'Does the company actively safeguard against illegal practices?'),
(1602, 697, '2024-06-29', 107, 7, 1, 'NO', 'Social', 625, 'Social', 0, 676, 104, 'Does the company provide employees and senior management with OHS induction/training where necessary?'),
(1603, 698, '2024-06-29', 107, 9, 1, 'YES', 'Social', 626, 'Social', 1, 677, 104, 'Do all employees have formal contracts of employment?'),
(1604, 699, '2024-06-29', 107, 12, 1, 'YES', 'Social', 627, 'Social', 1, 678, 104, 'Is the Chairman of the Board independent?'),
(1605, 472, '2024-06-19', 59, 1, 1, 'YES', 'Environmental', 400, 'Environmental', 1, 472, 59, 'Does the company have and adhere to an environmental policy which sets out clear commitments and targets to improve the company’s environmental footprint?'),
(1606, 473, '2024-06-19', 59, 4, 1, 'YES', 'Environmental', 401, 'Environmental', 1, 473, 59, 'Does the environmental policy cover climate change issues that could be relevant to the company?'),
(1607, 474, '2024-06-19', 59, 13, 1, 'YES', 'Governance', 402, 'Governance', 1, 474, 59, 'Does the company have a diverse board and a policy for ensuring diversity of board members?'),
(1608, 475, '2024-06-19', 59, 16, 1, 'YES', 'Governance', 403, 'Governance', 1, 475, 59, 'Does the company actively safeguard against illegal practices?'),
(1609, 476, '2024-06-19', 59, 7, 1, 'YES', 'Social', 404, 'Social', 1, 476, 59, 'Does the company provide employees and senior management with OHS induction/training where necessary?'),
(1610, 477, '2024-06-19', 59, 9, 1, 'YES', 'Social', 405, 'Social', 1, 477, 59, 'Do all employees have formal contracts of employment?'),
(1611, 478, '2024-06-19', 59, 12, 1, 'YES', 'Social', 406, 'Social', 1, 478, 59, 'Is the Chairman of the Board independent?'),
(1612, 479, '2024-06-19', 60, 2, 10, 'YES', 'Environmental', 407, 'Environmental', 1, 479, 60, 'Does the company\'s environmental policy have executive and/or board-level commitment, support, and endorsement?'),
(1613, 480, '2024-06-19', 60, 5, 10, 'YES', 'Environmental', 408, 'Environmental', 1, 480, 60, 'Does the company have and adhere to an occupational health & safety (OHS) policy which sets out clear commitments and targets to improve worker health & safety?'),
(1614, 481, '2024-06-19', 60, 15, 10, 'YES', 'Governance', 409, 'Governance', 1, 481, 60, 'Is the company\'s code of ethics/conduct or values statement regularly reviewed and updated accordingly?'),
(1615, 482, '2024-06-19', 60, 10, 10, 'YES', 'Social', 410, 'Social', 1, 482, 60, 'Do all employees meet minimum age standards and regulations?'),
(1616, 483, '2024-06-19', 61, 2, 11, 'NO', 'Environmental', 411, 'Environmental', 0, 483, 61, 'Does the company\'s environmental policy have executive and/or board-level commitment, support, and endorsement?'),
(1617, 484, '2024-06-19', 61, 5, 11, 'YES', 'Environmental', 412, 'Environmental', 1, 484, 61, 'Does the company have and adhere to an occupational health & safety (OHS) policy which sets out clear commitments and targets to improve worker health & safety?'),
(1618, 485, '2024-06-19', 61, 15, 11, 'NO', 'Governance', 413, 'Governance', 0, 485, 61, 'Is the company\'s code of ethics/conduct or values statement regularly reviewed and updated accordingly?'),
(1619, 486, '2024-06-19', 61, 10, 11, 'YES', 'Social', 414, 'Social', 1, 486, 61, 'Do all employees meet minimum age standards and regulations?'),
(1620, 487, '2024-06-19', 62, 3, 12, 'YES', 'Environmental', 415, 'Environmental', 1, 487, 62, 'Does the company conduct environmental risk and opportunity assessments of their activities?'),
(1621, 488, '2024-06-19', 62, 14, 12, 'NO', 'Governance', 416, 'Governance', 0, 488, 62, 'Does the company have and abide by a code of ethics/conduct or values statement to guide company conduct with honesty and integrity?'),
(1622, 489, '2024-06-19', 62, 6, 12, 'YES', 'Social', 417, 'Social', 1, 489, 62, 'Does the company\'s OHS policy have executive and/or board-level commitment, support, and endorsement?'),
(1623, 490, '2024-06-19', 62, 8, 12, 'YES', 'Social', 418, 'Social', 1, 490, 62, 'Does the company have and adhere to a policy which sets out clear commitments and targets that cover discrimination and child, forced or compulsory labour in its workforce and its supply chain?'),
(1624, 491, '2024-06-19', 62, 11, 12, 'YES', 'Social', 419, 'Social', 1, 491, 62, 'Does the Board of Directors include executive and non-executive directors?'),
(1625, 492, '2024-06-19', 63, 3, 13, 'YES', 'Environmental', 420, 'Environmental', 1, 492, 63, 'Does the company conduct environmental risk and opportunity assessments of their activities?'),
(1626, 493, '2024-06-19', 63, 14, 13, 'NO', 'Governance', 421, 'Governance', 0, 493, 63, 'Does the company have and abide by a code of ethics/conduct or values statement to guide company conduct with honesty and integrity?'),
(1627, 494, '2024-06-19', 63, 6, 13, 'NO', 'Social', 422, 'Social', 0, 494, 63, 'Does the company\'s OHS policy have executive and/or board-level commitment, support, and endorsement?'),
(1628, 495, '2024-06-19', 63, 8, 13, 'YES', 'Social', 423, 'Social', 1, 495, 63, 'Does the company have and adhere to a policy which sets out clear commitments and targets that cover discrimination and child, forced or compulsory labour in its workforce and its supply chain?'),
(1629, 496, '2024-06-19', 63, 11, 13, 'NO', 'Social', 424, 'Social', 0, 496, 63, 'Does the Board of Directors include executive and non-executive directors?'),
(1630, 497, '2024-06-19', 64, 1, 14, 'NO', 'Environmental', 425, 'Environmental', 0, 497, 64, 'Does the company have and adhere to an environmental policy which sets out clear commitments and targets to improve the company’s environmental footprint?'),
(1631, 498, '2024-06-19', 64, 4, 14, 'NO', 'Environmental', 426, 'Environmental', 0, 498, 64, 'Does the environmental policy cover climate change issues that could be relevant to the company?'),
(1632, 499, '2024-06-19', 64, 13, 14, 'YES', 'Governance', 427, 'Governance', 1, 499, 64, 'Does the company have a diverse board and a policy for ensuring diversity of board members?'),
(1633, 500, '2024-06-19', 64, 16, 14, 'YES', 'Governance', 428, 'Governance', 1, 500, 64, 'Does the company actively safeguard against illegal practices?'),
(1634, 501, '2024-06-19', 64, 7, 14, 'NO', 'Social', 429, 'Social', 0, 501, 64, 'Does the company provide employees and senior management with OHS induction/training where necessary?'),
(1635, 502, '2024-06-19', 64, 9, 14, 'YES', 'Social', 430, 'Social', 1, 502, 64, 'Do all employees have formal contracts of employment?'),
(1636, 503, '2024-06-19', 64, 12, 14, 'YES', 'Social', 431, 'Social', 1, 503, 64, 'Is the Chairman of the Board independent?'),
(1637, 504, '2024-06-19', 65, 1, 15, 'YES', 'Environmental', 432, 'Environmental', 1, 504, 65, 'Does the company have and adhere to an environmental policy which sets out clear commitments and targets to improve the company’s environmental footprint?'),
(1638, 505, '2024-06-19', 65, 4, 15, 'NO', 'Environmental', 433, 'Environmental', 0, 505, 65, 'Does the environmental policy cover climate change issues that could be relevant to the company?'),
(1639, 506, '2024-06-19', 65, 13, 15, 'YES', 'Governance', 434, 'Governance', 1, 506, 65, 'Does the company have a diverse board and a policy for ensuring diversity of board members?'),
(1640, 507, '2024-06-19', 65, 16, 15, 'YES', 'Governance', 435, 'Governance', 1, 507, 65, 'Does the company actively safeguard against illegal practices?'),
(1641, 508, '2024-06-19', 65, 7, 15, 'NO', 'Social', 436, 'Social', 0, 508, 65, 'Does the company provide employees and senior management with OHS induction/training where necessary?'),
(1642, 509, '2024-06-19', 65, 9, 15, 'YES', 'Social', 437, 'Social', 1, 509, 65, 'Do all employees have formal contracts of employment?'),
(1643, 510, '2024-06-19', 65, 12, 15, 'YES', 'Social', 438, 'Social', 1, 510, 65, 'Is the Chairman of the Board independent?'),
(1644, 511, '2024-06-19', 66, 2, 16, 'YES', 'Environmental', 439, 'Environmental', 1, 511, 66, 'Does the company\'s environmental policy have executive and/or board-level commitment, support, and endorsement?'),
(1645, 512, '2024-06-19', 66, 5, 16, 'YES', 'Environmental', 440, 'Environmental', 1, 512, 66, 'Does the company have and adhere to an occupational health & safety (OHS) policy which sets out clear commitments and targets to improve worker health & safety?'),
(1646, 513, '2024-06-19', 66, 15, 16, 'NO', 'Governance', 441, 'Governance', 0, 513, 66, 'Is the company\'s code of ethics/conduct or values statement regularly reviewed and updated accordingly?'),
(1647, 514, '2024-06-19', 66, 10, 16, 'NO', 'Social', 442, 'Social', 0, 514, 66, 'Do all employees meet minimum age standards and regulations?'),
(1648, 515, '2024-06-19', 67, 3, 17, 'YES', 'Environmental', 443, 'Environmental', 1, 515, 67, 'Does the company conduct environmental risk and opportunity assessments of their activities?'),
(1649, 516, '2024-06-19', 67, 14, 17, 'YES', 'Governance', 444, 'Governance', 1, 516, 67, 'Does the company have and abide by a code of ethics/conduct or values statement to guide company conduct with honesty and integrity?'),
(1650, 517, '2024-06-19', 67, 6, 17, 'YES', 'Social', 445, 'Social', 1, 517, 67, 'Does the company\'s OHS policy have executive and/or board-level commitment, support, and endorsement?'),
(1651, 518, '2024-06-19', 67, 8, 17, 'YES', 'Social', 446, 'Social', 1, 518, 67, 'Does the company have and adhere to a policy which sets out clear commitments and targets that cover discrimination and child, forced or compulsory labour in its workforce and its supply chain?'),
(1652, 519, '2024-06-19', 67, 11, 17, 'YES', 'Social', 447, 'Social', 1, 519, 67, 'Does the Board of Directors include executive and non-executive directors?'),
(1653, 520, '2024-06-19', 68, 1, 18, 'NO', 'Environmental', 448, 'Environmental', 0, 520, 68, 'Does the company have and adhere to an environmental policy which sets out clear commitments and targets to improve the company’s environmental footprint?'),
(1654, 521, '2024-06-19', 68, 4, 18, 'YES', 'Environmental', 449, 'Environmental', 1, 521, 68, 'Does the environmental policy cover climate change issues that could be relevant to the company?'),
(1655, 522, '2024-06-19', 68, 13, 18, 'NO', 'Governance', 450, 'Governance', 0, 522, 68, 'Does the company have a diverse board and a policy for ensuring diversity of board members?'),
(1656, 523, '2024-06-19', 68, 16, 18, 'YES', 'Governance', 451, 'Governance', 1, 523, 68, 'Does the company actively safeguard against illegal practices?'),
(1657, 524, '2024-06-19', 68, 7, 18, 'YES', 'Social', 452, 'Social', 1, 524, 68, 'Does the company provide employees and senior management with OHS induction/training where necessary?'),
(1658, 525, '2024-06-19', 68, 9, 18, 'NO', 'Social', 453, 'Social', 0, 525, 68, 'Do all employees have formal contracts of employment?'),
(1659, 526, '2024-06-19', 68, 12, 18, 'NO', 'Social', 454, 'Social', 0, 526, 68, 'Is the Chairman of the Board independent?'),
(1660, 527, '2024-06-20', 71, 1, 1, 'NO', 'Environmental', 455, 'Environmental', 0, 527, 71, 'Does the company have and adhere to an environmental policy which sets out clear commitments and targets to improve the company’s environmental footprint?'),
(1661, 528, '2024-06-20', 71, 4, 1, 'YES', 'Environmental', 456, 'Environmental', 1, 528, 71, 'Does the environmental policy cover climate change issues that could be relevant to the company?'),
(1662, 529, '2024-06-20', 71, 13, 1, 'NO', 'Governance', 457, 'Governance', 0, 529, 71, 'Does the company have a diverse board and a policy for ensuring diversity of board members?'),
(1663, 530, '2024-06-20', 71, 16, 1, 'NO', 'Governance', 458, 'Governance', 0, 530, 71, 'Does the company actively safeguard against illegal practices?'),
(1664, 531, '2024-06-20', 71, 7, 1, 'YES', 'Social', 459, 'Social', 1, 531, 71, 'Does the company provide employees and senior management with OHS induction/training where necessary?'),
(1665, 532, '2024-06-20', 71, 9, 1, 'NO', 'Social', 460, 'Social', 0, 532, 71, 'Do all employees have formal contracts of employment?'),
(1666, 533, '2024-06-20', 71, 12, 1, 'NO', 'Social', 461, 'Social', 0, 533, 71, 'Is the Chairman of the Board independent?'),
(1667, 534, '2024-06-20', 72, 1, 1, 'YES', 'Environmental', 462, 'Environmental', 1, 534, 72, 'Does the company have and adhere to an environmental policy which sets out clear commitments and targets to improve the company’s environmental footprint?'),
(1668, 535, '2024-06-20', 72, 4, 1, 'YES', 'Environmental', 463, 'Environmental', 1, 535, 72, 'Does the environmental policy cover climate change issues that could be relevant to the company?'),
(1669, 536, '2024-06-20', 72, 13, 1, 'YES', 'Governance', 464, 'Governance', 1, 536, 72, 'Does the company have a diverse board and a policy for ensuring diversity of board members?'),
(1670, 537, '2024-06-20', 72, 16, 1, 'NO', 'Governance', 465, 'Governance', 0, 537, 72, 'Does the company actively safeguard against illegal practices?'),
(1671, 538, '2024-06-20', 72, 7, 1, 'YES', 'Social', 466, 'Social', 1, 538, 72, 'Does the company provide employees and senior management with OHS induction/training where necessary?'),
(1672, 539, '2024-06-20', 72, 9, 1, 'YES', 'Social', 467, 'Social', 1, 539, 72, 'Do all employees have formal contracts of employment?'),
(1673, 540, '2024-06-20', 72, 12, 1, 'NO', 'Social', 468, 'Social', 0, 540, 72, 'Is the Chairman of the Board independent?'),
(1674, 541, '2024-06-20', 74, 2, 10, 'YES', 'Environmental', 469, 'Environmental', 1, 541, 74, 'Does the company\'s environmental policy have executive and/or board-level commitment, support, and endorsement?'),
(1675, 542, '2024-06-20', 74, 5, 10, 'YES', 'Environmental', 470, 'Environmental', 1, 542, 74, 'Does the company have and adhere to an occupational health & safety (OHS) policy which sets out clear commitments and targets to improve worker health & safety?'),
(1676, 543, '2024-06-20', 74, 15, 10, 'YES', 'Governance', 471, 'Governance', 1, 543, 74, 'Is the company\'s code of ethics/conduct or values statement regularly reviewed and updated accordingly?'),
(1677, 544, '2024-06-20', 74, 10, 10, 'YES', 'Social', 472, 'Social', 1, 544, 74, 'Do all employees meet minimum age standards and regulations?'),
(1678, 545, '2024-06-20', 76, 2, 10, 'NO', 'Environmental', 473, 'Environmental', 0, 545, 76, 'Does the company\'s environmental policy have executive and/or board-level commitment, support, and endorsement?'),
(1679, 546, '2024-06-20', 76, 5, 10, 'YES', 'Environmental', 474, 'Environmental', 1, 546, 76, 'Does the company have and adhere to an occupational health & safety (OHS) policy which sets out clear commitments and targets to improve worker health & safety?'),
(1680, 547, '2024-06-20', 76, 15, 10, 'NO', 'Governance', 475, 'Governance', 0, 547, 76, 'Is the company\'s code of ethics/conduct or values statement regularly reviewed and updated accordingly?'),
(1681, 548, '2024-06-20', 76, 10, 10, 'NO', 'Social', 476, 'Social', 0, 548, 76, 'Do all employees meet minimum age standards and regulations?'),
(1682, 549, '2024-06-20', 78, 2, 11, 'NO', 'Environmental', 477, 'Environmental', 0, 549, 78, 'Does the company\'s environmental policy have executive and/or board-level commitment, support, and endorsement?'),
(1683, 550, '2024-06-20', 78, 5, 11, 'NO', 'Environmental', 478, 'Environmental', 0, 550, 78, 'Does the company have and adhere to an occupational health & safety (OHS) policy which sets out clear commitments and targets to improve worker health & safety?'),
(1684, 551, '2024-06-20', 78, 15, 11, 'NO', 'Governance', 479, 'Governance', 0, 551, 78, 'Is the company\'s code of ethics/conduct or values statement regularly reviewed and updated accordingly?'),
(1685, 552, '2024-06-20', 78, 10, 11, 'NO', 'Social', 480, 'Social', 0, 552, 78, 'Do all employees meet minimum age standards and regulations?'),
(1686, 553, '2024-06-20', 79, 3, 12, 'NO', 'Environmental', 481, 'Environmental', 0, 553, 79, 'Does the company conduct environmental risk and opportunity assessments of their activities?'),
(1687, 554, '2024-06-20', 79, 14, 12, 'NO', 'Governance', 482, 'Governance', 0, 554, 79, 'Does the company have and abide by a code of ethics/conduct or values statement to guide company conduct with honesty and integrity?'),
(1688, 555, '2024-06-20', 79, 6, 12, 'YES', 'Social', 483, 'Social', 1, 555, 79, 'Does the company\'s OHS policy have executive and/or board-level commitment, support, and endorsement?'),
(1689, 556, '2024-06-20', 79, 8, 12, 'YES', 'Social', 484, 'Social', 1, 556, 79, 'Does the company have and adhere to a policy which sets out clear commitments and targets that cover discrimination and child, forced or compulsory labour in its workforce and its supply chain?'),
(1690, 557, '2024-06-20', 79, 11, 12, 'YES', 'Social', 485, 'Social', 1, 557, 79, 'Does the Board of Directors include executive and non-executive directors?'),
(1691, 558, '2024-06-20', 81, 3, 12, 'YES', 'Environmental', 486, 'Environmental', 1, 558, 81, 'Does the company conduct environmental risk and opportunity assessments of their activities?'),
(1692, 559, '2024-06-20', 81, 14, 12, 'YES', 'Governance', 487, 'Governance', 1, 559, 81, 'Does the company have and abide by a code of ethics/conduct or values statement to guide company conduct with honesty and integrity?'),
(1693, 560, '2024-06-20', 81, 6, 12, 'YES', 'Social', 488, 'Social', 1, 560, 81, 'Does the company\'s OHS policy have executive and/or board-level commitment, support, and endorsement?'),
(1694, 561, '2024-06-20', 81, 8, 12, 'NO', 'Social', 489, 'Social', 0, 561, 81, 'Does the company have and adhere to a policy which sets out clear commitments and targets that cover discrimination and child, forced or compulsory labour in its workforce and its supply chain?'),
(1695, 562, '2024-06-20', 81, 11, 12, 'YES', 'Social', 490, 'Social', 1, 562, 81, 'Does the Board of Directors include executive and non-executive directors?'),
(1696, 563, '2024-06-20', 82, 3, 13, 'YES', 'Environmental', 491, 'Environmental', 1, 563, 82, 'Does the company conduct environmental risk and opportunity assessments of their activities?'),
(1697, 564, '2024-06-20', 82, 14, 13, 'NO', 'Governance', 492, 'Governance', 0, 564, 82, 'Does the company have and abide by a code of ethics/conduct or values statement to guide company conduct with honesty and integrity?'),
(1698, 565, '2024-06-20', 82, 6, 13, 'YES', 'Social', 493, 'Social', 1, 565, 82, 'Does the company\'s OHS policy have executive and/or board-level commitment, support, and endorsement?'),
(1699, 566, '2024-06-20', 82, 8, 13, 'YES', 'Social', 494, 'Social', 1, 566, 82, 'Does the company have and adhere to a policy which sets out clear commitments and targets that cover discrimination and child, forced or compulsory labour in its workforce and its supply chain?'),
(1700, 567, '2024-06-20', 82, 11, 13, 'YES', 'Social', 495, 'Social', 1, 567, 82, 'Does the Board of Directors include executive and non-executive directors?'),
(1701, 568, '2024-06-20', 83, 3, 13, 'NO', 'Environmental', 496, 'Environmental', 0, 568, 83, 'Does the company conduct environmental risk and opportunity assessments of their activities?'),
(1702, 569, '2024-06-20', 83, 14, 13, 'YES', 'Governance', 497, 'Governance', 1, 569, 83, 'Does the company have and abide by a code of ethics/conduct or values statement to guide company conduct with honesty and integrity?'),
(1703, 570, '2024-06-20', 83, 6, 13, 'NO', 'Social', 498, 'Social', 0, 570, 83, 'Does the company\'s OHS policy have executive and/or board-level commitment, support, and endorsement?'),
(1704, 571, '2024-06-20', 83, 8, 13, 'YES', 'Social', 499, 'Social', 1, 571, 83, 'Does the company have and adhere to a policy which sets out clear commitments and targets that cover discrimination and child, forced or compulsory labour in its workforce and its supply chain?'),
(1705, 572, '2024-06-20', 83, 11, 13, 'YES', 'Social', 500, 'Social', 1, 572, 83, 'Does the Board of Directors include executive and non-executive directors?'),
(1706, 573, '2024-06-20', 85, 1, 14, 'NO', 'Environmental', 501, 'Environmental', 0, 573, 85, 'Does the company have and adhere to an environmental policy which sets out clear commitments and targets to improve the company’s environmental footprint?'),
(1707, 574, '2024-06-20', 85, 4, 14, 'YES', 'Environmental', 502, 'Environmental', 1, 574, 85, 'Does the environmental policy cover climate change issues that could be relevant to the company?'),
(1708, 575, '2024-06-20', 85, 13, 14, 'YES', 'Governance', 503, 'Governance', 1, 575, 85, 'Does the company have a diverse board and a policy for ensuring diversity of board members?'),
(1709, 576, '2024-06-20', 85, 16, 14, 'YES', 'Governance', 504, 'Governance', 1, 576, 85, 'Does the company actively safeguard against illegal practices?'),
(1710, 577, '2024-06-20', 85, 7, 14, 'NO', 'Social', 505, 'Social', 0, 577, 85, 'Does the company provide employees and senior management with OHS induction/training where necessary?'),
(1711, 578, '2024-06-20', 85, 9, 14, 'YES', 'Social', 506, 'Social', 1, 578, 85, 'Do all employees have formal contracts of employment?'),
(1712, 579, '2024-06-20', 85, 12, 14, 'NO', 'Social', 507, 'Social', 0, 579, 85, 'Is the Chairman of the Board independent?'),
(1713, 580, '2024-06-20', 86, 1, 14, 'NO', 'Environmental', 508, 'Environmental', 0, 580, 86, 'Does the company have and adhere to an environmental policy which sets out clear commitments and targets to improve the company’s environmental footprint?'),
(1714, 581, '2024-06-20', 86, 4, 14, 'YES', 'Environmental', 509, 'Environmental', 1, 581, 86, 'Does the environmental policy cover climate change issues that could be relevant to the company?'),
(1715, 582, '2024-06-20', 86, 13, 14, 'YES', 'Governance', 510, 'Governance', 1, 582, 86, 'Does the company have a diverse board and a policy for ensuring diversity of board members?'),
(1716, 583, '2024-06-20', 86, 16, 14, 'YES', 'Governance', 511, 'Governance', 1, 583, 86, 'Does the company actively safeguard against illegal practices?'),
(1717, 584, '2024-06-20', 86, 7, 14, 'NO', 'Social', 512, 'Social', 0, 584, 86, 'Does the company provide employees and senior management with OHS induction/training where necessary?'),
(1718, 585, '2024-06-20', 86, 9, 14, 'NO', 'Social', 513, 'Social', 0, 585, 86, 'Do all employees have formal contracts of employment?'),
(1719, 586, '2024-06-20', 86, 12, 14, 'NO', 'Social', 514, 'Social', 0, 586, 86, 'Is the Chairman of the Board independent?'),
(1720, 587, '2024-06-20', 87, 1, 15, 'NO', 'Environmental', 515, 'Environmental', 0, 587, 87, 'Does the company have and adhere to an environmental policy which sets out clear commitments and targets to improve the company’s environmental footprint?'),
(1721, 588, '2024-06-20', 87, 4, 15, 'YES', 'Environmental', 516, 'Environmental', 1, 588, 87, 'Does the environmental policy cover climate change issues that could be relevant to the company?'),
(1722, 589, '2024-06-20', 87, 13, 15, 'YES', 'Governance', 517, 'Governance', 1, 589, 87, 'Does the company have a diverse board and a policy for ensuring diversity of board members?'),
(1723, 590, '2024-06-20', 87, 16, 15, 'YES', 'Governance', 518, 'Governance', 1, 590, 87, 'Does the company actively safeguard against illegal practices?'),
(1724, 591, '2024-06-20', 87, 7, 15, 'NO', 'Social', 519, 'Social', 0, 591, 87, 'Does the company provide employees and senior management with OHS induction/training where necessary?'),
(1725, 592, '2024-06-20', 87, 9, 15, 'NO', 'Social', 520, 'Social', 0, 592, 87, 'Do all employees have formal contracts of employment?'),
(1726, 593, '2024-06-20', 87, 12, 15, 'YES', 'Social', 521, 'Social', 1, 593, 87, 'Is the Chairman of the Board independent?'),
(1727, 594, '2024-06-20', 88, 1, 15, 'NO', 'Environmental', 522, 'Environmental', 0, 594, 88, 'Does the company have and adhere to an environmental policy which sets out clear commitments and targets to improve the company’s environmental footprint?'),
(1728, 595, '2024-06-20', 88, 4, 15, 'YES', 'Environmental', 523, 'Environmental', 1, 595, 88, 'Does the environmental policy cover climate change issues that could be relevant to the company?'),
(1729, 596, '2024-06-20', 88, 13, 15, 'NO', 'Governance', 524, 'Governance', 0, 596, 88, 'Does the company have a diverse board and a policy for ensuring diversity of board members?'),
(1730, 597, '2024-06-20', 88, 16, 15, 'YES', 'Governance', 525, 'Governance', 1, 597, 88, 'Does the company actively safeguard against illegal practices?'),
(1731, 598, '2024-06-20', 88, 7, 15, 'YES', 'Social', 526, 'Social', 1, 598, 88, 'Does the company provide employees and senior management with OHS induction/training where necessary?'),
(1732, 599, '2024-06-20', 88, 9, 15, 'NO', 'Social', 527, 'Social', 0, 599, 88, 'Do all employees have formal contracts of employment?'),
(1733, 600, '2024-06-20', 88, 12, 15, 'YES', 'Social', 528, 'Social', 1, 600, 88, 'Is the Chairman of the Board independent?'),
(1734, 601, '2024-06-20', 92, 2, 16, 'YES', 'Environmental', 529, 'Environmental', 1, 601, 92, 'Does the company\'s environmental policy have executive and/or board-level commitment, support, and endorsement?'),
(1735, 602, '2024-06-20', 92, 5, 16, 'YES', 'Environmental', 530, 'Environmental', 1, 602, 92, 'Does the company have and adhere to an occupational health & safety (OHS) policy which sets out clear commitments and targets to improve worker health & safety?'),
(1736, 603, '2024-06-20', 92, 15, 16, 'YES', 'Governance', 531, 'Governance', 1, 603, 92, 'Is the company\'s code of ethics/conduct or values statement regularly reviewed and updated accordingly?'),
(1737, 604, '2024-06-20', 92, 10, 16, 'YES', 'Social', 532, 'Social', 1, 604, 92, 'Do all employees meet minimum age standards and regulations?'),
(1738, 605, '2024-06-20', 93, 2, 16, 'YES', 'Environmental', 533, 'Environmental', 1, 605, 93, 'Does the company\'s environmental policy have executive and/or board-level commitment, support, and endorsement?'),
(1739, 606, '2024-06-20', 93, 5, 16, 'NO', 'Environmental', 534, 'Environmental', 0, 606, 93, 'Does the company have and adhere to an occupational health & safety (OHS) policy which sets out clear commitments and targets to improve worker health & safety?'),
(1740, 607, '2024-06-20', 93, 15, 16, 'NO', 'Governance', 535, 'Governance', 0, 607, 93, 'Is the company\'s code of ethics/conduct or values statement regularly reviewed and updated accordingly?'),
(1741, 608, '2024-06-20', 93, 10, 16, 'YES', 'Social', 536, 'Social', 1, 608, 93, 'Do all employees meet minimum age standards and regulations?'),
(1742, 609, '2024-06-20', 95, 1, 18, 'YES', 'Environmental', 537, 'Environmental', 1, 609, 95, 'Does the company have and adhere to an environmental policy which sets out clear commitments and targets to improve the company’s environmental footprint?'),
(1743, 610, '2024-06-20', 95, 4, 18, 'NO', 'Environmental', 538, 'Environmental', 0, 610, 95, 'Does the environmental policy cover climate change issues that could be relevant to the company?'),
(1744, 611, '2024-06-20', 95, 13, 18, 'YES', 'Governance', 539, 'Governance', 1, 611, 95, 'Does the company have a diverse board and a policy for ensuring diversity of board members?'),
(1745, 612, '2024-06-20', 95, 16, 18, 'YES', 'Governance', 540, 'Governance', 1, 612, 95, 'Does the company actively safeguard against illegal practices?'),
(1746, 613, '2024-06-20', 95, 7, 18, 'NO', 'Social', 541, 'Social', 0, 613, 95, 'Does the company provide employees and senior management with OHS induction/training where necessary?'),
(1747, 614, '2024-06-20', 95, 9, 18, 'NO', 'Social', 542, 'Social', 0, 614, 95, 'Do all employees have formal contracts of employment?'),
(1748, 615, '2024-06-20', 95, 12, 18, 'YES', 'Social', 543, 'Social', 1, 615, 95, 'Is the Chairman of the Board independent?'),
(1749, 616, '2024-06-20', 96, 1, 18, 'YES', 'Environmental', 544, 'Environmental', 1, 616, 96, 'Does the company have and adhere to an environmental policy which sets out clear commitments and targets to improve the company’s environmental footprint?'),
(1750, 617, '2024-06-20', 96, 4, 18, 'YES', 'Environmental', 545, 'Environmental', 1, 617, 96, 'Does the environmental policy cover climate change issues that could be relevant to the company?'),
(1751, 618, '2024-06-20', 96, 13, 18, 'NO', 'Governance', 546, 'Governance', 0, 618, 96, 'Does the company have a diverse board and a policy for ensuring diversity of board members?'),
(1752, 619, '2024-06-20', 96, 16, 18, 'YES', 'Governance', 547, 'Governance', 1, 619, 96, 'Does the company actively safeguard against illegal practices?'),
(1753, 620, '2024-06-20', 96, 7, 18, 'YES', 'Social', 548, 'Social', 1, 620, 96, 'Does the company provide employees and senior management with OHS induction/training where necessary?'),
(1754, 621, '2024-06-20', 96, 9, 18, 'NO', 'Social', 549, 'Social', 0, 621, 96, 'Do all employees have formal contracts of employment?'),
(1755, 622, '2024-06-20', 96, 12, 18, 'YES', 'Social', 550, 'Social', 1, 622, 96, 'Is the Chairman of the Board independent?'),
(1756, 623, '2024-06-20', 98, 1, 18, 'YES', 'Environmental', 551, 'Environmental', 1, 623, 98, 'Does the company have and adhere to an environmental policy which sets out clear commitments and targets to improve the company’s environmental footprint?'),
(1757, 624, '2024-06-20', 98, 4, 18, 'YES', 'Environmental', 552, 'Environmental', 1, 624, 98, 'Does the environmental policy cover climate change issues that could be relevant to the company?'),
(1758, 625, '2024-06-20', 98, 13, 18, 'NO', 'Governance', 553, 'Governance', 0, 625, 98, 'Does the company have a diverse board and a policy for ensuring diversity of board members?'),
(1759, 626, '2024-06-20', 98, 16, 18, 'NO', 'Governance', 554, 'Governance', 0, 626, 98, 'Does the company actively safeguard against illegal practices?'),
(1760, 627, '2024-06-20', 98, 7, 18, 'YES', 'Social', 555, 'Social', 1, 627, 98, 'Does the company provide employees and senior management with OHS induction/training where necessary?'),
(1761, 628, '2024-06-20', 98, 9, 18, 'YES', 'Social', 556, 'Social', 1, 628, 98, 'Do all employees have formal contracts of employment?'),
(1762, 629, '2024-06-20', 98, 12, 18, 'YES', 'Social', 557, 'Social', 1, 629, 98, 'Is the Chairman of the Board independent?'),
(1763, 630, '2024-06-20', 99, 1, 18, 'YES', 'Environmental', 558, 'Environmental', 1, 630, 99, 'Does the company have and adhere to an environmental policy which sets out clear commitments and targets to improve the company’s environmental footprint?'),
(1764, 631, '2024-06-20', 99, 4, 18, 'YES', 'Environmental', 559, 'Environmental', 1, 631, 99, 'Does the environmental policy cover climate change issues that could be relevant to the company?'),
(1765, 632, '2024-06-20', 99, 13, 18, 'NO', 'Governance', 560, 'Governance', 0, 632, 99, 'Does the company have a diverse board and a policy for ensuring diversity of board members?'),
(1766, 633, '2024-06-20', 99, 16, 18, 'NO', 'Governance', 561, 'Governance', 0, 633, 99, 'Does the company actively safeguard against illegal practices?'),
(1767, 634, '2024-06-20', 99, 7, 18, 'YES', 'Social', 562, 'Social', 1, 634, 99, 'Does the company provide employees and senior management with OHS induction/training where necessary?'),
(1768, 635, '2024-06-20', 99, 9, 18, 'YES', 'Social', 563, 'Social', 1, 635, 99, 'Do all employees have formal contracts of employment?'),
(1769, 636, '2024-06-20', 99, 12, 18, 'YES', 'Social', 564, 'Social', 1, 636, 99, 'Is the Chairman of the Board independent?'),
(1770, 637, '2024-06-29', 101, 1, 1, 'YES', 'Environmental', 565, 'Environmental', 1, 637, 101, 'Does the company have and adhere to an environmental policy which sets out clear commitments and targets to improve the company’s environmental footprint?'),
(1771, 638, '2024-06-29', 101, 4, 1, 'NO', 'Environmental', 566, 'Environmental', 0, 638, 101, 'Does the environmental policy cover climate change issues that could be relevant to the company?'),
(1772, 639, '2024-06-29', 101, 13, 1, 'YES', 'Governance', 567, 'Governance', 1, 639, 101, 'Does the company have a diverse board and a policy for ensuring diversity of board members?'),
(1773, 640, '2024-06-29', 101, 16, 1, 'YES', 'Governance', 568, 'Governance', 1, 640, 101, 'Does the company actively safeguard against illegal practices?'),
(1774, 641, '2024-06-29', 101, 7, 1, 'NO', 'Social', 569, 'Social', 0, 641, 101, 'Does the company provide employees and senior management with OHS induction/training where necessary?'),
(1775, 642, '2024-06-29', 101, 9, 1, 'YES', 'Social', 570, 'Social', 1, 642, 101, 'Do all employees have formal contracts of employment?'),
(1776, 643, '2024-06-29', 101, 12, 1, 'YES', 'Social', 571, 'Social', 1, 643, 101, 'Is the Chairman of the Board independent?'),
(1777, 644, '2024-06-29', 101, 1, 1, 'YES', 'Environmental', 572, 'Environmental', 1, 637, 101, 'Does the company have and adhere to an environmental policy which sets out clear commitments and targets to improve the company’s environmental footprint?'),
(1778, 645, '2024-06-29', 101, 4, 1, 'NO', 'Environmental', 573, 'Environmental', 0, 638, 101, 'Does the environmental policy cover climate change issues that could be relevant to the company?'),
(1779, 646, '2024-06-29', 101, 13, 1, 'YES', 'Governance', 574, 'Governance', 1, 639, 101, 'Does the company have a diverse board and a policy for ensuring diversity of board members?'),
(1780, 647, '2024-06-29', 101, 16, 1, 'YES', 'Governance', 575, 'Governance', 1, 640, 101, 'Does the company actively safeguard against illegal practices?'),
(1781, 648, '2024-06-29', 101, 7, 1, 'NO', 'Social', 576, 'Social', 0, 641, 101, 'Does the company provide employees and senior management with OHS induction/training where necessary?'),
(1782, 649, '2024-06-29', 101, 9, 1, 'YES', 'Social', 577, 'Social', 1, 642, 101, 'Do all employees have formal contracts of employment?'),
(1783, 650, '2024-06-29', 101, 12, 1, 'YES', 'Social', 578, 'Social', 1, 643, 101, 'Is the Chairman of the Board independent?'),
(1784, 651, '2024-06-29', 101, 1, 1, 'YES', 'Environmental', 579, 'Environmental', 1, 644, 101, 'Does the company have and adhere to an environmental policy which sets out clear commitments and targets to improve the company’s environmental footprint?'),
(1785, 652, '2024-06-29', 101, 4, 1, 'NO', 'Environmental', 580, 'Environmental', 0, 645, 101, 'Does the environmental policy cover climate change issues that could be relevant to the company?'),
(1786, 653, '2024-06-29', 101, 13, 1, 'NO', 'Governance', 581, 'Governance', 1, 646, 101, 'Does the company have a diverse board and a policy for ensuring diversity of board members?'),
(1787, 654, '2024-06-29', 101, 16, 1, 'NO', 'Governance', 582, 'Governance', 1, 647, 101, 'Does the company actively safeguard against illegal practices?'),
(1788, 655, '2024-06-29', 101, 7, 1, 'NO', 'Social', 583, 'Social', 0, 648, 101, 'Does the company provide employees and senior management with OHS induction/training where necessary?'),
(1789, 656, '2024-06-29', 101, 9, 1, 'YES', 'Social', 584, 'Social', 1, 649, 101, 'Do all employees have formal contracts of employment?'),
(1790, 657, '2024-06-29', 101, 12, 1, 'YES', 'Social', 585, 'Social', 1, 650, 101, 'Is the Chairman of the Board independent?');
INSERT INTO `hc_pl` (`id`, `hc_tr_analysis_response_id`, `hc_tr_analysis_response_date`, `hc_tr_analysis_assessment_id`, `hc_tr_analysis_question_id`, `hc_tr_analysis_user_id`, `hc_tr_analysis_response`, `hc_tr_analysis_part`, `hc_tr_analysis_calc_id`, `hc_tr_analysis_calc_part`, `hc_tr_analysis_calc_score`, `hc_tr_analysis_calc_original_id`, `hc_tr_analysis_calc_assessment_id`, `hc_mt_question_text`) VALUES
(1791, 658, '2024-06-29', 102, 1, 1, 'YES', 'Environmental', 586, 'Environmental', 1, 637, 101, 'Does the company have and adhere to an environmental policy which sets out clear commitments and targets to improve the company’s environmental footprint?'),
(1792, 659, '2024-06-29', 102, 4, 1, 'NO', 'Environmental', 587, 'Environmental', 0, 638, 101, 'Does the environmental policy cover climate change issues that could be relevant to the company?'),
(1793, 660, '2024-06-29', 102, 13, 1, 'NO', 'Governance', 588, 'Governance', 1, 639, 101, 'Does the company have a diverse board and a policy for ensuring diversity of board members?'),
(1794, 661, '2024-06-29', 102, 16, 1, 'NO', 'Governance', 589, 'Governance', 1, 640, 101, 'Does the company actively safeguard against illegal practices?'),
(1795, 662, '2024-06-29', 102, 7, 1, 'NO', 'Social', 590, 'Social', 0, 641, 101, 'Does the company provide employees and senior management with OHS induction/training where necessary?'),
(1796, 663, '2024-06-29', 102, 9, 1, 'YES', 'Social', 591, 'Social', 1, 642, 101, 'Do all employees have formal contracts of employment?'),
(1797, 664, '2024-06-29', 102, 12, 1, 'YES', 'Social', 592, 'Social', 1, 643, 101, 'Is the Chairman of the Board independent?'),
(1798, 665, '2024-06-29', 103, 1, 1, 'YES', 'Environmental', 593, 'Environmental', 1, 644, 101, 'Does the company have and adhere to an environmental policy which sets out clear commitments and targets to improve the company’s environmental footprint?'),
(1799, 666, '2024-06-29', 103, 4, 1, 'NO', 'Environmental', 594, 'Environmental', 0, 645, 101, 'Does the environmental policy cover climate change issues that could be relevant to the company?'),
(1800, 667, '2024-06-29', 103, 13, 1, 'NO', 'Governance', 595, 'Governance', 1, 646, 101, 'Does the company have a diverse board and a policy for ensuring diversity of board members?'),
(1801, 668, '2024-06-29', 103, 16, 1, 'NO', 'Governance', 596, 'Governance', 1, 647, 101, 'Does the company actively safeguard against illegal practices?'),
(1802, 669, '2024-06-29', 103, 7, 1, 'NO', 'Social', 597, 'Social', 0, 648, 101, 'Does the company provide employees and senior management with OHS induction/training where necessary?'),
(1803, 670, '2024-06-29', 103, 9, 1, 'YES', 'Social', 598, 'Social', 1, 649, 101, 'Do all employees have formal contracts of employment?'),
(1804, 671, '2024-06-29', 103, 12, 1, 'YES', 'Social', 599, 'Social', 1, 650, 101, 'Is the Chairman of the Board independent?'),
(1805, 672, '2024-06-29', 104, 1, 1, 'YES', 'Environmental', 600, 'Environmental', 1, 651, 101, 'Does the company have and adhere to an environmental policy which sets out clear commitments and targets to improve the company’s environmental footprint?'),
(1806, 673, '2024-06-29', 104, 4, 1, 'NO', 'Environmental', 601, 'Environmental', 0, 652, 101, 'Does the environmental policy cover climate change issues that could be relevant to the company?'),
(1807, 674, '2024-06-29', 104, 13, 1, 'NO', 'Governance', 602, 'Governance', 0, 653, 101, 'Does the company have a diverse board and a policy for ensuring diversity of board members?'),
(1808, 675, '2024-06-29', 104, 16, 1, 'NO', 'Governance', 603, 'Governance', 0, 654, 101, 'Does the company actively safeguard against illegal practices?'),
(1809, 676, '2024-06-29', 104, 7, 1, 'NO', 'Social', 604, 'Social', 0, 655, 101, 'Does the company provide employees and senior management with OHS induction/training where necessary?'),
(1810, 677, '2024-06-29', 104, 9, 1, 'YES', 'Social', 605, 'Social', 1, 656, 101, 'Do all employees have formal contracts of employment?'),
(1811, 678, '2024-06-29', 104, 12, 1, 'YES', 'Social', 606, 'Social', 1, 657, 101, 'Is the Chairman of the Board independent?'),
(1812, 679, '2024-06-29', 105, 1, 1, 'YES', 'Environmental', 607, 'Environmental', 1, 658, 102, 'Does the company have and adhere to an environmental policy which sets out clear commitments and targets to improve the company’s environmental footprint?'),
(1813, 680, '2024-06-29', 105, 4, 1, 'NO', 'Environmental', 608, 'Environmental', 0, 659, 102, 'Does the environmental policy cover climate change issues that could be relevant to the company?'),
(1814, 681, '2024-06-29', 105, 13, 1, 'NO', 'Governance', 609, 'Governance', 0, 660, 102, 'Does the company have a diverse board and a policy for ensuring diversity of board members?'),
(1815, 682, '2024-06-29', 105, 16, 1, 'NO', 'Governance', 610, 'Governance', 0, 661, 102, 'Does the company actively safeguard against illegal practices?'),
(1816, 683, '2024-06-29', 105, 7, 1, 'NO', 'Social', 611, 'Social', 0, 662, 102, 'Does the company provide employees and senior management with OHS induction/training where necessary?'),
(1817, 684, '2024-06-29', 105, 9, 1, 'YES', 'Social', 612, 'Social', 1, 663, 102, 'Do all employees have formal contracts of employment?'),
(1818, 685, '2024-06-29', 105, 12, 1, 'YES', 'Social', 613, 'Social', 1, 664, 102, 'Is the Chairman of the Board independent?'),
(1819, 686, '2024-06-29', 106, 1, 1, 'YES', 'Environmental', 614, 'Environmental', 1, 665, 103, 'Does the company have and adhere to an environmental policy which sets out clear commitments and targets to improve the company’s environmental footprint?'),
(1820, 687, '2024-06-29', 106, 4, 1, 'NO', 'Environmental', 615, 'Environmental', 0, 666, 103, 'Does the environmental policy cover climate change issues that could be relevant to the company?'),
(1821, 688, '2024-06-29', 106, 13, 1, 'NO', 'Governance', 616, 'Governance', 0, 667, 103, 'Does the company have a diverse board and a policy for ensuring diversity of board members?'),
(1822, 689, '2024-06-29', 106, 16, 1, 'NO', 'Governance', 617, 'Governance', 0, 668, 103, 'Does the company actively safeguard against illegal practices?'),
(1823, 690, '2024-06-29', 106, 7, 1, 'NO', 'Social', 618, 'Social', 0, 669, 103, 'Does the company provide employees and senior management with OHS induction/training where necessary?'),
(1824, 691, '2024-06-29', 106, 9, 1, 'YES', 'Social', 619, 'Social', 1, 670, 103, 'Do all employees have formal contracts of employment?'),
(1825, 692, '2024-06-29', 106, 12, 1, 'YES', 'Social', 620, 'Social', 1, 671, 103, 'Is the Chairman of the Board independent?'),
(1826, 693, '2024-06-29', 107, 1, 1, 'YES', 'Environmental', 621, 'Environmental', 1, 672, 104, 'Does the company have and adhere to an environmental policy which sets out clear commitments and targets to improve the company’s environmental footprint?'),
(1827, 694, '2024-06-29', 107, 4, 1, 'NO', 'Environmental', 622, 'Environmental', 0, 673, 104, 'Does the environmental policy cover climate change issues that could be relevant to the company?'),
(1828, 695, '2024-06-29', 107, 13, 1, 'NO', 'Governance', 623, 'Governance', 0, 674, 104, 'Does the company have a diverse board and a policy for ensuring diversity of board members?'),
(1829, 696, '2024-06-29', 107, 16, 1, 'NO', 'Governance', 624, 'Governance', 0, 675, 104, 'Does the company actively safeguard against illegal practices?'),
(1830, 697, '2024-06-29', 107, 7, 1, 'NO', 'Social', 625, 'Social', 0, 676, 104, 'Does the company provide employees and senior management with OHS induction/training where necessary?'),
(1831, 698, '2024-06-29', 107, 9, 1, 'YES', 'Social', 626, 'Social', 1, 677, 104, 'Do all employees have formal contracts of employment?'),
(1832, 699, '2024-06-29', 107, 12, 1, 'YES', 'Social', 627, 'Social', 1, 678, 104, 'Is the Chairman of the Board independent?'),
(1833, 700, '2024-06-29', 108, 1, 1, 'YES', 'Environmental', 628, 'Environmental', 1, 679, 105, 'Does the company have and adhere to an environmental policy which sets out clear commitments and targets to improve the company’s environmental footprint?'),
(1834, 701, '2024-06-29', 108, 4, 1, 'NO', 'Environmental', 629, 'Environmental', 0, 680, 105, 'Does the environmental policy cover climate change issues that could be relevant to the company?'),
(1835, 702, '2024-06-29', 108, 13, 1, 'YES', 'Governance', 630, 'Governance', 0, 681, 105, 'Does the company have a diverse board and a policy for ensuring diversity of board members?'),
(1836, 703, '2024-06-29', 108, 16, 1, 'YES', 'Governance', 631, 'Governance', 0, 682, 105, 'Does the company actively safeguard against illegal practices?'),
(1837, 704, '2024-06-29', 108, 7, 1, 'NO', 'Social', 632, 'Social', 0, 683, 105, 'Does the company provide employees and senior management with OHS induction/training where necessary?'),
(1838, 705, '2024-06-29', 108, 9, 1, 'YES', 'Social', 633, 'Social', 1, 684, 105, 'Do all employees have formal contracts of employment?'),
(1839, 706, '2024-06-29', 108, 12, 1, 'YES', 'Social', 634, 'Social', 1, 685, 105, 'Is the Chairman of the Board independent?'),
(1840, 707, '2024-06-29', 109, 1, 1, 'YES', 'Environmental', 635, 'Environmental', 1, 686, 106, 'Does the company have and adhere to an environmental policy which sets out clear commitments and targets to improve the company’s environmental footprint?'),
(1841, 708, '2024-06-29', 109, 4, 1, 'NO', 'Environmental', 636, 'Environmental', 0, 687, 106, 'Does the environmental policy cover climate change issues that could be relevant to the company?'),
(1842, 709, '2024-06-29', 109, 13, 1, 'YES', 'Governance', 637, 'Governance', 0, 688, 106, 'Does the company have a diverse board and a policy for ensuring diversity of board members?'),
(1843, 710, '2024-06-29', 109, 16, 1, 'NO', 'Governance', 638, 'Governance', 0, 689, 106, 'Does the company actively safeguard against illegal practices?'),
(1844, 711, '2024-06-29', 109, 7, 1, 'YES', 'Social', 639, 'Social', 0, 690, 106, 'Does the company provide employees and senior management with OHS induction/training where necessary?'),
(1845, 712, '2024-06-29', 109, 9, 1, 'NO', 'Social', 640, 'Social', 1, 691, 106, 'Do all employees have formal contracts of employment?'),
(1846, 713, '2024-06-29', 109, 12, 1, 'YES', 'Social', 641, 'Social', 1, 692, 106, 'Is the Chairman of the Board independent?'),
(1847, 472, '2024-06-19', 59, 1, 1, 'YES', 'Environmental', 400, 'Environmental', 1, 472, 59, 'Does the company have and adhere to an environmental policy which sets out clear commitments and targets to improve the company’s environmental footprint?'),
(1848, 473, '2024-06-19', 59, 4, 1, 'YES', 'Environmental', 401, 'Environmental', 1, 473, 59, 'Does the environmental policy cover climate change issues that could be relevant to the company?'),
(1849, 474, '2024-06-19', 59, 13, 1, 'YES', 'Governance', 402, 'Governance', 1, 474, 59, 'Does the company have a diverse board and a policy for ensuring diversity of board members?'),
(1850, 475, '2024-06-19', 59, 16, 1, 'YES', 'Governance', 403, 'Governance', 1, 475, 59, 'Does the company actively safeguard against illegal practices?'),
(1851, 476, '2024-06-19', 59, 7, 1, 'YES', 'Social', 404, 'Social', 1, 476, 59, 'Does the company provide employees and senior management with OHS induction/training where necessary?'),
(1852, 477, '2024-06-19', 59, 9, 1, 'YES', 'Social', 405, 'Social', 1, 477, 59, 'Do all employees have formal contracts of employment?'),
(1853, 478, '2024-06-19', 59, 12, 1, 'YES', 'Social', 406, 'Social', 1, 478, 59, 'Is the Chairman of the Board independent?'),
(1854, 479, '2024-06-19', 60, 2, 10, 'YES', 'Environmental', 407, 'Environmental', 1, 479, 60, 'Does the company\'s environmental policy have executive and/or board-level commitment, support, and endorsement?'),
(1855, 480, '2024-06-19', 60, 5, 10, 'YES', 'Environmental', 408, 'Environmental', 1, 480, 60, 'Does the company have and adhere to an occupational health & safety (OHS) policy which sets out clear commitments and targets to improve worker health & safety?'),
(1856, 481, '2024-06-19', 60, 15, 10, 'YES', 'Governance', 409, 'Governance', 1, 481, 60, 'Is the company\'s code of ethics/conduct or values statement regularly reviewed and updated accordingly?'),
(1857, 482, '2024-06-19', 60, 10, 10, 'YES', 'Social', 410, 'Social', 1, 482, 60, 'Do all employees meet minimum age standards and regulations?'),
(1858, 483, '2024-06-19', 61, 2, 11, 'NO', 'Environmental', 411, 'Environmental', 0, 483, 61, 'Does the company\'s environmental policy have executive and/or board-level commitment, support, and endorsement?'),
(1859, 484, '2024-06-19', 61, 5, 11, 'YES', 'Environmental', 412, 'Environmental', 1, 484, 61, 'Does the company have and adhere to an occupational health & safety (OHS) policy which sets out clear commitments and targets to improve worker health & safety?'),
(1860, 485, '2024-06-19', 61, 15, 11, 'NO', 'Governance', 413, 'Governance', 0, 485, 61, 'Is the company\'s code of ethics/conduct or values statement regularly reviewed and updated accordingly?'),
(1861, 486, '2024-06-19', 61, 10, 11, 'YES', 'Social', 414, 'Social', 1, 486, 61, 'Do all employees meet minimum age standards and regulations?'),
(1862, 487, '2024-06-19', 62, 3, 12, 'YES', 'Environmental', 415, 'Environmental', 1, 487, 62, 'Does the company conduct environmental risk and opportunity assessments of their activities?'),
(1863, 488, '2024-06-19', 62, 14, 12, 'NO', 'Governance', 416, 'Governance', 0, 488, 62, 'Does the company have and abide by a code of ethics/conduct or values statement to guide company conduct with honesty and integrity?'),
(1864, 489, '2024-06-19', 62, 6, 12, 'YES', 'Social', 417, 'Social', 1, 489, 62, 'Does the company\'s OHS policy have executive and/or board-level commitment, support, and endorsement?'),
(1865, 490, '2024-06-19', 62, 8, 12, 'YES', 'Social', 418, 'Social', 1, 490, 62, 'Does the company have and adhere to a policy which sets out clear commitments and targets that cover discrimination and child, forced or compulsory labour in its workforce and its supply chain?'),
(1866, 491, '2024-06-19', 62, 11, 12, 'YES', 'Social', 419, 'Social', 1, 491, 62, 'Does the Board of Directors include executive and non-executive directors?'),
(1867, 492, '2024-06-19', 63, 3, 13, 'YES', 'Environmental', 420, 'Environmental', 1, 492, 63, 'Does the company conduct environmental risk and opportunity assessments of their activities?'),
(1868, 493, '2024-06-19', 63, 14, 13, 'NO', 'Governance', 421, 'Governance', 0, 493, 63, 'Does the company have and abide by a code of ethics/conduct or values statement to guide company conduct with honesty and integrity?'),
(1869, 494, '2024-06-19', 63, 6, 13, 'NO', 'Social', 422, 'Social', 0, 494, 63, 'Does the company\'s OHS policy have executive and/or board-level commitment, support, and endorsement?'),
(1870, 495, '2024-06-19', 63, 8, 13, 'YES', 'Social', 423, 'Social', 1, 495, 63, 'Does the company have and adhere to a policy which sets out clear commitments and targets that cover discrimination and child, forced or compulsory labour in its workforce and its supply chain?'),
(1871, 496, '2024-06-19', 63, 11, 13, 'NO', 'Social', 424, 'Social', 0, 496, 63, 'Does the Board of Directors include executive and non-executive directors?'),
(1872, 497, '2024-06-19', 64, 1, 14, 'NO', 'Environmental', 425, 'Environmental', 0, 497, 64, 'Does the company have and adhere to an environmental policy which sets out clear commitments and targets to improve the company’s environmental footprint?'),
(1873, 498, '2024-06-19', 64, 4, 14, 'NO', 'Environmental', 426, 'Environmental', 0, 498, 64, 'Does the environmental policy cover climate change issues that could be relevant to the company?'),
(1874, 499, '2024-06-19', 64, 13, 14, 'YES', 'Governance', 427, 'Governance', 1, 499, 64, 'Does the company have a diverse board and a policy for ensuring diversity of board members?'),
(1875, 500, '2024-06-19', 64, 16, 14, 'YES', 'Governance', 428, 'Governance', 1, 500, 64, 'Does the company actively safeguard against illegal practices?'),
(1876, 501, '2024-06-19', 64, 7, 14, 'NO', 'Social', 429, 'Social', 0, 501, 64, 'Does the company provide employees and senior management with OHS induction/training where necessary?'),
(1877, 502, '2024-06-19', 64, 9, 14, 'YES', 'Social', 430, 'Social', 1, 502, 64, 'Do all employees have formal contracts of employment?'),
(1878, 503, '2024-06-19', 64, 12, 14, 'YES', 'Social', 431, 'Social', 1, 503, 64, 'Is the Chairman of the Board independent?'),
(1879, 504, '2024-06-19', 65, 1, 15, 'YES', 'Environmental', 432, 'Environmental', 1, 504, 65, 'Does the company have and adhere to an environmental policy which sets out clear commitments and targets to improve the company’s environmental footprint?'),
(1880, 505, '2024-06-19', 65, 4, 15, 'NO', 'Environmental', 433, 'Environmental', 0, 505, 65, 'Does the environmental policy cover climate change issues that could be relevant to the company?'),
(1881, 506, '2024-06-19', 65, 13, 15, 'YES', 'Governance', 434, 'Governance', 1, 506, 65, 'Does the company have a diverse board and a policy for ensuring diversity of board members?'),
(1882, 507, '2024-06-19', 65, 16, 15, 'YES', 'Governance', 435, 'Governance', 1, 507, 65, 'Does the company actively safeguard against illegal practices?'),
(1883, 508, '2024-06-19', 65, 7, 15, 'NO', 'Social', 436, 'Social', 0, 508, 65, 'Does the company provide employees and senior management with OHS induction/training where necessary?'),
(1884, 509, '2024-06-19', 65, 9, 15, 'YES', 'Social', 437, 'Social', 1, 509, 65, 'Do all employees have formal contracts of employment?'),
(1885, 510, '2024-06-19', 65, 12, 15, 'YES', 'Social', 438, 'Social', 1, 510, 65, 'Is the Chairman of the Board independent?'),
(1886, 511, '2024-06-19', 66, 2, 16, 'YES', 'Environmental', 439, 'Environmental', 1, 511, 66, 'Does the company\'s environmental policy have executive and/or board-level commitment, support, and endorsement?'),
(1887, 512, '2024-06-19', 66, 5, 16, 'YES', 'Environmental', 440, 'Environmental', 1, 512, 66, 'Does the company have and adhere to an occupational health & safety (OHS) policy which sets out clear commitments and targets to improve worker health & safety?'),
(1888, 513, '2024-06-19', 66, 15, 16, 'NO', 'Governance', 441, 'Governance', 0, 513, 66, 'Is the company\'s code of ethics/conduct or values statement regularly reviewed and updated accordingly?'),
(1889, 514, '2024-06-19', 66, 10, 16, 'NO', 'Social', 442, 'Social', 0, 514, 66, 'Do all employees meet minimum age standards and regulations?'),
(1890, 515, '2024-06-19', 67, 3, 17, 'YES', 'Environmental', 443, 'Environmental', 1, 515, 67, 'Does the company conduct environmental risk and opportunity assessments of their activities?'),
(1891, 516, '2024-06-19', 67, 14, 17, 'YES', 'Governance', 444, 'Governance', 1, 516, 67, 'Does the company have and abide by a code of ethics/conduct or values statement to guide company conduct with honesty and integrity?'),
(1892, 517, '2024-06-19', 67, 6, 17, 'YES', 'Social', 445, 'Social', 1, 517, 67, 'Does the company\'s OHS policy have executive and/or board-level commitment, support, and endorsement?'),
(1893, 518, '2024-06-19', 67, 8, 17, 'YES', 'Social', 446, 'Social', 1, 518, 67, 'Does the company have and adhere to a policy which sets out clear commitments and targets that cover discrimination and child, forced or compulsory labour in its workforce and its supply chain?'),
(1894, 519, '2024-06-19', 67, 11, 17, 'YES', 'Social', 447, 'Social', 1, 519, 67, 'Does the Board of Directors include executive and non-executive directors?'),
(1895, 520, '2024-06-19', 68, 1, 18, 'NO', 'Environmental', 448, 'Environmental', 0, 520, 68, 'Does the company have and adhere to an environmental policy which sets out clear commitments and targets to improve the company’s environmental footprint?'),
(1896, 521, '2024-06-19', 68, 4, 18, 'YES', 'Environmental', 449, 'Environmental', 1, 521, 68, 'Does the environmental policy cover climate change issues that could be relevant to the company?'),
(1897, 522, '2024-06-19', 68, 13, 18, 'NO', 'Governance', 450, 'Governance', 0, 522, 68, 'Does the company have a diverse board and a policy for ensuring diversity of board members?'),
(1898, 523, '2024-06-19', 68, 16, 18, 'YES', 'Governance', 451, 'Governance', 1, 523, 68, 'Does the company actively safeguard against illegal practices?'),
(1899, 524, '2024-06-19', 68, 7, 18, 'YES', 'Social', 452, 'Social', 1, 524, 68, 'Does the company provide employees and senior management with OHS induction/training where necessary?'),
(1900, 525, '2024-06-19', 68, 9, 18, 'NO', 'Social', 453, 'Social', 0, 525, 68, 'Do all employees have formal contracts of employment?'),
(1901, 526, '2024-06-19', 68, 12, 18, 'NO', 'Social', 454, 'Social', 0, 526, 68, 'Is the Chairman of the Board independent?'),
(1902, 527, '2024-06-20', 71, 1, 1, 'NO', 'Environmental', 455, 'Environmental', 0, 527, 71, 'Does the company have and adhere to an environmental policy which sets out clear commitments and targets to improve the company’s environmental footprint?'),
(1903, 528, '2024-06-20', 71, 4, 1, 'YES', 'Environmental', 456, 'Environmental', 1, 528, 71, 'Does the environmental policy cover climate change issues that could be relevant to the company?'),
(1904, 529, '2024-06-20', 71, 13, 1, 'NO', 'Governance', 457, 'Governance', 0, 529, 71, 'Does the company have a diverse board and a policy for ensuring diversity of board members?'),
(1905, 530, '2024-06-20', 71, 16, 1, 'NO', 'Governance', 458, 'Governance', 0, 530, 71, 'Does the company actively safeguard against illegal practices?'),
(1906, 531, '2024-06-20', 71, 7, 1, 'YES', 'Social', 459, 'Social', 1, 531, 71, 'Does the company provide employees and senior management with OHS induction/training where necessary?'),
(1907, 532, '2024-06-20', 71, 9, 1, 'NO', 'Social', 460, 'Social', 0, 532, 71, 'Do all employees have formal contracts of employment?'),
(1908, 533, '2024-06-20', 71, 12, 1, 'NO', 'Social', 461, 'Social', 0, 533, 71, 'Is the Chairman of the Board independent?'),
(1909, 534, '2024-06-20', 72, 1, 1, 'YES', 'Environmental', 462, 'Environmental', 1, 534, 72, 'Does the company have and adhere to an environmental policy which sets out clear commitments and targets to improve the company’s environmental footprint?'),
(1910, 535, '2024-06-20', 72, 4, 1, 'YES', 'Environmental', 463, 'Environmental', 1, 535, 72, 'Does the environmental policy cover climate change issues that could be relevant to the company?'),
(1911, 536, '2024-06-20', 72, 13, 1, 'YES', 'Governance', 464, 'Governance', 1, 536, 72, 'Does the company have a diverse board and a policy for ensuring diversity of board members?'),
(1912, 537, '2024-06-20', 72, 16, 1, 'NO', 'Governance', 465, 'Governance', 0, 537, 72, 'Does the company actively safeguard against illegal practices?'),
(1913, 538, '2024-06-20', 72, 7, 1, 'YES', 'Social', 466, 'Social', 1, 538, 72, 'Does the company provide employees and senior management with OHS induction/training where necessary?'),
(1914, 539, '2024-06-20', 72, 9, 1, 'YES', 'Social', 467, 'Social', 1, 539, 72, 'Do all employees have formal contracts of employment?'),
(1915, 540, '2024-06-20', 72, 12, 1, 'NO', 'Social', 468, 'Social', 0, 540, 72, 'Is the Chairman of the Board independent?'),
(1916, 541, '2024-06-20', 74, 2, 10, 'YES', 'Environmental', 469, 'Environmental', 1, 541, 74, 'Does the company\'s environmental policy have executive and/or board-level commitment, support, and endorsement?'),
(1917, 542, '2024-06-20', 74, 5, 10, 'YES', 'Environmental', 470, 'Environmental', 1, 542, 74, 'Does the company have and adhere to an occupational health & safety (OHS) policy which sets out clear commitments and targets to improve worker health & safety?'),
(1918, 543, '2024-06-20', 74, 15, 10, 'YES', 'Governance', 471, 'Governance', 1, 543, 74, 'Is the company\'s code of ethics/conduct or values statement regularly reviewed and updated accordingly?'),
(1919, 544, '2024-06-20', 74, 10, 10, 'YES', 'Social', 472, 'Social', 1, 544, 74, 'Do all employees meet minimum age standards and regulations?'),
(1920, 545, '2024-06-20', 76, 2, 10, 'NO', 'Environmental', 473, 'Environmental', 0, 545, 76, 'Does the company\'s environmental policy have executive and/or board-level commitment, support, and endorsement?'),
(1921, 546, '2024-06-20', 76, 5, 10, 'YES', 'Environmental', 474, 'Environmental', 1, 546, 76, 'Does the company have and adhere to an occupational health & safety (OHS) policy which sets out clear commitments and targets to improve worker health & safety?'),
(1922, 547, '2024-06-20', 76, 15, 10, 'NO', 'Governance', 475, 'Governance', 0, 547, 76, 'Is the company\'s code of ethics/conduct or values statement regularly reviewed and updated accordingly?'),
(1923, 548, '2024-06-20', 76, 10, 10, 'NO', 'Social', 476, 'Social', 0, 548, 76, 'Do all employees meet minimum age standards and regulations?'),
(1924, 549, '2024-06-20', 78, 2, 11, 'NO', 'Environmental', 477, 'Environmental', 0, 549, 78, 'Does the company\'s environmental policy have executive and/or board-level commitment, support, and endorsement?'),
(1925, 550, '2024-06-20', 78, 5, 11, 'NO', 'Environmental', 478, 'Environmental', 0, 550, 78, 'Does the company have and adhere to an occupational health & safety (OHS) policy which sets out clear commitments and targets to improve worker health & safety?'),
(1926, 551, '2024-06-20', 78, 15, 11, 'NO', 'Governance', 479, 'Governance', 0, 551, 78, 'Is the company\'s code of ethics/conduct or values statement regularly reviewed and updated accordingly?'),
(1927, 552, '2024-06-20', 78, 10, 11, 'NO', 'Social', 480, 'Social', 0, 552, 78, 'Do all employees meet minimum age standards and regulations?'),
(1928, 553, '2024-06-20', 79, 3, 12, 'NO', 'Environmental', 481, 'Environmental', 0, 553, 79, 'Does the company conduct environmental risk and opportunity assessments of their activities?'),
(1929, 554, '2024-06-20', 79, 14, 12, 'NO', 'Governance', 482, 'Governance', 0, 554, 79, 'Does the company have and abide by a code of ethics/conduct or values statement to guide company conduct with honesty and integrity?'),
(1930, 555, '2024-06-20', 79, 6, 12, 'YES', 'Social', 483, 'Social', 1, 555, 79, 'Does the company\'s OHS policy have executive and/or board-level commitment, support, and endorsement?'),
(1931, 556, '2024-06-20', 79, 8, 12, 'YES', 'Social', 484, 'Social', 1, 556, 79, 'Does the company have and adhere to a policy which sets out clear commitments and targets that cover discrimination and child, forced or compulsory labour in its workforce and its supply chain?'),
(1932, 557, '2024-06-20', 79, 11, 12, 'YES', 'Social', 485, 'Social', 1, 557, 79, 'Does the Board of Directors include executive and non-executive directors?'),
(1933, 558, '2024-06-20', 81, 3, 12, 'YES', 'Environmental', 486, 'Environmental', 1, 558, 81, 'Does the company conduct environmental risk and opportunity assessments of their activities?'),
(1934, 559, '2024-06-20', 81, 14, 12, 'YES', 'Governance', 487, 'Governance', 1, 559, 81, 'Does the company have and abide by a code of ethics/conduct or values statement to guide company conduct with honesty and integrity?'),
(1935, 560, '2024-06-20', 81, 6, 12, 'YES', 'Social', 488, 'Social', 1, 560, 81, 'Does the company\'s OHS policy have executive and/or board-level commitment, support, and endorsement?'),
(1936, 561, '2024-06-20', 81, 8, 12, 'NO', 'Social', 489, 'Social', 0, 561, 81, 'Does the company have and adhere to a policy which sets out clear commitments and targets that cover discrimination and child, forced or compulsory labour in its workforce and its supply chain?'),
(1937, 562, '2024-06-20', 81, 11, 12, 'YES', 'Social', 490, 'Social', 1, 562, 81, 'Does the Board of Directors include executive and non-executive directors?'),
(1938, 563, '2024-06-20', 82, 3, 13, 'YES', 'Environmental', 491, 'Environmental', 1, 563, 82, 'Does the company conduct environmental risk and opportunity assessments of their activities?'),
(1939, 564, '2024-06-20', 82, 14, 13, 'NO', 'Governance', 492, 'Governance', 0, 564, 82, 'Does the company have and abide by a code of ethics/conduct or values statement to guide company conduct with honesty and integrity?'),
(1940, 565, '2024-06-20', 82, 6, 13, 'YES', 'Social', 493, 'Social', 1, 565, 82, 'Does the company\'s OHS policy have executive and/or board-level commitment, support, and endorsement?'),
(1941, 566, '2024-06-20', 82, 8, 13, 'YES', 'Social', 494, 'Social', 1, 566, 82, 'Does the company have and adhere to a policy which sets out clear commitments and targets that cover discrimination and child, forced or compulsory labour in its workforce and its supply chain?'),
(1942, 567, '2024-06-20', 82, 11, 13, 'YES', 'Social', 495, 'Social', 1, 567, 82, 'Does the Board of Directors include executive and non-executive directors?'),
(1943, 568, '2024-06-20', 83, 3, 13, 'NO', 'Environmental', 496, 'Environmental', 0, 568, 83, 'Does the company conduct environmental risk and opportunity assessments of their activities?'),
(1944, 569, '2024-06-20', 83, 14, 13, 'YES', 'Governance', 497, 'Governance', 1, 569, 83, 'Does the company have and abide by a code of ethics/conduct or values statement to guide company conduct with honesty and integrity?'),
(1945, 570, '2024-06-20', 83, 6, 13, 'NO', 'Social', 498, 'Social', 0, 570, 83, 'Does the company\'s OHS policy have executive and/or board-level commitment, support, and endorsement?'),
(1946, 571, '2024-06-20', 83, 8, 13, 'YES', 'Social', 499, 'Social', 1, 571, 83, 'Does the company have and adhere to a policy which sets out clear commitments and targets that cover discrimination and child, forced or compulsory labour in its workforce and its supply chain?'),
(1947, 572, '2024-06-20', 83, 11, 13, 'YES', 'Social', 500, 'Social', 1, 572, 83, 'Does the Board of Directors include executive and non-executive directors?'),
(1948, 573, '2024-06-20', 85, 1, 14, 'NO', 'Environmental', 501, 'Environmental', 0, 573, 85, 'Does the company have and adhere to an environmental policy which sets out clear commitments and targets to improve the company’s environmental footprint?'),
(1949, 574, '2024-06-20', 85, 4, 14, 'YES', 'Environmental', 502, 'Environmental', 1, 574, 85, 'Does the environmental policy cover climate change issues that could be relevant to the company?'),
(1950, 575, '2024-06-20', 85, 13, 14, 'YES', 'Governance', 503, 'Governance', 1, 575, 85, 'Does the company have a diverse board and a policy for ensuring diversity of board members?'),
(1951, 576, '2024-06-20', 85, 16, 14, 'YES', 'Governance', 504, 'Governance', 1, 576, 85, 'Does the company actively safeguard against illegal practices?'),
(1952, 577, '2024-06-20', 85, 7, 14, 'NO', 'Social', 505, 'Social', 0, 577, 85, 'Does the company provide employees and senior management with OHS induction/training where necessary?'),
(1953, 578, '2024-06-20', 85, 9, 14, 'YES', 'Social', 506, 'Social', 1, 578, 85, 'Do all employees have formal contracts of employment?'),
(1954, 579, '2024-06-20', 85, 12, 14, 'NO', 'Social', 507, 'Social', 0, 579, 85, 'Is the Chairman of the Board independent?'),
(1955, 580, '2024-06-20', 86, 1, 14, 'NO', 'Environmental', 508, 'Environmental', 0, 580, 86, 'Does the company have and adhere to an environmental policy which sets out clear commitments and targets to improve the company’s environmental footprint?'),
(1956, 581, '2024-06-20', 86, 4, 14, 'YES', 'Environmental', 509, 'Environmental', 1, 581, 86, 'Does the environmental policy cover climate change issues that could be relevant to the company?'),
(1957, 582, '2024-06-20', 86, 13, 14, 'YES', 'Governance', 510, 'Governance', 1, 582, 86, 'Does the company have a diverse board and a policy for ensuring diversity of board members?'),
(1958, 583, '2024-06-20', 86, 16, 14, 'YES', 'Governance', 511, 'Governance', 1, 583, 86, 'Does the company actively safeguard against illegal practices?'),
(1959, 584, '2024-06-20', 86, 7, 14, 'NO', 'Social', 512, 'Social', 0, 584, 86, 'Does the company provide employees and senior management with OHS induction/training where necessary?'),
(1960, 585, '2024-06-20', 86, 9, 14, 'NO', 'Social', 513, 'Social', 0, 585, 86, 'Do all employees have formal contracts of employment?'),
(1961, 586, '2024-06-20', 86, 12, 14, 'NO', 'Social', 514, 'Social', 0, 586, 86, 'Is the Chairman of the Board independent?'),
(1962, 587, '2024-06-20', 87, 1, 15, 'NO', 'Environmental', 515, 'Environmental', 0, 587, 87, 'Does the company have and adhere to an environmental policy which sets out clear commitments and targets to improve the company’s environmental footprint?'),
(1963, 588, '2024-06-20', 87, 4, 15, 'YES', 'Environmental', 516, 'Environmental', 1, 588, 87, 'Does the environmental policy cover climate change issues that could be relevant to the company?'),
(1964, 589, '2024-06-20', 87, 13, 15, 'YES', 'Governance', 517, 'Governance', 1, 589, 87, 'Does the company have a diverse board and a policy for ensuring diversity of board members?'),
(1965, 590, '2024-06-20', 87, 16, 15, 'YES', 'Governance', 518, 'Governance', 1, 590, 87, 'Does the company actively safeguard against illegal practices?'),
(1966, 591, '2024-06-20', 87, 7, 15, 'NO', 'Social', 519, 'Social', 0, 591, 87, 'Does the company provide employees and senior management with OHS induction/training where necessary?'),
(1967, 592, '2024-06-20', 87, 9, 15, 'NO', 'Social', 520, 'Social', 0, 592, 87, 'Do all employees have formal contracts of employment?'),
(1968, 593, '2024-06-20', 87, 12, 15, 'YES', 'Social', 521, 'Social', 1, 593, 87, 'Is the Chairman of the Board independent?'),
(1969, 594, '2024-06-20', 88, 1, 15, 'NO', 'Environmental', 522, 'Environmental', 0, 594, 88, 'Does the company have and adhere to an environmental policy which sets out clear commitments and targets to improve the company’s environmental footprint?'),
(1970, 595, '2024-06-20', 88, 4, 15, 'YES', 'Environmental', 523, 'Environmental', 1, 595, 88, 'Does the environmental policy cover climate change issues that could be relevant to the company?'),
(1971, 596, '2024-06-20', 88, 13, 15, 'NO', 'Governance', 524, 'Governance', 0, 596, 88, 'Does the company have a diverse board and a policy for ensuring diversity of board members?'),
(1972, 597, '2024-06-20', 88, 16, 15, 'YES', 'Governance', 525, 'Governance', 1, 597, 88, 'Does the company actively safeguard against illegal practices?'),
(1973, 598, '2024-06-20', 88, 7, 15, 'YES', 'Social', 526, 'Social', 1, 598, 88, 'Does the company provide employees and senior management with OHS induction/training where necessary?'),
(1974, 599, '2024-06-20', 88, 9, 15, 'NO', 'Social', 527, 'Social', 0, 599, 88, 'Do all employees have formal contracts of employment?'),
(1975, 600, '2024-06-20', 88, 12, 15, 'YES', 'Social', 528, 'Social', 1, 600, 88, 'Is the Chairman of the Board independent?'),
(1976, 601, '2024-06-20', 92, 2, 16, 'YES', 'Environmental', 529, 'Environmental', 1, 601, 92, 'Does the company\'s environmental policy have executive and/or board-level commitment, support, and endorsement?'),
(1977, 602, '2024-06-20', 92, 5, 16, 'YES', 'Environmental', 530, 'Environmental', 1, 602, 92, 'Does the company have and adhere to an occupational health & safety (OHS) policy which sets out clear commitments and targets to improve worker health & safety?'),
(1978, 603, '2024-06-20', 92, 15, 16, 'YES', 'Governance', 531, 'Governance', 1, 603, 92, 'Is the company\'s code of ethics/conduct or values statement regularly reviewed and updated accordingly?'),
(1979, 604, '2024-06-20', 92, 10, 16, 'YES', 'Social', 532, 'Social', 1, 604, 92, 'Do all employees meet minimum age standards and regulations?'),
(1980, 605, '2024-06-20', 93, 2, 16, 'YES', 'Environmental', 533, 'Environmental', 1, 605, 93, 'Does the company\'s environmental policy have executive and/or board-level commitment, support, and endorsement?'),
(1981, 606, '2024-06-20', 93, 5, 16, 'NO', 'Environmental', 534, 'Environmental', 0, 606, 93, 'Does the company have and adhere to an occupational health & safety (OHS) policy which sets out clear commitments and targets to improve worker health & safety?'),
(1982, 607, '2024-06-20', 93, 15, 16, 'NO', 'Governance', 535, 'Governance', 0, 607, 93, 'Is the company\'s code of ethics/conduct or values statement regularly reviewed and updated accordingly?'),
(1983, 608, '2024-06-20', 93, 10, 16, 'YES', 'Social', 536, 'Social', 1, 608, 93, 'Do all employees meet minimum age standards and regulations?'),
(1984, 609, '2024-06-20', 95, 1, 18, 'YES', 'Environmental', 537, 'Environmental', 1, 609, 95, 'Does the company have and adhere to an environmental policy which sets out clear commitments and targets to improve the company’s environmental footprint?'),
(1985, 610, '2024-06-20', 95, 4, 18, 'NO', 'Environmental', 538, 'Environmental', 0, 610, 95, 'Does the environmental policy cover climate change issues that could be relevant to the company?'),
(1986, 611, '2024-06-20', 95, 13, 18, 'YES', 'Governance', 539, 'Governance', 1, 611, 95, 'Does the company have a diverse board and a policy for ensuring diversity of board members?'),
(1987, 612, '2024-06-20', 95, 16, 18, 'YES', 'Governance', 540, 'Governance', 1, 612, 95, 'Does the company actively safeguard against illegal practices?'),
(1988, 613, '2024-06-20', 95, 7, 18, 'NO', 'Social', 541, 'Social', 0, 613, 95, 'Does the company provide employees and senior management with OHS induction/training where necessary?'),
(1989, 614, '2024-06-20', 95, 9, 18, 'NO', 'Social', 542, 'Social', 0, 614, 95, 'Do all employees have formal contracts of employment?'),
(1990, 615, '2024-06-20', 95, 12, 18, 'YES', 'Social', 543, 'Social', 1, 615, 95, 'Is the Chairman of the Board independent?'),
(1991, 616, '2024-06-20', 96, 1, 18, 'YES', 'Environmental', 544, 'Environmental', 1, 616, 96, 'Does the company have and adhere to an environmental policy which sets out clear commitments and targets to improve the company’s environmental footprint?'),
(1992, 617, '2024-06-20', 96, 4, 18, 'YES', 'Environmental', 545, 'Environmental', 1, 617, 96, 'Does the environmental policy cover climate change issues that could be relevant to the company?'),
(1993, 618, '2024-06-20', 96, 13, 18, 'NO', 'Governance', 546, 'Governance', 0, 618, 96, 'Does the company have a diverse board and a policy for ensuring diversity of board members?'),
(1994, 619, '2024-06-20', 96, 16, 18, 'YES', 'Governance', 547, 'Governance', 1, 619, 96, 'Does the company actively safeguard against illegal practices?'),
(1995, 620, '2024-06-20', 96, 7, 18, 'YES', 'Social', 548, 'Social', 1, 620, 96, 'Does the company provide employees and senior management with OHS induction/training where necessary?'),
(1996, 621, '2024-06-20', 96, 9, 18, 'NO', 'Social', 549, 'Social', 0, 621, 96, 'Do all employees have formal contracts of employment?'),
(1997, 622, '2024-06-20', 96, 12, 18, 'YES', 'Social', 550, 'Social', 1, 622, 96, 'Is the Chairman of the Board independent?'),
(1998, 623, '2024-06-20', 98, 1, 18, 'YES', 'Environmental', 551, 'Environmental', 1, 623, 98, 'Does the company have and adhere to an environmental policy which sets out clear commitments and targets to improve the company’s environmental footprint?'),
(1999, 624, '2024-06-20', 98, 4, 18, 'YES', 'Environmental', 552, 'Environmental', 1, 624, 98, 'Does the environmental policy cover climate change issues that could be relevant to the company?'),
(2000, 625, '2024-06-20', 98, 13, 18, 'NO', 'Governance', 553, 'Governance', 0, 625, 98, 'Does the company have a diverse board and a policy for ensuring diversity of board members?'),
(2001, 626, '2024-06-20', 98, 16, 18, 'NO', 'Governance', 554, 'Governance', 0, 626, 98, 'Does the company actively safeguard against illegal practices?'),
(2002, 627, '2024-06-20', 98, 7, 18, 'YES', 'Social', 555, 'Social', 1, 627, 98, 'Does the company provide employees and senior management with OHS induction/training where necessary?'),
(2003, 628, '2024-06-20', 98, 9, 18, 'YES', 'Social', 556, 'Social', 1, 628, 98, 'Do all employees have formal contracts of employment?'),
(2004, 629, '2024-06-20', 98, 12, 18, 'YES', 'Social', 557, 'Social', 1, 629, 98, 'Is the Chairman of the Board independent?'),
(2005, 630, '2024-06-20', 99, 1, 18, 'YES', 'Environmental', 558, 'Environmental', 1, 630, 99, 'Does the company have and adhere to an environmental policy which sets out clear commitments and targets to improve the company’s environmental footprint?'),
(2006, 631, '2024-06-20', 99, 4, 18, 'YES', 'Environmental', 559, 'Environmental', 1, 631, 99, 'Does the environmental policy cover climate change issues that could be relevant to the company?'),
(2007, 632, '2024-06-20', 99, 13, 18, 'NO', 'Governance', 560, 'Governance', 0, 632, 99, 'Does the company have a diverse board and a policy for ensuring diversity of board members?'),
(2008, 633, '2024-06-20', 99, 16, 18, 'NO', 'Governance', 561, 'Governance', 0, 633, 99, 'Does the company actively safeguard against illegal practices?'),
(2009, 634, '2024-06-20', 99, 7, 18, 'YES', 'Social', 562, 'Social', 1, 634, 99, 'Does the company provide employees and senior management with OHS induction/training where necessary?'),
(2010, 635, '2024-06-20', 99, 9, 18, 'YES', 'Social', 563, 'Social', 1, 635, 99, 'Do all employees have formal contracts of employment?'),
(2011, 636, '2024-06-20', 99, 12, 18, 'YES', 'Social', 564, 'Social', 1, 636, 99, 'Is the Chairman of the Board independent?'),
(2012, 637, '2024-06-29', 101, 1, 1, 'YES', 'Environmental', 565, 'Environmental', 1, 637, 101, 'Does the company have and adhere to an environmental policy which sets out clear commitments and targets to improve the company’s environmental footprint?'),
(2013, 638, '2024-06-29', 101, 4, 1, 'NO', 'Environmental', 566, 'Environmental', 0, 638, 101, 'Does the environmental policy cover climate change issues that could be relevant to the company?'),
(2014, 639, '2024-06-29', 101, 13, 1, 'YES', 'Governance', 567, 'Governance', 1, 639, 101, 'Does the company have a diverse board and a policy for ensuring diversity of board members?'),
(2015, 640, '2024-06-29', 101, 16, 1, 'YES', 'Governance', 568, 'Governance', 1, 640, 101, 'Does the company actively safeguard against illegal practices?'),
(2016, 641, '2024-06-29', 101, 7, 1, 'NO', 'Social', 569, 'Social', 0, 641, 101, 'Does the company provide employees and senior management with OHS induction/training where necessary?'),
(2017, 642, '2024-06-29', 101, 9, 1, 'YES', 'Social', 570, 'Social', 1, 642, 101, 'Do all employees have formal contracts of employment?'),
(2018, 643, '2024-06-29', 101, 12, 1, 'YES', 'Social', 571, 'Social', 1, 643, 101, 'Is the Chairman of the Board independent?'),
(2019, 644, '2024-06-29', 101, 1, 1, 'YES', 'Environmental', 572, 'Environmental', 1, 637, 101, 'Does the company have and adhere to an environmental policy which sets out clear commitments and targets to improve the company’s environmental footprint?'),
(2020, 645, '2024-06-29', 101, 4, 1, 'NO', 'Environmental', 573, 'Environmental', 0, 638, 101, 'Does the environmental policy cover climate change issues that could be relevant to the company?'),
(2021, 646, '2024-06-29', 101, 13, 1, 'YES', 'Governance', 574, 'Governance', 1, 639, 101, 'Does the company have a diverse board and a policy for ensuring diversity of board members?'),
(2022, 647, '2024-06-29', 101, 16, 1, 'YES', 'Governance', 575, 'Governance', 1, 640, 101, 'Does the company actively safeguard against illegal practices?'),
(2023, 648, '2024-06-29', 101, 7, 1, 'NO', 'Social', 576, 'Social', 0, 641, 101, 'Does the company provide employees and senior management with OHS induction/training where necessary?'),
(2024, 649, '2024-06-29', 101, 9, 1, 'YES', 'Social', 577, 'Social', 1, 642, 101, 'Do all employees have formal contracts of employment?'),
(2025, 650, '2024-06-29', 101, 12, 1, 'YES', 'Social', 578, 'Social', 1, 643, 101, 'Is the Chairman of the Board independent?'),
(2026, 651, '2024-06-29', 101, 1, 1, 'YES', 'Environmental', 579, 'Environmental', 1, 644, 101, 'Does the company have and adhere to an environmental policy which sets out clear commitments and targets to improve the company’s environmental footprint?'),
(2027, 652, '2024-06-29', 101, 4, 1, 'NO', 'Environmental', 580, 'Environmental', 0, 645, 101, 'Does the environmental policy cover climate change issues that could be relevant to the company?'),
(2028, 653, '2024-06-29', 101, 13, 1, 'NO', 'Governance', 581, 'Governance', 1, 646, 101, 'Does the company have a diverse board and a policy for ensuring diversity of board members?'),
(2029, 654, '2024-06-29', 101, 16, 1, 'NO', 'Governance', 582, 'Governance', 1, 647, 101, 'Does the company actively safeguard against illegal practices?'),
(2030, 655, '2024-06-29', 101, 7, 1, 'NO', 'Social', 583, 'Social', 0, 648, 101, 'Does the company provide employees and senior management with OHS induction/training where necessary?'),
(2031, 656, '2024-06-29', 101, 9, 1, 'YES', 'Social', 584, 'Social', 1, 649, 101, 'Do all employees have formal contracts of employment?'),
(2032, 657, '2024-06-29', 101, 12, 1, 'YES', 'Social', 585, 'Social', 1, 650, 101, 'Is the Chairman of the Board independent?'),
(2033, 658, '2024-06-29', 102, 1, 1, 'YES', 'Environmental', 586, 'Environmental', 1, 637, 101, 'Does the company have and adhere to an environmental policy which sets out clear commitments and targets to improve the company’s environmental footprint?'),
(2034, 659, '2024-06-29', 102, 4, 1, 'NO', 'Environmental', 587, 'Environmental', 0, 638, 101, 'Does the environmental policy cover climate change issues that could be relevant to the company?'),
(2035, 660, '2024-06-29', 102, 13, 1, 'NO', 'Governance', 588, 'Governance', 1, 639, 101, 'Does the company have a diverse board and a policy for ensuring diversity of board members?'),
(2036, 661, '2024-06-29', 102, 16, 1, 'NO', 'Governance', 589, 'Governance', 1, 640, 101, 'Does the company actively safeguard against illegal practices?'),
(2037, 662, '2024-06-29', 102, 7, 1, 'NO', 'Social', 590, 'Social', 0, 641, 101, 'Does the company provide employees and senior management with OHS induction/training where necessary?'),
(2038, 663, '2024-06-29', 102, 9, 1, 'YES', 'Social', 591, 'Social', 1, 642, 101, 'Do all employees have formal contracts of employment?'),
(2039, 664, '2024-06-29', 102, 12, 1, 'YES', 'Social', 592, 'Social', 1, 643, 101, 'Is the Chairman of the Board independent?'),
(2040, 665, '2024-06-29', 103, 1, 1, 'YES', 'Environmental', 593, 'Environmental', 1, 644, 101, 'Does the company have and adhere to an environmental policy which sets out clear commitments and targets to improve the company’s environmental footprint?'),
(2041, 666, '2024-06-29', 103, 4, 1, 'NO', 'Environmental', 594, 'Environmental', 0, 645, 101, 'Does the environmental policy cover climate change issues that could be relevant to the company?'),
(2042, 667, '2024-06-29', 103, 13, 1, 'NO', 'Governance', 595, 'Governance', 1, 646, 101, 'Does the company have a diverse board and a policy for ensuring diversity of board members?'),
(2043, 668, '2024-06-29', 103, 16, 1, 'NO', 'Governance', 596, 'Governance', 1, 647, 101, 'Does the company actively safeguard against illegal practices?'),
(2044, 669, '2024-06-29', 103, 7, 1, 'NO', 'Social', 597, 'Social', 0, 648, 101, 'Does the company provide employees and senior management with OHS induction/training where necessary?'),
(2045, 670, '2024-06-29', 103, 9, 1, 'YES', 'Social', 598, 'Social', 1, 649, 101, 'Do all employees have formal contracts of employment?'),
(2046, 671, '2024-06-29', 103, 12, 1, 'YES', 'Social', 599, 'Social', 1, 650, 101, 'Is the Chairman of the Board independent?'),
(2047, 672, '2024-06-29', 104, 1, 1, 'YES', 'Environmental', 600, 'Environmental', 1, 651, 101, 'Does the company have and adhere to an environmental policy which sets out clear commitments and targets to improve the company’s environmental footprint?'),
(2048, 673, '2024-06-29', 104, 4, 1, 'NO', 'Environmental', 601, 'Environmental', 0, 652, 101, 'Does the environmental policy cover climate change issues that could be relevant to the company?'),
(2049, 674, '2024-06-29', 104, 13, 1, 'NO', 'Governance', 602, 'Governance', 0, 653, 101, 'Does the company have a diverse board and a policy for ensuring diversity of board members?'),
(2050, 675, '2024-06-29', 104, 16, 1, 'NO', 'Governance', 603, 'Governance', 0, 654, 101, 'Does the company actively safeguard against illegal practices?'),
(2051, 676, '2024-06-29', 104, 7, 1, 'NO', 'Social', 604, 'Social', 0, 655, 101, 'Does the company provide employees and senior management with OHS induction/training where necessary?'),
(2052, 677, '2024-06-29', 104, 9, 1, 'YES', 'Social', 605, 'Social', 1, 656, 101, 'Do all employees have formal contracts of employment?'),
(2053, 678, '2024-06-29', 104, 12, 1, 'YES', 'Social', 606, 'Social', 1, 657, 101, 'Is the Chairman of the Board independent?'),
(2054, 679, '2024-06-29', 105, 1, 1, 'YES', 'Environmental', 607, 'Environmental', 1, 658, 102, 'Does the company have and adhere to an environmental policy which sets out clear commitments and targets to improve the company’s environmental footprint?'),
(2055, 680, '2024-06-29', 105, 4, 1, 'NO', 'Environmental', 608, 'Environmental', 0, 659, 102, 'Does the environmental policy cover climate change issues that could be relevant to the company?'),
(2056, 681, '2024-06-29', 105, 13, 1, 'NO', 'Governance', 609, 'Governance', 0, 660, 102, 'Does the company have a diverse board and a policy for ensuring diversity of board members?'),
(2057, 682, '2024-06-29', 105, 16, 1, 'NO', 'Governance', 610, 'Governance', 0, 661, 102, 'Does the company actively safeguard against illegal practices?'),
(2058, 683, '2024-06-29', 105, 7, 1, 'NO', 'Social', 611, 'Social', 0, 662, 102, 'Does the company provide employees and senior management with OHS induction/training where necessary?'),
(2059, 684, '2024-06-29', 105, 9, 1, 'YES', 'Social', 612, 'Social', 1, 663, 102, 'Do all employees have formal contracts of employment?'),
(2060, 685, '2024-06-29', 105, 12, 1, 'YES', 'Social', 613, 'Social', 1, 664, 102, 'Is the Chairman of the Board independent?');
INSERT INTO `hc_pl` (`id`, `hc_tr_analysis_response_id`, `hc_tr_analysis_response_date`, `hc_tr_analysis_assessment_id`, `hc_tr_analysis_question_id`, `hc_tr_analysis_user_id`, `hc_tr_analysis_response`, `hc_tr_analysis_part`, `hc_tr_analysis_calc_id`, `hc_tr_analysis_calc_part`, `hc_tr_analysis_calc_score`, `hc_tr_analysis_calc_original_id`, `hc_tr_analysis_calc_assessment_id`, `hc_mt_question_text`) VALUES
(2061, 686, '2024-06-29', 106, 1, 1, 'YES', 'Environmental', 614, 'Environmental', 1, 665, 103, 'Does the company have and adhere to an environmental policy which sets out clear commitments and targets to improve the company’s environmental footprint?'),
(2062, 687, '2024-06-29', 106, 4, 1, 'NO', 'Environmental', 615, 'Environmental', 0, 666, 103, 'Does the environmental policy cover climate change issues that could be relevant to the company?'),
(2063, 688, '2024-06-29', 106, 13, 1, 'NO', 'Governance', 616, 'Governance', 0, 667, 103, 'Does the company have a diverse board and a policy for ensuring diversity of board members?'),
(2064, 689, '2024-06-29', 106, 16, 1, 'NO', 'Governance', 617, 'Governance', 0, 668, 103, 'Does the company actively safeguard against illegal practices?'),
(2065, 690, '2024-06-29', 106, 7, 1, 'NO', 'Social', 618, 'Social', 0, 669, 103, 'Does the company provide employees and senior management with OHS induction/training where necessary?'),
(2066, 691, '2024-06-29', 106, 9, 1, 'YES', 'Social', 619, 'Social', 1, 670, 103, 'Do all employees have formal contracts of employment?'),
(2067, 692, '2024-06-29', 106, 12, 1, 'YES', 'Social', 620, 'Social', 1, 671, 103, 'Is the Chairman of the Board independent?'),
(2068, 693, '2024-06-29', 107, 1, 1, 'YES', 'Environmental', 621, 'Environmental', 1, 672, 104, 'Does the company have and adhere to an environmental policy which sets out clear commitments and targets to improve the company’s environmental footprint?'),
(2069, 694, '2024-06-29', 107, 4, 1, 'NO', 'Environmental', 622, 'Environmental', 0, 673, 104, 'Does the environmental policy cover climate change issues that could be relevant to the company?'),
(2070, 695, '2024-06-29', 107, 13, 1, 'NO', 'Governance', 623, 'Governance', 0, 674, 104, 'Does the company have a diverse board and a policy for ensuring diversity of board members?'),
(2071, 696, '2024-06-29', 107, 16, 1, 'NO', 'Governance', 624, 'Governance', 0, 675, 104, 'Does the company actively safeguard against illegal practices?'),
(2072, 697, '2024-06-29', 107, 7, 1, 'NO', 'Social', 625, 'Social', 0, 676, 104, 'Does the company provide employees and senior management with OHS induction/training where necessary?'),
(2073, 698, '2024-06-29', 107, 9, 1, 'YES', 'Social', 626, 'Social', 1, 677, 104, 'Do all employees have formal contracts of employment?'),
(2074, 699, '2024-06-29', 107, 12, 1, 'YES', 'Social', 627, 'Social', 1, 678, 104, 'Is the Chairman of the Board independent?'),
(2075, 700, '2024-06-29', 108, 1, 1, 'YES', 'Environmental', 628, 'Environmental', 1, 679, 105, 'Does the company have and adhere to an environmental policy which sets out clear commitments and targets to improve the company’s environmental footprint?'),
(2076, 701, '2024-06-29', 108, 4, 1, 'NO', 'Environmental', 629, 'Environmental', 0, 680, 105, 'Does the environmental policy cover climate change issues that could be relevant to the company?'),
(2077, 702, '2024-06-29', 108, 13, 1, 'YES', 'Governance', 630, 'Governance', 0, 681, 105, 'Does the company have a diverse board and a policy for ensuring diversity of board members?'),
(2078, 703, '2024-06-29', 108, 16, 1, 'YES', 'Governance', 631, 'Governance', 0, 682, 105, 'Does the company actively safeguard against illegal practices?'),
(2079, 704, '2024-06-29', 108, 7, 1, 'NO', 'Social', 632, 'Social', 0, 683, 105, 'Does the company provide employees and senior management with OHS induction/training where necessary?'),
(2080, 705, '2024-06-29', 108, 9, 1, 'YES', 'Social', 633, 'Social', 1, 684, 105, 'Do all employees have formal contracts of employment?'),
(2081, 706, '2024-06-29', 108, 12, 1, 'YES', 'Social', 634, 'Social', 1, 685, 105, 'Is the Chairman of the Board independent?'),
(2082, 707, '2024-06-29', 109, 1, 1, 'YES', 'Environmental', 635, 'Environmental', 1, 686, 106, 'Does the company have and adhere to an environmental policy which sets out clear commitments and targets to improve the company’s environmental footprint?'),
(2083, 708, '2024-06-29', 109, 4, 1, 'NO', 'Environmental', 636, 'Environmental', 0, 687, 106, 'Does the environmental policy cover climate change issues that could be relevant to the company?'),
(2084, 709, '2024-06-29', 109, 13, 1, 'YES', 'Governance', 637, 'Governance', 0, 688, 106, 'Does the company have a diverse board and a policy for ensuring diversity of board members?'),
(2085, 710, '2024-06-29', 109, 16, 1, 'NO', 'Governance', 638, 'Governance', 0, 689, 106, 'Does the company actively safeguard against illegal practices?'),
(2086, 711, '2024-06-29', 109, 7, 1, 'YES', 'Social', 639, 'Social', 0, 690, 106, 'Does the company provide employees and senior management with OHS induction/training where necessary?'),
(2087, 712, '2024-06-29', 109, 9, 1, 'NO', 'Social', 640, 'Social', 1, 691, 106, 'Do all employees have formal contracts of employment?'),
(2088, 713, '2024-06-29', 109, 12, 1, 'YES', 'Social', 641, 'Social', 1, 692, 106, 'Is the Chairman of the Board independent?'),
(2089, 472, '2024-06-19', 59, 1, 1, 'YES', 'Environmental', 400, 'Environmental', 1, 472, 59, 'Does the company have and adhere to an environmental policy which sets out clear commitments and targets to improve the company’s environmental footprint?'),
(2090, 473, '2024-06-19', 59, 4, 1, 'YES', 'Environmental', 401, 'Environmental', 1, 473, 59, 'Does the environmental policy cover climate change issues that could be relevant to the company?'),
(2091, 474, '2024-06-19', 59, 13, 1, 'YES', 'Governance', 402, 'Governance', 1, 474, 59, 'Does the company have a diverse board and a policy for ensuring diversity of board members?'),
(2092, 475, '2024-06-19', 59, 16, 1, 'YES', 'Governance', 403, 'Governance', 1, 475, 59, 'Does the company actively safeguard against illegal practices?'),
(2093, 476, '2024-06-19', 59, 7, 1, 'YES', 'Social', 404, 'Social', 1, 476, 59, 'Does the company provide employees and senior management with OHS induction/training where necessary?'),
(2094, 477, '2024-06-19', 59, 9, 1, 'YES', 'Social', 405, 'Social', 1, 477, 59, 'Do all employees have formal contracts of employment?'),
(2095, 478, '2024-06-19', 59, 12, 1, 'YES', 'Social', 406, 'Social', 1, 478, 59, 'Is the Chairman of the Board independent?'),
(2096, 479, '2024-06-19', 60, 2, 10, 'YES', 'Environmental', 407, 'Environmental', 1, 479, 60, 'Does the company\'s environmental policy have executive and/or board-level commitment, support, and endorsement?'),
(2097, 480, '2024-06-19', 60, 5, 10, 'YES', 'Environmental', 408, 'Environmental', 1, 480, 60, 'Does the company have and adhere to an occupational health & safety (OHS) policy which sets out clear commitments and targets to improve worker health & safety?'),
(2098, 481, '2024-06-19', 60, 15, 10, 'YES', 'Governance', 409, 'Governance', 1, 481, 60, 'Is the company\'s code of ethics/conduct or values statement regularly reviewed and updated accordingly?'),
(2099, 482, '2024-06-19', 60, 10, 10, 'YES', 'Social', 410, 'Social', 1, 482, 60, 'Do all employees meet minimum age standards and regulations?'),
(2100, 483, '2024-06-19', 61, 2, 11, 'NO', 'Environmental', 411, 'Environmental', 0, 483, 61, 'Does the company\'s environmental policy have executive and/or board-level commitment, support, and endorsement?'),
(2101, 484, '2024-06-19', 61, 5, 11, 'YES', 'Environmental', 412, 'Environmental', 1, 484, 61, 'Does the company have and adhere to an occupational health & safety (OHS) policy which sets out clear commitments and targets to improve worker health & safety?'),
(2102, 485, '2024-06-19', 61, 15, 11, 'NO', 'Governance', 413, 'Governance', 0, 485, 61, 'Is the company\'s code of ethics/conduct or values statement regularly reviewed and updated accordingly?'),
(2103, 486, '2024-06-19', 61, 10, 11, 'YES', 'Social', 414, 'Social', 1, 486, 61, 'Do all employees meet minimum age standards and regulations?'),
(2104, 487, '2024-06-19', 62, 3, 12, 'YES', 'Environmental', 415, 'Environmental', 1, 487, 62, 'Does the company conduct environmental risk and opportunity assessments of their activities?'),
(2105, 488, '2024-06-19', 62, 14, 12, 'NO', 'Governance', 416, 'Governance', 0, 488, 62, 'Does the company have and abide by a code of ethics/conduct or values statement to guide company conduct with honesty and integrity?'),
(2106, 489, '2024-06-19', 62, 6, 12, 'YES', 'Social', 417, 'Social', 1, 489, 62, 'Does the company\'s OHS policy have executive and/or board-level commitment, support, and endorsement?'),
(2107, 490, '2024-06-19', 62, 8, 12, 'YES', 'Social', 418, 'Social', 1, 490, 62, 'Does the company have and adhere to a policy which sets out clear commitments and targets that cover discrimination and child, forced or compulsory labour in its workforce and its supply chain?'),
(2108, 491, '2024-06-19', 62, 11, 12, 'YES', 'Social', 419, 'Social', 1, 491, 62, 'Does the Board of Directors include executive and non-executive directors?'),
(2109, 492, '2024-06-19', 63, 3, 13, 'YES', 'Environmental', 420, 'Environmental', 1, 492, 63, 'Does the company conduct environmental risk and opportunity assessments of their activities?'),
(2110, 493, '2024-06-19', 63, 14, 13, 'NO', 'Governance', 421, 'Governance', 0, 493, 63, 'Does the company have and abide by a code of ethics/conduct or values statement to guide company conduct with honesty and integrity?'),
(2111, 494, '2024-06-19', 63, 6, 13, 'NO', 'Social', 422, 'Social', 0, 494, 63, 'Does the company\'s OHS policy have executive and/or board-level commitment, support, and endorsement?'),
(2112, 495, '2024-06-19', 63, 8, 13, 'YES', 'Social', 423, 'Social', 1, 495, 63, 'Does the company have and adhere to a policy which sets out clear commitments and targets that cover discrimination and child, forced or compulsory labour in its workforce and its supply chain?'),
(2113, 496, '2024-06-19', 63, 11, 13, 'NO', 'Social', 424, 'Social', 0, 496, 63, 'Does the Board of Directors include executive and non-executive directors?'),
(2114, 497, '2024-06-19', 64, 1, 14, 'NO', 'Environmental', 425, 'Environmental', 0, 497, 64, 'Does the company have and adhere to an environmental policy which sets out clear commitments and targets to improve the company’s environmental footprint?'),
(2115, 498, '2024-06-19', 64, 4, 14, 'NO', 'Environmental', 426, 'Environmental', 0, 498, 64, 'Does the environmental policy cover climate change issues that could be relevant to the company?'),
(2116, 499, '2024-06-19', 64, 13, 14, 'YES', 'Governance', 427, 'Governance', 1, 499, 64, 'Does the company have a diverse board and a policy for ensuring diversity of board members?'),
(2117, 500, '2024-06-19', 64, 16, 14, 'YES', 'Governance', 428, 'Governance', 1, 500, 64, 'Does the company actively safeguard against illegal practices?'),
(2118, 501, '2024-06-19', 64, 7, 14, 'NO', 'Social', 429, 'Social', 0, 501, 64, 'Does the company provide employees and senior management with OHS induction/training where necessary?'),
(2119, 502, '2024-06-19', 64, 9, 14, 'YES', 'Social', 430, 'Social', 1, 502, 64, 'Do all employees have formal contracts of employment?'),
(2120, 503, '2024-06-19', 64, 12, 14, 'YES', 'Social', 431, 'Social', 1, 503, 64, 'Is the Chairman of the Board independent?'),
(2121, 504, '2024-06-19', 65, 1, 15, 'YES', 'Environmental', 432, 'Environmental', 1, 504, 65, 'Does the company have and adhere to an environmental policy which sets out clear commitments and targets to improve the company’s environmental footprint?'),
(2122, 505, '2024-06-19', 65, 4, 15, 'NO', 'Environmental', 433, 'Environmental', 0, 505, 65, 'Does the environmental policy cover climate change issues that could be relevant to the company?'),
(2123, 506, '2024-06-19', 65, 13, 15, 'YES', 'Governance', 434, 'Governance', 1, 506, 65, 'Does the company have a diverse board and a policy for ensuring diversity of board members?'),
(2124, 507, '2024-06-19', 65, 16, 15, 'YES', 'Governance', 435, 'Governance', 1, 507, 65, 'Does the company actively safeguard against illegal practices?'),
(2125, 508, '2024-06-19', 65, 7, 15, 'NO', 'Social', 436, 'Social', 0, 508, 65, 'Does the company provide employees and senior management with OHS induction/training where necessary?'),
(2126, 509, '2024-06-19', 65, 9, 15, 'YES', 'Social', 437, 'Social', 1, 509, 65, 'Do all employees have formal contracts of employment?'),
(2127, 510, '2024-06-19', 65, 12, 15, 'YES', 'Social', 438, 'Social', 1, 510, 65, 'Is the Chairman of the Board independent?'),
(2128, 511, '2024-06-19', 66, 2, 16, 'YES', 'Environmental', 439, 'Environmental', 1, 511, 66, 'Does the company\'s environmental policy have executive and/or board-level commitment, support, and endorsement?'),
(2129, 512, '2024-06-19', 66, 5, 16, 'YES', 'Environmental', 440, 'Environmental', 1, 512, 66, 'Does the company have and adhere to an occupational health & safety (OHS) policy which sets out clear commitments and targets to improve worker health & safety?'),
(2130, 513, '2024-06-19', 66, 15, 16, 'NO', 'Governance', 441, 'Governance', 0, 513, 66, 'Is the company\'s code of ethics/conduct or values statement regularly reviewed and updated accordingly?'),
(2131, 514, '2024-06-19', 66, 10, 16, 'NO', 'Social', 442, 'Social', 0, 514, 66, 'Do all employees meet minimum age standards and regulations?'),
(2132, 515, '2024-06-19', 67, 3, 17, 'YES', 'Environmental', 443, 'Environmental', 1, 515, 67, 'Does the company conduct environmental risk and opportunity assessments of their activities?'),
(2133, 516, '2024-06-19', 67, 14, 17, 'YES', 'Governance', 444, 'Governance', 1, 516, 67, 'Does the company have and abide by a code of ethics/conduct or values statement to guide company conduct with honesty and integrity?'),
(2134, 517, '2024-06-19', 67, 6, 17, 'YES', 'Social', 445, 'Social', 1, 517, 67, 'Does the company\'s OHS policy have executive and/or board-level commitment, support, and endorsement?'),
(2135, 518, '2024-06-19', 67, 8, 17, 'YES', 'Social', 446, 'Social', 1, 518, 67, 'Does the company have and adhere to a policy which sets out clear commitments and targets that cover discrimination and child, forced or compulsory labour in its workforce and its supply chain?'),
(2136, 519, '2024-06-19', 67, 11, 17, 'YES', 'Social', 447, 'Social', 1, 519, 67, 'Does the Board of Directors include executive and non-executive directors?'),
(2137, 520, '2024-06-19', 68, 1, 18, 'NO', 'Environmental', 448, 'Environmental', 0, 520, 68, 'Does the company have and adhere to an environmental policy which sets out clear commitments and targets to improve the company’s environmental footprint?'),
(2138, 521, '2024-06-19', 68, 4, 18, 'YES', 'Environmental', 449, 'Environmental', 1, 521, 68, 'Does the environmental policy cover climate change issues that could be relevant to the company?'),
(2139, 522, '2024-06-19', 68, 13, 18, 'NO', 'Governance', 450, 'Governance', 0, 522, 68, 'Does the company have a diverse board and a policy for ensuring diversity of board members?'),
(2140, 523, '2024-06-19', 68, 16, 18, 'YES', 'Governance', 451, 'Governance', 1, 523, 68, 'Does the company actively safeguard against illegal practices?'),
(2141, 524, '2024-06-19', 68, 7, 18, 'YES', 'Social', 452, 'Social', 1, 524, 68, 'Does the company provide employees and senior management with OHS induction/training where necessary?'),
(2142, 525, '2024-06-19', 68, 9, 18, 'NO', 'Social', 453, 'Social', 0, 525, 68, 'Do all employees have formal contracts of employment?'),
(2143, 526, '2024-06-19', 68, 12, 18, 'NO', 'Social', 454, 'Social', 0, 526, 68, 'Is the Chairman of the Board independent?'),
(2144, 527, '2024-06-20', 71, 1, 1, 'NO', 'Environmental', 455, 'Environmental', 0, 527, 71, 'Does the company have and adhere to an environmental policy which sets out clear commitments and targets to improve the company’s environmental footprint?'),
(2145, 528, '2024-06-20', 71, 4, 1, 'YES', 'Environmental', 456, 'Environmental', 1, 528, 71, 'Does the environmental policy cover climate change issues that could be relevant to the company?'),
(2146, 529, '2024-06-20', 71, 13, 1, 'NO', 'Governance', 457, 'Governance', 0, 529, 71, 'Does the company have a diverse board and a policy for ensuring diversity of board members?'),
(2147, 530, '2024-06-20', 71, 16, 1, 'NO', 'Governance', 458, 'Governance', 0, 530, 71, 'Does the company actively safeguard against illegal practices?'),
(2148, 531, '2024-06-20', 71, 7, 1, 'YES', 'Social', 459, 'Social', 1, 531, 71, 'Does the company provide employees and senior management with OHS induction/training where necessary?'),
(2149, 532, '2024-06-20', 71, 9, 1, 'NO', 'Social', 460, 'Social', 0, 532, 71, 'Do all employees have formal contracts of employment?'),
(2150, 533, '2024-06-20', 71, 12, 1, 'NO', 'Social', 461, 'Social', 0, 533, 71, 'Is the Chairman of the Board independent?'),
(2151, 534, '2024-06-20', 72, 1, 1, 'YES', 'Environmental', 462, 'Environmental', 1, 534, 72, 'Does the company have and adhere to an environmental policy which sets out clear commitments and targets to improve the company’s environmental footprint?'),
(2152, 535, '2024-06-20', 72, 4, 1, 'YES', 'Environmental', 463, 'Environmental', 1, 535, 72, 'Does the environmental policy cover climate change issues that could be relevant to the company?'),
(2153, 536, '2024-06-20', 72, 13, 1, 'YES', 'Governance', 464, 'Governance', 1, 536, 72, 'Does the company have a diverse board and a policy for ensuring diversity of board members?'),
(2154, 537, '2024-06-20', 72, 16, 1, 'NO', 'Governance', 465, 'Governance', 0, 537, 72, 'Does the company actively safeguard against illegal practices?'),
(2155, 538, '2024-06-20', 72, 7, 1, 'YES', 'Social', 466, 'Social', 1, 538, 72, 'Does the company provide employees and senior management with OHS induction/training where necessary?'),
(2156, 539, '2024-06-20', 72, 9, 1, 'YES', 'Social', 467, 'Social', 1, 539, 72, 'Do all employees have formal contracts of employment?'),
(2157, 540, '2024-06-20', 72, 12, 1, 'NO', 'Social', 468, 'Social', 0, 540, 72, 'Is the Chairman of the Board independent?'),
(2158, 541, '2024-06-20', 74, 2, 10, 'YES', 'Environmental', 469, 'Environmental', 1, 541, 74, 'Does the company\'s environmental policy have executive and/or board-level commitment, support, and endorsement?'),
(2159, 542, '2024-06-20', 74, 5, 10, 'YES', 'Environmental', 470, 'Environmental', 1, 542, 74, 'Does the company have and adhere to an occupational health & safety (OHS) policy which sets out clear commitments and targets to improve worker health & safety?'),
(2160, 543, '2024-06-20', 74, 15, 10, 'YES', 'Governance', 471, 'Governance', 1, 543, 74, 'Is the company\'s code of ethics/conduct or values statement regularly reviewed and updated accordingly?'),
(2161, 544, '2024-06-20', 74, 10, 10, 'YES', 'Social', 472, 'Social', 1, 544, 74, 'Do all employees meet minimum age standards and regulations?'),
(2162, 545, '2024-06-20', 76, 2, 10, 'NO', 'Environmental', 473, 'Environmental', 0, 545, 76, 'Does the company\'s environmental policy have executive and/or board-level commitment, support, and endorsement?'),
(2163, 546, '2024-06-20', 76, 5, 10, 'YES', 'Environmental', 474, 'Environmental', 1, 546, 76, 'Does the company have and adhere to an occupational health & safety (OHS) policy which sets out clear commitments and targets to improve worker health & safety?'),
(2164, 547, '2024-06-20', 76, 15, 10, 'NO', 'Governance', 475, 'Governance', 0, 547, 76, 'Is the company\'s code of ethics/conduct or values statement regularly reviewed and updated accordingly?'),
(2165, 548, '2024-06-20', 76, 10, 10, 'NO', 'Social', 476, 'Social', 0, 548, 76, 'Do all employees meet minimum age standards and regulations?'),
(2166, 549, '2024-06-20', 78, 2, 11, 'NO', 'Environmental', 477, 'Environmental', 0, 549, 78, 'Does the company\'s environmental policy have executive and/or board-level commitment, support, and endorsement?'),
(2167, 550, '2024-06-20', 78, 5, 11, 'NO', 'Environmental', 478, 'Environmental', 0, 550, 78, 'Does the company have and adhere to an occupational health & safety (OHS) policy which sets out clear commitments and targets to improve worker health & safety?'),
(2168, 551, '2024-06-20', 78, 15, 11, 'NO', 'Governance', 479, 'Governance', 0, 551, 78, 'Is the company\'s code of ethics/conduct or values statement regularly reviewed and updated accordingly?'),
(2169, 552, '2024-06-20', 78, 10, 11, 'NO', 'Social', 480, 'Social', 0, 552, 78, 'Do all employees meet minimum age standards and regulations?'),
(2170, 553, '2024-06-20', 79, 3, 12, 'NO', 'Environmental', 481, 'Environmental', 0, 553, 79, 'Does the company conduct environmental risk and opportunity assessments of their activities?'),
(2171, 554, '2024-06-20', 79, 14, 12, 'NO', 'Governance', 482, 'Governance', 0, 554, 79, 'Does the company have and abide by a code of ethics/conduct or values statement to guide company conduct with honesty and integrity?'),
(2172, 555, '2024-06-20', 79, 6, 12, 'YES', 'Social', 483, 'Social', 1, 555, 79, 'Does the company\'s OHS policy have executive and/or board-level commitment, support, and endorsement?'),
(2173, 556, '2024-06-20', 79, 8, 12, 'YES', 'Social', 484, 'Social', 1, 556, 79, 'Does the company have and adhere to a policy which sets out clear commitments and targets that cover discrimination and child, forced or compulsory labour in its workforce and its supply chain?'),
(2174, 557, '2024-06-20', 79, 11, 12, 'YES', 'Social', 485, 'Social', 1, 557, 79, 'Does the Board of Directors include executive and non-executive directors?'),
(2175, 558, '2024-06-20', 81, 3, 12, 'YES', 'Environmental', 486, 'Environmental', 1, 558, 81, 'Does the company conduct environmental risk and opportunity assessments of their activities?'),
(2176, 559, '2024-06-20', 81, 14, 12, 'YES', 'Governance', 487, 'Governance', 1, 559, 81, 'Does the company have and abide by a code of ethics/conduct or values statement to guide company conduct with honesty and integrity?'),
(2177, 560, '2024-06-20', 81, 6, 12, 'YES', 'Social', 488, 'Social', 1, 560, 81, 'Does the company\'s OHS policy have executive and/or board-level commitment, support, and endorsement?'),
(2178, 561, '2024-06-20', 81, 8, 12, 'NO', 'Social', 489, 'Social', 0, 561, 81, 'Does the company have and adhere to a policy which sets out clear commitments and targets that cover discrimination and child, forced or compulsory labour in its workforce and its supply chain?'),
(2179, 562, '2024-06-20', 81, 11, 12, 'YES', 'Social', 490, 'Social', 1, 562, 81, 'Does the Board of Directors include executive and non-executive directors?'),
(2180, 563, '2024-06-20', 82, 3, 13, 'YES', 'Environmental', 491, 'Environmental', 1, 563, 82, 'Does the company conduct environmental risk and opportunity assessments of their activities?'),
(2181, 564, '2024-06-20', 82, 14, 13, 'NO', 'Governance', 492, 'Governance', 0, 564, 82, 'Does the company have and abide by a code of ethics/conduct or values statement to guide company conduct with honesty and integrity?'),
(2182, 565, '2024-06-20', 82, 6, 13, 'YES', 'Social', 493, 'Social', 1, 565, 82, 'Does the company\'s OHS policy have executive and/or board-level commitment, support, and endorsement?'),
(2183, 566, '2024-06-20', 82, 8, 13, 'YES', 'Social', 494, 'Social', 1, 566, 82, 'Does the company have and adhere to a policy which sets out clear commitments and targets that cover discrimination and child, forced or compulsory labour in its workforce and its supply chain?'),
(2184, 567, '2024-06-20', 82, 11, 13, 'YES', 'Social', 495, 'Social', 1, 567, 82, 'Does the Board of Directors include executive and non-executive directors?'),
(2185, 568, '2024-06-20', 83, 3, 13, 'NO', 'Environmental', 496, 'Environmental', 0, 568, 83, 'Does the company conduct environmental risk and opportunity assessments of their activities?'),
(2186, 569, '2024-06-20', 83, 14, 13, 'YES', 'Governance', 497, 'Governance', 1, 569, 83, 'Does the company have and abide by a code of ethics/conduct or values statement to guide company conduct with honesty and integrity?'),
(2187, 570, '2024-06-20', 83, 6, 13, 'NO', 'Social', 498, 'Social', 0, 570, 83, 'Does the company\'s OHS policy have executive and/or board-level commitment, support, and endorsement?'),
(2188, 571, '2024-06-20', 83, 8, 13, 'YES', 'Social', 499, 'Social', 1, 571, 83, 'Does the company have and adhere to a policy which sets out clear commitments and targets that cover discrimination and child, forced or compulsory labour in its workforce and its supply chain?'),
(2189, 572, '2024-06-20', 83, 11, 13, 'YES', 'Social', 500, 'Social', 1, 572, 83, 'Does the Board of Directors include executive and non-executive directors?'),
(2190, 573, '2024-06-20', 85, 1, 14, 'NO', 'Environmental', 501, 'Environmental', 0, 573, 85, 'Does the company have and adhere to an environmental policy which sets out clear commitments and targets to improve the company’s environmental footprint?'),
(2191, 574, '2024-06-20', 85, 4, 14, 'YES', 'Environmental', 502, 'Environmental', 1, 574, 85, 'Does the environmental policy cover climate change issues that could be relevant to the company?'),
(2192, 575, '2024-06-20', 85, 13, 14, 'YES', 'Governance', 503, 'Governance', 1, 575, 85, 'Does the company have a diverse board and a policy for ensuring diversity of board members?'),
(2193, 576, '2024-06-20', 85, 16, 14, 'YES', 'Governance', 504, 'Governance', 1, 576, 85, 'Does the company actively safeguard against illegal practices?'),
(2194, 577, '2024-06-20', 85, 7, 14, 'NO', 'Social', 505, 'Social', 0, 577, 85, 'Does the company provide employees and senior management with OHS induction/training where necessary?'),
(2195, 578, '2024-06-20', 85, 9, 14, 'YES', 'Social', 506, 'Social', 1, 578, 85, 'Do all employees have formal contracts of employment?'),
(2196, 579, '2024-06-20', 85, 12, 14, 'NO', 'Social', 507, 'Social', 0, 579, 85, 'Is the Chairman of the Board independent?'),
(2197, 580, '2024-06-20', 86, 1, 14, 'NO', 'Environmental', 508, 'Environmental', 0, 580, 86, 'Does the company have and adhere to an environmental policy which sets out clear commitments and targets to improve the company’s environmental footprint?'),
(2198, 581, '2024-06-20', 86, 4, 14, 'YES', 'Environmental', 509, 'Environmental', 1, 581, 86, 'Does the environmental policy cover climate change issues that could be relevant to the company?'),
(2199, 582, '2024-06-20', 86, 13, 14, 'YES', 'Governance', 510, 'Governance', 1, 582, 86, 'Does the company have a diverse board and a policy for ensuring diversity of board members?'),
(2200, 583, '2024-06-20', 86, 16, 14, 'YES', 'Governance', 511, 'Governance', 1, 583, 86, 'Does the company actively safeguard against illegal practices?'),
(2201, 584, '2024-06-20', 86, 7, 14, 'NO', 'Social', 512, 'Social', 0, 584, 86, 'Does the company provide employees and senior management with OHS induction/training where necessary?'),
(2202, 585, '2024-06-20', 86, 9, 14, 'NO', 'Social', 513, 'Social', 0, 585, 86, 'Do all employees have formal contracts of employment?'),
(2203, 586, '2024-06-20', 86, 12, 14, 'NO', 'Social', 514, 'Social', 0, 586, 86, 'Is the Chairman of the Board independent?'),
(2204, 587, '2024-06-20', 87, 1, 15, 'NO', 'Environmental', 515, 'Environmental', 0, 587, 87, 'Does the company have and adhere to an environmental policy which sets out clear commitments and targets to improve the company’s environmental footprint?'),
(2205, 588, '2024-06-20', 87, 4, 15, 'YES', 'Environmental', 516, 'Environmental', 1, 588, 87, 'Does the environmental policy cover climate change issues that could be relevant to the company?'),
(2206, 589, '2024-06-20', 87, 13, 15, 'YES', 'Governance', 517, 'Governance', 1, 589, 87, 'Does the company have a diverse board and a policy for ensuring diversity of board members?'),
(2207, 590, '2024-06-20', 87, 16, 15, 'YES', 'Governance', 518, 'Governance', 1, 590, 87, 'Does the company actively safeguard against illegal practices?'),
(2208, 591, '2024-06-20', 87, 7, 15, 'NO', 'Social', 519, 'Social', 0, 591, 87, 'Does the company provide employees and senior management with OHS induction/training where necessary?'),
(2209, 592, '2024-06-20', 87, 9, 15, 'NO', 'Social', 520, 'Social', 0, 592, 87, 'Do all employees have formal contracts of employment?'),
(2210, 593, '2024-06-20', 87, 12, 15, 'YES', 'Social', 521, 'Social', 1, 593, 87, 'Is the Chairman of the Board independent?'),
(2211, 594, '2024-06-20', 88, 1, 15, 'NO', 'Environmental', 522, 'Environmental', 0, 594, 88, 'Does the company have and adhere to an environmental policy which sets out clear commitments and targets to improve the company’s environmental footprint?'),
(2212, 595, '2024-06-20', 88, 4, 15, 'YES', 'Environmental', 523, 'Environmental', 1, 595, 88, 'Does the environmental policy cover climate change issues that could be relevant to the company?'),
(2213, 596, '2024-06-20', 88, 13, 15, 'NO', 'Governance', 524, 'Governance', 0, 596, 88, 'Does the company have a diverse board and a policy for ensuring diversity of board members?'),
(2214, 597, '2024-06-20', 88, 16, 15, 'YES', 'Governance', 525, 'Governance', 1, 597, 88, 'Does the company actively safeguard against illegal practices?'),
(2215, 598, '2024-06-20', 88, 7, 15, 'YES', 'Social', 526, 'Social', 1, 598, 88, 'Does the company provide employees and senior management with OHS induction/training where necessary?'),
(2216, 599, '2024-06-20', 88, 9, 15, 'NO', 'Social', 527, 'Social', 0, 599, 88, 'Do all employees have formal contracts of employment?'),
(2217, 600, '2024-06-20', 88, 12, 15, 'YES', 'Social', 528, 'Social', 1, 600, 88, 'Is the Chairman of the Board independent?'),
(2218, 601, '2024-06-20', 92, 2, 16, 'YES', 'Environmental', 529, 'Environmental', 1, 601, 92, 'Does the company\'s environmental policy have executive and/or board-level commitment, support, and endorsement?'),
(2219, 602, '2024-06-20', 92, 5, 16, 'YES', 'Environmental', 530, 'Environmental', 1, 602, 92, 'Does the company have and adhere to an occupational health & safety (OHS) policy which sets out clear commitments and targets to improve worker health & safety?'),
(2220, 603, '2024-06-20', 92, 15, 16, 'YES', 'Governance', 531, 'Governance', 1, 603, 92, 'Is the company\'s code of ethics/conduct or values statement regularly reviewed and updated accordingly?'),
(2221, 604, '2024-06-20', 92, 10, 16, 'YES', 'Social', 532, 'Social', 1, 604, 92, 'Do all employees meet minimum age standards and regulations?'),
(2222, 605, '2024-06-20', 93, 2, 16, 'YES', 'Environmental', 533, 'Environmental', 1, 605, 93, 'Does the company\'s environmental policy have executive and/or board-level commitment, support, and endorsement?'),
(2223, 606, '2024-06-20', 93, 5, 16, 'NO', 'Environmental', 534, 'Environmental', 0, 606, 93, 'Does the company have and adhere to an occupational health & safety (OHS) policy which sets out clear commitments and targets to improve worker health & safety?'),
(2224, 607, '2024-06-20', 93, 15, 16, 'NO', 'Governance', 535, 'Governance', 0, 607, 93, 'Is the company\'s code of ethics/conduct or values statement regularly reviewed and updated accordingly?'),
(2225, 608, '2024-06-20', 93, 10, 16, 'YES', 'Social', 536, 'Social', 1, 608, 93, 'Do all employees meet minimum age standards and regulations?'),
(2226, 609, '2024-06-20', 95, 1, 18, 'YES', 'Environmental', 537, 'Environmental', 1, 609, 95, 'Does the company have and adhere to an environmental policy which sets out clear commitments and targets to improve the company’s environmental footprint?'),
(2227, 610, '2024-06-20', 95, 4, 18, 'NO', 'Environmental', 538, 'Environmental', 0, 610, 95, 'Does the environmental policy cover climate change issues that could be relevant to the company?'),
(2228, 611, '2024-06-20', 95, 13, 18, 'YES', 'Governance', 539, 'Governance', 1, 611, 95, 'Does the company have a diverse board and a policy for ensuring diversity of board members?'),
(2229, 612, '2024-06-20', 95, 16, 18, 'YES', 'Governance', 540, 'Governance', 1, 612, 95, 'Does the company actively safeguard against illegal practices?'),
(2230, 613, '2024-06-20', 95, 7, 18, 'NO', 'Social', 541, 'Social', 0, 613, 95, 'Does the company provide employees and senior management with OHS induction/training where necessary?'),
(2231, 614, '2024-06-20', 95, 9, 18, 'NO', 'Social', 542, 'Social', 0, 614, 95, 'Do all employees have formal contracts of employment?'),
(2232, 615, '2024-06-20', 95, 12, 18, 'YES', 'Social', 543, 'Social', 1, 615, 95, 'Is the Chairman of the Board independent?'),
(2233, 616, '2024-06-20', 96, 1, 18, 'YES', 'Environmental', 544, 'Environmental', 1, 616, 96, 'Does the company have and adhere to an environmental policy which sets out clear commitments and targets to improve the company’s environmental footprint?'),
(2234, 617, '2024-06-20', 96, 4, 18, 'YES', 'Environmental', 545, 'Environmental', 1, 617, 96, 'Does the environmental policy cover climate change issues that could be relevant to the company?'),
(2235, 618, '2024-06-20', 96, 13, 18, 'NO', 'Governance', 546, 'Governance', 0, 618, 96, 'Does the company have a diverse board and a policy for ensuring diversity of board members?'),
(2236, 619, '2024-06-20', 96, 16, 18, 'YES', 'Governance', 547, 'Governance', 1, 619, 96, 'Does the company actively safeguard against illegal practices?'),
(2237, 620, '2024-06-20', 96, 7, 18, 'YES', 'Social', 548, 'Social', 1, 620, 96, 'Does the company provide employees and senior management with OHS induction/training where necessary?'),
(2238, 621, '2024-06-20', 96, 9, 18, 'NO', 'Social', 549, 'Social', 0, 621, 96, 'Do all employees have formal contracts of employment?'),
(2239, 622, '2024-06-20', 96, 12, 18, 'YES', 'Social', 550, 'Social', 1, 622, 96, 'Is the Chairman of the Board independent?'),
(2240, 623, '2024-06-20', 98, 1, 18, 'YES', 'Environmental', 551, 'Environmental', 1, 623, 98, 'Does the company have and adhere to an environmental policy which sets out clear commitments and targets to improve the company’s environmental footprint?'),
(2241, 624, '2024-06-20', 98, 4, 18, 'YES', 'Environmental', 552, 'Environmental', 1, 624, 98, 'Does the environmental policy cover climate change issues that could be relevant to the company?'),
(2242, 625, '2024-06-20', 98, 13, 18, 'NO', 'Governance', 553, 'Governance', 0, 625, 98, 'Does the company have a diverse board and a policy for ensuring diversity of board members?'),
(2243, 626, '2024-06-20', 98, 16, 18, 'NO', 'Governance', 554, 'Governance', 0, 626, 98, 'Does the company actively safeguard against illegal practices?'),
(2244, 627, '2024-06-20', 98, 7, 18, 'YES', 'Social', 555, 'Social', 1, 627, 98, 'Does the company provide employees and senior management with OHS induction/training where necessary?'),
(2245, 628, '2024-06-20', 98, 9, 18, 'YES', 'Social', 556, 'Social', 1, 628, 98, 'Do all employees have formal contracts of employment?'),
(2246, 629, '2024-06-20', 98, 12, 18, 'YES', 'Social', 557, 'Social', 1, 629, 98, 'Is the Chairman of the Board independent?'),
(2247, 630, '2024-06-20', 99, 1, 18, 'YES', 'Environmental', 558, 'Environmental', 1, 630, 99, 'Does the company have and adhere to an environmental policy which sets out clear commitments and targets to improve the company’s environmental footprint?'),
(2248, 631, '2024-06-20', 99, 4, 18, 'YES', 'Environmental', 559, 'Environmental', 1, 631, 99, 'Does the environmental policy cover climate change issues that could be relevant to the company?'),
(2249, 632, '2024-06-20', 99, 13, 18, 'NO', 'Governance', 560, 'Governance', 0, 632, 99, 'Does the company have a diverse board and a policy for ensuring diversity of board members?'),
(2250, 633, '2024-06-20', 99, 16, 18, 'NO', 'Governance', 561, 'Governance', 0, 633, 99, 'Does the company actively safeguard against illegal practices?'),
(2251, 634, '2024-06-20', 99, 7, 18, 'YES', 'Social', 562, 'Social', 1, 634, 99, 'Does the company provide employees and senior management with OHS induction/training where necessary?'),
(2252, 635, '2024-06-20', 99, 9, 18, 'YES', 'Social', 563, 'Social', 1, 635, 99, 'Do all employees have formal contracts of employment?'),
(2253, 636, '2024-06-20', 99, 12, 18, 'YES', 'Social', 564, 'Social', 1, 636, 99, 'Is the Chairman of the Board independent?'),
(2254, 637, '2024-06-29', 101, 1, 1, 'YES', 'Environmental', 565, 'Environmental', 1, 637, 101, 'Does the company have and adhere to an environmental policy which sets out clear commitments and targets to improve the company’s environmental footprint?'),
(2255, 638, '2024-06-29', 101, 4, 1, 'NO', 'Environmental', 566, 'Environmental', 0, 638, 101, 'Does the environmental policy cover climate change issues that could be relevant to the company?'),
(2256, 639, '2024-06-29', 101, 13, 1, 'YES', 'Governance', 567, 'Governance', 1, 639, 101, 'Does the company have a diverse board and a policy for ensuring diversity of board members?'),
(2257, 640, '2024-06-29', 101, 16, 1, 'YES', 'Governance', 568, 'Governance', 1, 640, 101, 'Does the company actively safeguard against illegal practices?'),
(2258, 641, '2024-06-29', 101, 7, 1, 'NO', 'Social', 569, 'Social', 0, 641, 101, 'Does the company provide employees and senior management with OHS induction/training where necessary?'),
(2259, 642, '2024-06-29', 101, 9, 1, 'YES', 'Social', 570, 'Social', 1, 642, 101, 'Do all employees have formal contracts of employment?'),
(2260, 643, '2024-06-29', 101, 12, 1, 'YES', 'Social', 571, 'Social', 1, 643, 101, 'Is the Chairman of the Board independent?'),
(2261, 644, '2024-06-29', 101, 1, 1, 'YES', 'Environmental', 572, 'Environmental', 1, 637, 101, 'Does the company have and adhere to an environmental policy which sets out clear commitments and targets to improve the company’s environmental footprint?'),
(2262, 645, '2024-06-29', 101, 4, 1, 'NO', 'Environmental', 573, 'Environmental', 0, 638, 101, 'Does the environmental policy cover climate change issues that could be relevant to the company?'),
(2263, 646, '2024-06-29', 101, 13, 1, 'YES', 'Governance', 574, 'Governance', 1, 639, 101, 'Does the company have a diverse board and a policy for ensuring diversity of board members?'),
(2264, 647, '2024-06-29', 101, 16, 1, 'YES', 'Governance', 575, 'Governance', 1, 640, 101, 'Does the company actively safeguard against illegal practices?'),
(2265, 648, '2024-06-29', 101, 7, 1, 'NO', 'Social', 576, 'Social', 0, 641, 101, 'Does the company provide employees and senior management with OHS induction/training where necessary?'),
(2266, 649, '2024-06-29', 101, 9, 1, 'YES', 'Social', 577, 'Social', 1, 642, 101, 'Do all employees have formal contracts of employment?'),
(2267, 650, '2024-06-29', 101, 12, 1, 'YES', 'Social', 578, 'Social', 1, 643, 101, 'Is the Chairman of the Board independent?'),
(2268, 651, '2024-06-29', 101, 1, 1, 'YES', 'Environmental', 579, 'Environmental', 1, 644, 101, 'Does the company have and adhere to an environmental policy which sets out clear commitments and targets to improve the company’s environmental footprint?'),
(2269, 652, '2024-06-29', 101, 4, 1, 'NO', 'Environmental', 580, 'Environmental', 0, 645, 101, 'Does the environmental policy cover climate change issues that could be relevant to the company?'),
(2270, 653, '2024-06-29', 101, 13, 1, 'NO', 'Governance', 581, 'Governance', 1, 646, 101, 'Does the company have a diverse board and a policy for ensuring diversity of board members?'),
(2271, 654, '2024-06-29', 101, 16, 1, 'NO', 'Governance', 582, 'Governance', 1, 647, 101, 'Does the company actively safeguard against illegal practices?'),
(2272, 655, '2024-06-29', 101, 7, 1, 'NO', 'Social', 583, 'Social', 0, 648, 101, 'Does the company provide employees and senior management with OHS induction/training where necessary?'),
(2273, 656, '2024-06-29', 101, 9, 1, 'YES', 'Social', 584, 'Social', 1, 649, 101, 'Do all employees have formal contracts of employment?'),
(2274, 657, '2024-06-29', 101, 12, 1, 'YES', 'Social', 585, 'Social', 1, 650, 101, 'Is the Chairman of the Board independent?'),
(2275, 658, '2024-06-29', 102, 1, 1, 'YES', 'Environmental', 586, 'Environmental', 1, 637, 101, 'Does the company have and adhere to an environmental policy which sets out clear commitments and targets to improve the company’s environmental footprint?'),
(2276, 659, '2024-06-29', 102, 4, 1, 'NO', 'Environmental', 587, 'Environmental', 0, 638, 101, 'Does the environmental policy cover climate change issues that could be relevant to the company?'),
(2277, 660, '2024-06-29', 102, 13, 1, 'NO', 'Governance', 588, 'Governance', 1, 639, 101, 'Does the company have a diverse board and a policy for ensuring diversity of board members?'),
(2278, 661, '2024-06-29', 102, 16, 1, 'NO', 'Governance', 589, 'Governance', 1, 640, 101, 'Does the company actively safeguard against illegal practices?'),
(2279, 662, '2024-06-29', 102, 7, 1, 'NO', 'Social', 590, 'Social', 0, 641, 101, 'Does the company provide employees and senior management with OHS induction/training where necessary?'),
(2280, 663, '2024-06-29', 102, 9, 1, 'YES', 'Social', 591, 'Social', 1, 642, 101, 'Do all employees have formal contracts of employment?'),
(2281, 664, '2024-06-29', 102, 12, 1, 'YES', 'Social', 592, 'Social', 1, 643, 101, 'Is the Chairman of the Board independent?'),
(2282, 665, '2024-06-29', 103, 1, 1, 'YES', 'Environmental', 593, 'Environmental', 1, 644, 101, 'Does the company have and adhere to an environmental policy which sets out clear commitments and targets to improve the company’s environmental footprint?'),
(2283, 666, '2024-06-29', 103, 4, 1, 'NO', 'Environmental', 594, 'Environmental', 0, 645, 101, 'Does the environmental policy cover climate change issues that could be relevant to the company?'),
(2284, 667, '2024-06-29', 103, 13, 1, 'NO', 'Governance', 595, 'Governance', 1, 646, 101, 'Does the company have a diverse board and a policy for ensuring diversity of board members?'),
(2285, 668, '2024-06-29', 103, 16, 1, 'NO', 'Governance', 596, 'Governance', 1, 647, 101, 'Does the company actively safeguard against illegal practices?'),
(2286, 669, '2024-06-29', 103, 7, 1, 'NO', 'Social', 597, 'Social', 0, 648, 101, 'Does the company provide employees and senior management with OHS induction/training where necessary?'),
(2287, 670, '2024-06-29', 103, 9, 1, 'YES', 'Social', 598, 'Social', 1, 649, 101, 'Do all employees have formal contracts of employment?'),
(2288, 671, '2024-06-29', 103, 12, 1, 'YES', 'Social', 599, 'Social', 1, 650, 101, 'Is the Chairman of the Board independent?'),
(2289, 672, '2024-06-29', 104, 1, 1, 'YES', 'Environmental', 600, 'Environmental', 1, 651, 101, 'Does the company have and adhere to an environmental policy which sets out clear commitments and targets to improve the company’s environmental footprint?'),
(2290, 673, '2024-06-29', 104, 4, 1, 'NO', 'Environmental', 601, 'Environmental', 0, 652, 101, 'Does the environmental policy cover climate change issues that could be relevant to the company?'),
(2291, 674, '2024-06-29', 104, 13, 1, 'NO', 'Governance', 602, 'Governance', 0, 653, 101, 'Does the company have a diverse board and a policy for ensuring diversity of board members?'),
(2292, 675, '2024-06-29', 104, 16, 1, 'NO', 'Governance', 603, 'Governance', 0, 654, 101, 'Does the company actively safeguard against illegal practices?'),
(2293, 676, '2024-06-29', 104, 7, 1, 'NO', 'Social', 604, 'Social', 0, 655, 101, 'Does the company provide employees and senior management with OHS induction/training where necessary?'),
(2294, 677, '2024-06-29', 104, 9, 1, 'YES', 'Social', 605, 'Social', 1, 656, 101, 'Do all employees have formal contracts of employment?'),
(2295, 678, '2024-06-29', 104, 12, 1, 'YES', 'Social', 606, 'Social', 1, 657, 101, 'Is the Chairman of the Board independent?'),
(2296, 679, '2024-06-29', 105, 1, 1, 'YES', 'Environmental', 607, 'Environmental', 1, 658, 102, 'Does the company have and adhere to an environmental policy which sets out clear commitments and targets to improve the company’s environmental footprint?'),
(2297, 680, '2024-06-29', 105, 4, 1, 'NO', 'Environmental', 608, 'Environmental', 0, 659, 102, 'Does the environmental policy cover climate change issues that could be relevant to the company?'),
(2298, 681, '2024-06-29', 105, 13, 1, 'NO', 'Governance', 609, 'Governance', 0, 660, 102, 'Does the company have a diverse board and a policy for ensuring diversity of board members?'),
(2299, 682, '2024-06-29', 105, 16, 1, 'NO', 'Governance', 610, 'Governance', 0, 661, 102, 'Does the company actively safeguard against illegal practices?'),
(2300, 683, '2024-06-29', 105, 7, 1, 'NO', 'Social', 611, 'Social', 0, 662, 102, 'Does the company provide employees and senior management with OHS induction/training where necessary?'),
(2301, 684, '2024-06-29', 105, 9, 1, 'YES', 'Social', 612, 'Social', 1, 663, 102, 'Do all employees have formal contracts of employment?'),
(2302, 685, '2024-06-29', 105, 12, 1, 'YES', 'Social', 613, 'Social', 1, 664, 102, 'Is the Chairman of the Board independent?'),
(2303, 686, '2024-06-29', 106, 1, 1, 'YES', 'Environmental', 614, 'Environmental', 1, 665, 103, 'Does the company have and adhere to an environmental policy which sets out clear commitments and targets to improve the company’s environmental footprint?'),
(2304, 687, '2024-06-29', 106, 4, 1, 'NO', 'Environmental', 615, 'Environmental', 0, 666, 103, 'Does the environmental policy cover climate change issues that could be relevant to the company?'),
(2305, 688, '2024-06-29', 106, 13, 1, 'NO', 'Governance', 616, 'Governance', 0, 667, 103, 'Does the company have a diverse board and a policy for ensuring diversity of board members?'),
(2306, 689, '2024-06-29', 106, 16, 1, 'NO', 'Governance', 617, 'Governance', 0, 668, 103, 'Does the company actively safeguard against illegal practices?'),
(2307, 690, '2024-06-29', 106, 7, 1, 'NO', 'Social', 618, 'Social', 0, 669, 103, 'Does the company provide employees and senior management with OHS induction/training where necessary?'),
(2308, 691, '2024-06-29', 106, 9, 1, 'YES', 'Social', 619, 'Social', 1, 670, 103, 'Do all employees have formal contracts of employment?'),
(2309, 692, '2024-06-29', 106, 12, 1, 'YES', 'Social', 620, 'Social', 1, 671, 103, 'Is the Chairman of the Board independent?'),
(2310, 693, '2024-06-29', 107, 1, 1, 'YES', 'Environmental', 621, 'Environmental', 1, 672, 104, 'Does the company have and adhere to an environmental policy which sets out clear commitments and targets to improve the company’s environmental footprint?'),
(2311, 694, '2024-06-29', 107, 4, 1, 'NO', 'Environmental', 622, 'Environmental', 0, 673, 104, 'Does the environmental policy cover climate change issues that could be relevant to the company?'),
(2312, 695, '2024-06-29', 107, 13, 1, 'NO', 'Governance', 623, 'Governance', 0, 674, 104, 'Does the company have a diverse board and a policy for ensuring diversity of board members?'),
(2313, 696, '2024-06-29', 107, 16, 1, 'NO', 'Governance', 624, 'Governance', 0, 675, 104, 'Does the company actively safeguard against illegal practices?'),
(2314, 697, '2024-06-29', 107, 7, 1, 'NO', 'Social', 625, 'Social', 0, 676, 104, 'Does the company provide employees and senior management with OHS induction/training where necessary?'),
(2315, 698, '2024-06-29', 107, 9, 1, 'YES', 'Social', 626, 'Social', 1, 677, 104, 'Do all employees have formal contracts of employment?'),
(2316, 699, '2024-06-29', 107, 12, 1, 'YES', 'Social', 627, 'Social', 1, 678, 104, 'Is the Chairman of the Board independent?'),
(2317, 700, '2024-06-29', 108, 1, 1, 'YES', 'Environmental', 628, 'Environmental', 1, 679, 105, 'Does the company have and adhere to an environmental policy which sets out clear commitments and targets to improve the company’s environmental footprint?'),
(2318, 701, '2024-06-29', 108, 4, 1, 'NO', 'Environmental', 629, 'Environmental', 0, 680, 105, 'Does the environmental policy cover climate change issues that could be relevant to the company?'),
(2319, 702, '2024-06-29', 108, 13, 1, 'YES', 'Governance', 630, 'Governance', 0, 681, 105, 'Does the company have a diverse board and a policy for ensuring diversity of board members?'),
(2320, 703, '2024-06-29', 108, 16, 1, 'YES', 'Governance', 631, 'Governance', 0, 682, 105, 'Does the company actively safeguard against illegal practices?'),
(2321, 704, '2024-06-29', 108, 7, 1, 'NO', 'Social', 632, 'Social', 0, 683, 105, 'Does the company provide employees and senior management with OHS induction/training where necessary?'),
(2322, 705, '2024-06-29', 108, 9, 1, 'YES', 'Social', 633, 'Social', 1, 684, 105, 'Do all employees have formal contracts of employment?'),
(2323, 706, '2024-06-29', 108, 12, 1, 'YES', 'Social', 634, 'Social', 1, 685, 105, 'Is the Chairman of the Board independent?'),
(2324, 707, '2024-06-29', 109, 1, 1, 'YES', 'Environmental', 635, 'Environmental', 1, 686, 106, 'Does the company have and adhere to an environmental policy which sets out clear commitments and targets to improve the company’s environmental footprint?'),
(2325, 708, '2024-06-29', 109, 4, 1, 'NO', 'Environmental', 636, 'Environmental', 0, 687, 106, 'Does the environmental policy cover climate change issues that could be relevant to the company?'),
(2326, 709, '2024-06-29', 109, 13, 1, 'YES', 'Governance', 637, 'Governance', 0, 688, 106, 'Does the company have a diverse board and a policy for ensuring diversity of board members?'),
(2327, 710, '2024-06-29', 109, 16, 1, 'NO', 'Governance', 638, 'Governance', 0, 689, 106, 'Does the company actively safeguard against illegal practices?'),
(2328, 711, '2024-06-29', 109, 7, 1, 'YES', 'Social', 639, 'Social', 0, 690, 106, 'Does the company provide employees and senior management with OHS induction/training where necessary?'),
(2329, 712, '2024-06-29', 109, 9, 1, 'NO', 'Social', 640, 'Social', 1, 691, 106, 'Do all employees have formal contracts of employment?'),
(2330, 713, '2024-06-29', 109, 12, 1, 'YES', 'Social', 641, 'Social', 1, 692, 106, 'Is the Chairman of the Board independent?');
INSERT INTO `hc_pl` (`id`, `hc_tr_analysis_response_id`, `hc_tr_analysis_response_date`, `hc_tr_analysis_assessment_id`, `hc_tr_analysis_question_id`, `hc_tr_analysis_user_id`, `hc_tr_analysis_response`, `hc_tr_analysis_part`, `hc_tr_analysis_calc_id`, `hc_tr_analysis_calc_part`, `hc_tr_analysis_calc_score`, `hc_tr_analysis_calc_original_id`, `hc_tr_analysis_calc_assessment_id`, `hc_mt_question_text`) VALUES
(2331, 472, '2024-06-19', 59, 1, 1, 'YES', 'Environmental', 400, 'Environmental', 1, 472, 59, 'Does the company have and adhere to an environmental policy which sets out clear commitments and targets to improve the company’s environmental footprint?'),
(2332, 473, '2024-06-19', 59, 4, 1, 'YES', 'Environmental', 401, 'Environmental', 1, 473, 59, 'Does the environmental policy cover climate change issues that could be relevant to the company?'),
(2333, 474, '2024-06-19', 59, 13, 1, 'YES', 'Governance', 402, 'Governance', 1, 474, 59, 'Does the company have a diverse board and a policy for ensuring diversity of board members?'),
(2334, 475, '2024-06-19', 59, 16, 1, 'YES', 'Governance', 403, 'Governance', 1, 475, 59, 'Does the company actively safeguard against illegal practices?'),
(2335, 476, '2024-06-19', 59, 7, 1, 'YES', 'Social', 404, 'Social', 1, 476, 59, 'Does the company provide employees and senior management with OHS induction/training where necessary?'),
(2336, 477, '2024-06-19', 59, 9, 1, 'YES', 'Social', 405, 'Social', 1, 477, 59, 'Do all employees have formal contracts of employment?'),
(2337, 478, '2024-06-19', 59, 12, 1, 'YES', 'Social', 406, 'Social', 1, 478, 59, 'Is the Chairman of the Board independent?'),
(2338, 479, '2024-06-19', 60, 2, 10, 'YES', 'Environmental', 407, 'Environmental', 1, 479, 60, 'Does the company\'s environmental policy have executive and/or board-level commitment, support, and endorsement?'),
(2339, 480, '2024-06-19', 60, 5, 10, 'YES', 'Environmental', 408, 'Environmental', 1, 480, 60, 'Does the company have and adhere to an occupational health & safety (OHS) policy which sets out clear commitments and targets to improve worker health & safety?'),
(2340, 481, '2024-06-19', 60, 15, 10, 'YES', 'Governance', 409, 'Governance', 1, 481, 60, 'Is the company\'s code of ethics/conduct or values statement regularly reviewed and updated accordingly?'),
(2341, 482, '2024-06-19', 60, 10, 10, 'YES', 'Social', 410, 'Social', 1, 482, 60, 'Do all employees meet minimum age standards and regulations?'),
(2342, 483, '2024-06-19', 61, 2, 11, 'NO', 'Environmental', 411, 'Environmental', 0, 483, 61, 'Does the company\'s environmental policy have executive and/or board-level commitment, support, and endorsement?'),
(2343, 484, '2024-06-19', 61, 5, 11, 'YES', 'Environmental', 412, 'Environmental', 1, 484, 61, 'Does the company have and adhere to an occupational health & safety (OHS) policy which sets out clear commitments and targets to improve worker health & safety?'),
(2344, 485, '2024-06-19', 61, 15, 11, 'NO', 'Governance', 413, 'Governance', 0, 485, 61, 'Is the company\'s code of ethics/conduct or values statement regularly reviewed and updated accordingly?'),
(2345, 486, '2024-06-19', 61, 10, 11, 'YES', 'Social', 414, 'Social', 1, 486, 61, 'Do all employees meet minimum age standards and regulations?'),
(2346, 487, '2024-06-19', 62, 3, 12, 'YES', 'Environmental', 415, 'Environmental', 1, 487, 62, 'Does the company conduct environmental risk and opportunity assessments of their activities?'),
(2347, 488, '2024-06-19', 62, 14, 12, 'NO', 'Governance', 416, 'Governance', 0, 488, 62, 'Does the company have and abide by a code of ethics/conduct or values statement to guide company conduct with honesty and integrity?'),
(2348, 489, '2024-06-19', 62, 6, 12, 'YES', 'Social', 417, 'Social', 1, 489, 62, 'Does the company\'s OHS policy have executive and/or board-level commitment, support, and endorsement?'),
(2349, 490, '2024-06-19', 62, 8, 12, 'YES', 'Social', 418, 'Social', 1, 490, 62, 'Does the company have and adhere to a policy which sets out clear commitments and targets that cover discrimination and child, forced or compulsory labour in its workforce and its supply chain?'),
(2350, 491, '2024-06-19', 62, 11, 12, 'YES', 'Social', 419, 'Social', 1, 491, 62, 'Does the Board of Directors include executive and non-executive directors?'),
(2351, 492, '2024-06-19', 63, 3, 13, 'YES', 'Environmental', 420, 'Environmental', 1, 492, 63, 'Does the company conduct environmental risk and opportunity assessments of their activities?'),
(2352, 493, '2024-06-19', 63, 14, 13, 'NO', 'Governance', 421, 'Governance', 0, 493, 63, 'Does the company have and abide by a code of ethics/conduct or values statement to guide company conduct with honesty and integrity?'),
(2353, 494, '2024-06-19', 63, 6, 13, 'NO', 'Social', 422, 'Social', 0, 494, 63, 'Does the company\'s OHS policy have executive and/or board-level commitment, support, and endorsement?'),
(2354, 495, '2024-06-19', 63, 8, 13, 'YES', 'Social', 423, 'Social', 1, 495, 63, 'Does the company have and adhere to a policy which sets out clear commitments and targets that cover discrimination and child, forced or compulsory labour in its workforce and its supply chain?'),
(2355, 496, '2024-06-19', 63, 11, 13, 'NO', 'Social', 424, 'Social', 0, 496, 63, 'Does the Board of Directors include executive and non-executive directors?'),
(2356, 497, '2024-06-19', 64, 1, 14, 'NO', 'Environmental', 425, 'Environmental', 0, 497, 64, 'Does the company have and adhere to an environmental policy which sets out clear commitments and targets to improve the company’s environmental footprint?'),
(2357, 498, '2024-06-19', 64, 4, 14, 'NO', 'Environmental', 426, 'Environmental', 0, 498, 64, 'Does the environmental policy cover climate change issues that could be relevant to the company?'),
(2358, 499, '2024-06-19', 64, 13, 14, 'YES', 'Governance', 427, 'Governance', 1, 499, 64, 'Does the company have a diverse board and a policy for ensuring diversity of board members?'),
(2359, 500, '2024-06-19', 64, 16, 14, 'YES', 'Governance', 428, 'Governance', 1, 500, 64, 'Does the company actively safeguard against illegal practices?'),
(2360, 501, '2024-06-19', 64, 7, 14, 'NO', 'Social', 429, 'Social', 0, 501, 64, 'Does the company provide employees and senior management with OHS induction/training where necessary?'),
(2361, 502, '2024-06-19', 64, 9, 14, 'YES', 'Social', 430, 'Social', 1, 502, 64, 'Do all employees have formal contracts of employment?'),
(2362, 503, '2024-06-19', 64, 12, 14, 'YES', 'Social', 431, 'Social', 1, 503, 64, 'Is the Chairman of the Board independent?'),
(2363, 504, '2024-06-19', 65, 1, 15, 'YES', 'Environmental', 432, 'Environmental', 1, 504, 65, 'Does the company have and adhere to an environmental policy which sets out clear commitments and targets to improve the company’s environmental footprint?'),
(2364, 505, '2024-06-19', 65, 4, 15, 'NO', 'Environmental', 433, 'Environmental', 0, 505, 65, 'Does the environmental policy cover climate change issues that could be relevant to the company?'),
(2365, 506, '2024-06-19', 65, 13, 15, 'YES', 'Governance', 434, 'Governance', 1, 506, 65, 'Does the company have a diverse board and a policy for ensuring diversity of board members?'),
(2366, 507, '2024-06-19', 65, 16, 15, 'YES', 'Governance', 435, 'Governance', 1, 507, 65, 'Does the company actively safeguard against illegal practices?'),
(2367, 508, '2024-06-19', 65, 7, 15, 'NO', 'Social', 436, 'Social', 0, 508, 65, 'Does the company provide employees and senior management with OHS induction/training where necessary?'),
(2368, 509, '2024-06-19', 65, 9, 15, 'YES', 'Social', 437, 'Social', 1, 509, 65, 'Do all employees have formal contracts of employment?'),
(2369, 510, '2024-06-19', 65, 12, 15, 'YES', 'Social', 438, 'Social', 1, 510, 65, 'Is the Chairman of the Board independent?'),
(2370, 511, '2024-06-19', 66, 2, 16, 'YES', 'Environmental', 439, 'Environmental', 1, 511, 66, 'Does the company\'s environmental policy have executive and/or board-level commitment, support, and endorsement?'),
(2371, 512, '2024-06-19', 66, 5, 16, 'YES', 'Environmental', 440, 'Environmental', 1, 512, 66, 'Does the company have and adhere to an occupational health & safety (OHS) policy which sets out clear commitments and targets to improve worker health & safety?'),
(2372, 513, '2024-06-19', 66, 15, 16, 'NO', 'Governance', 441, 'Governance', 0, 513, 66, 'Is the company\'s code of ethics/conduct or values statement regularly reviewed and updated accordingly?'),
(2373, 514, '2024-06-19', 66, 10, 16, 'NO', 'Social', 442, 'Social', 0, 514, 66, 'Do all employees meet minimum age standards and regulations?'),
(2374, 515, '2024-06-19', 67, 3, 17, 'YES', 'Environmental', 443, 'Environmental', 1, 515, 67, 'Does the company conduct environmental risk and opportunity assessments of their activities?'),
(2375, 516, '2024-06-19', 67, 14, 17, 'YES', 'Governance', 444, 'Governance', 1, 516, 67, 'Does the company have and abide by a code of ethics/conduct or values statement to guide company conduct with honesty and integrity?'),
(2376, 517, '2024-06-19', 67, 6, 17, 'YES', 'Social', 445, 'Social', 1, 517, 67, 'Does the company\'s OHS policy have executive and/or board-level commitment, support, and endorsement?'),
(2377, 518, '2024-06-19', 67, 8, 17, 'YES', 'Social', 446, 'Social', 1, 518, 67, 'Does the company have and adhere to a policy which sets out clear commitments and targets that cover discrimination and child, forced or compulsory labour in its workforce and its supply chain?'),
(2378, 519, '2024-06-19', 67, 11, 17, 'YES', 'Social', 447, 'Social', 1, 519, 67, 'Does the Board of Directors include executive and non-executive directors?'),
(2379, 520, '2024-06-19', 68, 1, 18, 'NO', 'Environmental', 448, 'Environmental', 0, 520, 68, 'Does the company have and adhere to an environmental policy which sets out clear commitments and targets to improve the company’s environmental footprint?'),
(2380, 521, '2024-06-19', 68, 4, 18, 'YES', 'Environmental', 449, 'Environmental', 1, 521, 68, 'Does the environmental policy cover climate change issues that could be relevant to the company?'),
(2381, 522, '2024-06-19', 68, 13, 18, 'NO', 'Governance', 450, 'Governance', 0, 522, 68, 'Does the company have a diverse board and a policy for ensuring diversity of board members?'),
(2382, 523, '2024-06-19', 68, 16, 18, 'YES', 'Governance', 451, 'Governance', 1, 523, 68, 'Does the company actively safeguard against illegal practices?'),
(2383, 524, '2024-06-19', 68, 7, 18, 'YES', 'Social', 452, 'Social', 1, 524, 68, 'Does the company provide employees and senior management with OHS induction/training where necessary?'),
(2384, 525, '2024-06-19', 68, 9, 18, 'NO', 'Social', 453, 'Social', 0, 525, 68, 'Do all employees have formal contracts of employment?'),
(2385, 526, '2024-06-19', 68, 12, 18, 'NO', 'Social', 454, 'Social', 0, 526, 68, 'Is the Chairman of the Board independent?'),
(2386, 527, '2024-06-20', 71, 1, 1, 'NO', 'Environmental', 455, 'Environmental', 0, 527, 71, 'Does the company have and adhere to an environmental policy which sets out clear commitments and targets to improve the company’s environmental footprint?'),
(2387, 528, '2024-06-20', 71, 4, 1, 'YES', 'Environmental', 456, 'Environmental', 1, 528, 71, 'Does the environmental policy cover climate change issues that could be relevant to the company?'),
(2388, 529, '2024-06-20', 71, 13, 1, 'NO', 'Governance', 457, 'Governance', 0, 529, 71, 'Does the company have a diverse board and a policy for ensuring diversity of board members?'),
(2389, 530, '2024-06-20', 71, 16, 1, 'NO', 'Governance', 458, 'Governance', 0, 530, 71, 'Does the company actively safeguard against illegal practices?'),
(2390, 531, '2024-06-20', 71, 7, 1, 'YES', 'Social', 459, 'Social', 1, 531, 71, 'Does the company provide employees and senior management with OHS induction/training where necessary?'),
(2391, 532, '2024-06-20', 71, 9, 1, 'NO', 'Social', 460, 'Social', 0, 532, 71, 'Do all employees have formal contracts of employment?'),
(2392, 533, '2024-06-20', 71, 12, 1, 'NO', 'Social', 461, 'Social', 0, 533, 71, 'Is the Chairman of the Board independent?'),
(2393, 534, '2024-06-20', 72, 1, 1, 'YES', 'Environmental', 462, 'Environmental', 1, 534, 72, 'Does the company have and adhere to an environmental policy which sets out clear commitments and targets to improve the company’s environmental footprint?'),
(2394, 535, '2024-06-20', 72, 4, 1, 'YES', 'Environmental', 463, 'Environmental', 1, 535, 72, 'Does the environmental policy cover climate change issues that could be relevant to the company?'),
(2395, 536, '2024-06-20', 72, 13, 1, 'YES', 'Governance', 464, 'Governance', 1, 536, 72, 'Does the company have a diverse board and a policy for ensuring diversity of board members?'),
(2396, 537, '2024-06-20', 72, 16, 1, 'NO', 'Governance', 465, 'Governance', 0, 537, 72, 'Does the company actively safeguard against illegal practices?'),
(2397, 538, '2024-06-20', 72, 7, 1, 'YES', 'Social', 466, 'Social', 1, 538, 72, 'Does the company provide employees and senior management with OHS induction/training where necessary?'),
(2398, 539, '2024-06-20', 72, 9, 1, 'YES', 'Social', 467, 'Social', 1, 539, 72, 'Do all employees have formal contracts of employment?'),
(2399, 540, '2024-06-20', 72, 12, 1, 'NO', 'Social', 468, 'Social', 0, 540, 72, 'Is the Chairman of the Board independent?'),
(2400, 541, '2024-06-20', 74, 2, 10, 'YES', 'Environmental', 469, 'Environmental', 1, 541, 74, 'Does the company\'s environmental policy have executive and/or board-level commitment, support, and endorsement?'),
(2401, 542, '2024-06-20', 74, 5, 10, 'YES', 'Environmental', 470, 'Environmental', 1, 542, 74, 'Does the company have and adhere to an occupational health & safety (OHS) policy which sets out clear commitments and targets to improve worker health & safety?'),
(2402, 543, '2024-06-20', 74, 15, 10, 'YES', 'Governance', 471, 'Governance', 1, 543, 74, 'Is the company\'s code of ethics/conduct or values statement regularly reviewed and updated accordingly?'),
(2403, 544, '2024-06-20', 74, 10, 10, 'YES', 'Social', 472, 'Social', 1, 544, 74, 'Do all employees meet minimum age standards and regulations?'),
(2404, 545, '2024-06-20', 76, 2, 10, 'NO', 'Environmental', 473, 'Environmental', 0, 545, 76, 'Does the company\'s environmental policy have executive and/or board-level commitment, support, and endorsement?'),
(2405, 546, '2024-06-20', 76, 5, 10, 'YES', 'Environmental', 474, 'Environmental', 1, 546, 76, 'Does the company have and adhere to an occupational health & safety (OHS) policy which sets out clear commitments and targets to improve worker health & safety?'),
(2406, 547, '2024-06-20', 76, 15, 10, 'NO', 'Governance', 475, 'Governance', 0, 547, 76, 'Is the company\'s code of ethics/conduct or values statement regularly reviewed and updated accordingly?'),
(2407, 548, '2024-06-20', 76, 10, 10, 'NO', 'Social', 476, 'Social', 0, 548, 76, 'Do all employees meet minimum age standards and regulations?'),
(2408, 549, '2024-06-20', 78, 2, 11, 'NO', 'Environmental', 477, 'Environmental', 0, 549, 78, 'Does the company\'s environmental policy have executive and/or board-level commitment, support, and endorsement?'),
(2409, 550, '2024-06-20', 78, 5, 11, 'NO', 'Environmental', 478, 'Environmental', 0, 550, 78, 'Does the company have and adhere to an occupational health & safety (OHS) policy which sets out clear commitments and targets to improve worker health & safety?'),
(2410, 551, '2024-06-20', 78, 15, 11, 'NO', 'Governance', 479, 'Governance', 0, 551, 78, 'Is the company\'s code of ethics/conduct or values statement regularly reviewed and updated accordingly?'),
(2411, 552, '2024-06-20', 78, 10, 11, 'NO', 'Social', 480, 'Social', 0, 552, 78, 'Do all employees meet minimum age standards and regulations?'),
(2412, 553, '2024-06-20', 79, 3, 12, 'NO', 'Environmental', 481, 'Environmental', 0, 553, 79, 'Does the company conduct environmental risk and opportunity assessments of their activities?'),
(2413, 554, '2024-06-20', 79, 14, 12, 'NO', 'Governance', 482, 'Governance', 0, 554, 79, 'Does the company have and abide by a code of ethics/conduct or values statement to guide company conduct with honesty and integrity?'),
(2414, 555, '2024-06-20', 79, 6, 12, 'YES', 'Social', 483, 'Social', 1, 555, 79, 'Does the company\'s OHS policy have executive and/or board-level commitment, support, and endorsement?'),
(2415, 556, '2024-06-20', 79, 8, 12, 'YES', 'Social', 484, 'Social', 1, 556, 79, 'Does the company have and adhere to a policy which sets out clear commitments and targets that cover discrimination and child, forced or compulsory labour in its workforce and its supply chain?'),
(2416, 557, '2024-06-20', 79, 11, 12, 'YES', 'Social', 485, 'Social', 1, 557, 79, 'Does the Board of Directors include executive and non-executive directors?'),
(2417, 558, '2024-06-20', 81, 3, 12, 'YES', 'Environmental', 486, 'Environmental', 1, 558, 81, 'Does the company conduct environmental risk and opportunity assessments of their activities?'),
(2418, 559, '2024-06-20', 81, 14, 12, 'YES', 'Governance', 487, 'Governance', 1, 559, 81, 'Does the company have and abide by a code of ethics/conduct or values statement to guide company conduct with honesty and integrity?'),
(2419, 560, '2024-06-20', 81, 6, 12, 'YES', 'Social', 488, 'Social', 1, 560, 81, 'Does the company\'s OHS policy have executive and/or board-level commitment, support, and endorsement?'),
(2420, 561, '2024-06-20', 81, 8, 12, 'NO', 'Social', 489, 'Social', 0, 561, 81, 'Does the company have and adhere to a policy which sets out clear commitments and targets that cover discrimination and child, forced or compulsory labour in its workforce and its supply chain?'),
(2421, 562, '2024-06-20', 81, 11, 12, 'YES', 'Social', 490, 'Social', 1, 562, 81, 'Does the Board of Directors include executive and non-executive directors?'),
(2422, 563, '2024-06-20', 82, 3, 13, 'YES', 'Environmental', 491, 'Environmental', 1, 563, 82, 'Does the company conduct environmental risk and opportunity assessments of their activities?'),
(2423, 564, '2024-06-20', 82, 14, 13, 'NO', 'Governance', 492, 'Governance', 0, 564, 82, 'Does the company have and abide by a code of ethics/conduct or values statement to guide company conduct with honesty and integrity?'),
(2424, 565, '2024-06-20', 82, 6, 13, 'YES', 'Social', 493, 'Social', 1, 565, 82, 'Does the company\'s OHS policy have executive and/or board-level commitment, support, and endorsement?'),
(2425, 566, '2024-06-20', 82, 8, 13, 'YES', 'Social', 494, 'Social', 1, 566, 82, 'Does the company have and adhere to a policy which sets out clear commitments and targets that cover discrimination and child, forced or compulsory labour in its workforce and its supply chain?'),
(2426, 567, '2024-06-20', 82, 11, 13, 'YES', 'Social', 495, 'Social', 1, 567, 82, 'Does the Board of Directors include executive and non-executive directors?'),
(2427, 568, '2024-06-20', 83, 3, 13, 'NO', 'Environmental', 496, 'Environmental', 0, 568, 83, 'Does the company conduct environmental risk and opportunity assessments of their activities?'),
(2428, 569, '2024-06-20', 83, 14, 13, 'YES', 'Governance', 497, 'Governance', 1, 569, 83, 'Does the company have and abide by a code of ethics/conduct or values statement to guide company conduct with honesty and integrity?'),
(2429, 570, '2024-06-20', 83, 6, 13, 'NO', 'Social', 498, 'Social', 0, 570, 83, 'Does the company\'s OHS policy have executive and/or board-level commitment, support, and endorsement?'),
(2430, 571, '2024-06-20', 83, 8, 13, 'YES', 'Social', 499, 'Social', 1, 571, 83, 'Does the company have and adhere to a policy which sets out clear commitments and targets that cover discrimination and child, forced or compulsory labour in its workforce and its supply chain?'),
(2431, 572, '2024-06-20', 83, 11, 13, 'YES', 'Social', 500, 'Social', 1, 572, 83, 'Does the Board of Directors include executive and non-executive directors?'),
(2432, 573, '2024-06-20', 85, 1, 14, 'NO', 'Environmental', 501, 'Environmental', 0, 573, 85, 'Does the company have and adhere to an environmental policy which sets out clear commitments and targets to improve the company’s environmental footprint?'),
(2433, 574, '2024-06-20', 85, 4, 14, 'YES', 'Environmental', 502, 'Environmental', 1, 574, 85, 'Does the environmental policy cover climate change issues that could be relevant to the company?'),
(2434, 575, '2024-06-20', 85, 13, 14, 'YES', 'Governance', 503, 'Governance', 1, 575, 85, 'Does the company have a diverse board and a policy for ensuring diversity of board members?'),
(2435, 576, '2024-06-20', 85, 16, 14, 'YES', 'Governance', 504, 'Governance', 1, 576, 85, 'Does the company actively safeguard against illegal practices?'),
(2436, 577, '2024-06-20', 85, 7, 14, 'NO', 'Social', 505, 'Social', 0, 577, 85, 'Does the company provide employees and senior management with OHS induction/training where necessary?'),
(2437, 578, '2024-06-20', 85, 9, 14, 'YES', 'Social', 506, 'Social', 1, 578, 85, 'Do all employees have formal contracts of employment?'),
(2438, 579, '2024-06-20', 85, 12, 14, 'NO', 'Social', 507, 'Social', 0, 579, 85, 'Is the Chairman of the Board independent?'),
(2439, 580, '2024-06-20', 86, 1, 14, 'NO', 'Environmental', 508, 'Environmental', 0, 580, 86, 'Does the company have and adhere to an environmental policy which sets out clear commitments and targets to improve the company’s environmental footprint?'),
(2440, 581, '2024-06-20', 86, 4, 14, 'YES', 'Environmental', 509, 'Environmental', 1, 581, 86, 'Does the environmental policy cover climate change issues that could be relevant to the company?'),
(2441, 582, '2024-06-20', 86, 13, 14, 'YES', 'Governance', 510, 'Governance', 1, 582, 86, 'Does the company have a diverse board and a policy for ensuring diversity of board members?'),
(2442, 583, '2024-06-20', 86, 16, 14, 'YES', 'Governance', 511, 'Governance', 1, 583, 86, 'Does the company actively safeguard against illegal practices?'),
(2443, 584, '2024-06-20', 86, 7, 14, 'NO', 'Social', 512, 'Social', 0, 584, 86, 'Does the company provide employees and senior management with OHS induction/training where necessary?'),
(2444, 585, '2024-06-20', 86, 9, 14, 'NO', 'Social', 513, 'Social', 0, 585, 86, 'Do all employees have formal contracts of employment?'),
(2445, 586, '2024-06-20', 86, 12, 14, 'NO', 'Social', 514, 'Social', 0, 586, 86, 'Is the Chairman of the Board independent?'),
(2446, 587, '2024-06-20', 87, 1, 15, 'NO', 'Environmental', 515, 'Environmental', 0, 587, 87, 'Does the company have and adhere to an environmental policy which sets out clear commitments and targets to improve the company’s environmental footprint?'),
(2447, 588, '2024-06-20', 87, 4, 15, 'YES', 'Environmental', 516, 'Environmental', 1, 588, 87, 'Does the environmental policy cover climate change issues that could be relevant to the company?'),
(2448, 589, '2024-06-20', 87, 13, 15, 'YES', 'Governance', 517, 'Governance', 1, 589, 87, 'Does the company have a diverse board and a policy for ensuring diversity of board members?'),
(2449, 590, '2024-06-20', 87, 16, 15, 'YES', 'Governance', 518, 'Governance', 1, 590, 87, 'Does the company actively safeguard against illegal practices?'),
(2450, 591, '2024-06-20', 87, 7, 15, 'NO', 'Social', 519, 'Social', 0, 591, 87, 'Does the company provide employees and senior management with OHS induction/training where necessary?'),
(2451, 592, '2024-06-20', 87, 9, 15, 'NO', 'Social', 520, 'Social', 0, 592, 87, 'Do all employees have formal contracts of employment?'),
(2452, 593, '2024-06-20', 87, 12, 15, 'YES', 'Social', 521, 'Social', 1, 593, 87, 'Is the Chairman of the Board independent?'),
(2453, 594, '2024-06-20', 88, 1, 15, 'NO', 'Environmental', 522, 'Environmental', 0, 594, 88, 'Does the company have and adhere to an environmental policy which sets out clear commitments and targets to improve the company’s environmental footprint?'),
(2454, 595, '2024-06-20', 88, 4, 15, 'YES', 'Environmental', 523, 'Environmental', 1, 595, 88, 'Does the environmental policy cover climate change issues that could be relevant to the company?'),
(2455, 596, '2024-06-20', 88, 13, 15, 'NO', 'Governance', 524, 'Governance', 0, 596, 88, 'Does the company have a diverse board and a policy for ensuring diversity of board members?'),
(2456, 597, '2024-06-20', 88, 16, 15, 'YES', 'Governance', 525, 'Governance', 1, 597, 88, 'Does the company actively safeguard against illegal practices?'),
(2457, 598, '2024-06-20', 88, 7, 15, 'YES', 'Social', 526, 'Social', 1, 598, 88, 'Does the company provide employees and senior management with OHS induction/training where necessary?'),
(2458, 599, '2024-06-20', 88, 9, 15, 'NO', 'Social', 527, 'Social', 0, 599, 88, 'Do all employees have formal contracts of employment?'),
(2459, 600, '2024-06-20', 88, 12, 15, 'YES', 'Social', 528, 'Social', 1, 600, 88, 'Is the Chairman of the Board independent?'),
(2460, 601, '2024-06-20', 92, 2, 16, 'YES', 'Environmental', 529, 'Environmental', 1, 601, 92, 'Does the company\'s environmental policy have executive and/or board-level commitment, support, and endorsement?'),
(2461, 602, '2024-06-20', 92, 5, 16, 'YES', 'Environmental', 530, 'Environmental', 1, 602, 92, 'Does the company have and adhere to an occupational health & safety (OHS) policy which sets out clear commitments and targets to improve worker health & safety?'),
(2462, 603, '2024-06-20', 92, 15, 16, 'YES', 'Governance', 531, 'Governance', 1, 603, 92, 'Is the company\'s code of ethics/conduct or values statement regularly reviewed and updated accordingly?'),
(2463, 604, '2024-06-20', 92, 10, 16, 'YES', 'Social', 532, 'Social', 1, 604, 92, 'Do all employees meet minimum age standards and regulations?'),
(2464, 605, '2024-06-20', 93, 2, 16, 'YES', 'Environmental', 533, 'Environmental', 1, 605, 93, 'Does the company\'s environmental policy have executive and/or board-level commitment, support, and endorsement?'),
(2465, 606, '2024-06-20', 93, 5, 16, 'NO', 'Environmental', 534, 'Environmental', 0, 606, 93, 'Does the company have and adhere to an occupational health & safety (OHS) policy which sets out clear commitments and targets to improve worker health & safety?'),
(2466, 607, '2024-06-20', 93, 15, 16, 'NO', 'Governance', 535, 'Governance', 0, 607, 93, 'Is the company\'s code of ethics/conduct or values statement regularly reviewed and updated accordingly?'),
(2467, 608, '2024-06-20', 93, 10, 16, 'YES', 'Social', 536, 'Social', 1, 608, 93, 'Do all employees meet minimum age standards and regulations?'),
(2468, 609, '2024-06-20', 95, 1, 18, 'YES', 'Environmental', 537, 'Environmental', 1, 609, 95, 'Does the company have and adhere to an environmental policy which sets out clear commitments and targets to improve the company’s environmental footprint?'),
(2469, 610, '2024-06-20', 95, 4, 18, 'NO', 'Environmental', 538, 'Environmental', 0, 610, 95, 'Does the environmental policy cover climate change issues that could be relevant to the company?'),
(2470, 611, '2024-06-20', 95, 13, 18, 'YES', 'Governance', 539, 'Governance', 1, 611, 95, 'Does the company have a diverse board and a policy for ensuring diversity of board members?'),
(2471, 612, '2024-06-20', 95, 16, 18, 'YES', 'Governance', 540, 'Governance', 1, 612, 95, 'Does the company actively safeguard against illegal practices?'),
(2472, 613, '2024-06-20', 95, 7, 18, 'NO', 'Social', 541, 'Social', 0, 613, 95, 'Does the company provide employees and senior management with OHS induction/training where necessary?'),
(2473, 614, '2024-06-20', 95, 9, 18, 'NO', 'Social', 542, 'Social', 0, 614, 95, 'Do all employees have formal contracts of employment?'),
(2474, 615, '2024-06-20', 95, 12, 18, 'YES', 'Social', 543, 'Social', 1, 615, 95, 'Is the Chairman of the Board independent?'),
(2475, 616, '2024-06-20', 96, 1, 18, 'YES', 'Environmental', 544, 'Environmental', 1, 616, 96, 'Does the company have and adhere to an environmental policy which sets out clear commitments and targets to improve the company’s environmental footprint?'),
(2476, 617, '2024-06-20', 96, 4, 18, 'YES', 'Environmental', 545, 'Environmental', 1, 617, 96, 'Does the environmental policy cover climate change issues that could be relevant to the company?'),
(2477, 618, '2024-06-20', 96, 13, 18, 'NO', 'Governance', 546, 'Governance', 0, 618, 96, 'Does the company have a diverse board and a policy for ensuring diversity of board members?'),
(2478, 619, '2024-06-20', 96, 16, 18, 'YES', 'Governance', 547, 'Governance', 1, 619, 96, 'Does the company actively safeguard against illegal practices?'),
(2479, 620, '2024-06-20', 96, 7, 18, 'YES', 'Social', 548, 'Social', 1, 620, 96, 'Does the company provide employees and senior management with OHS induction/training where necessary?'),
(2480, 621, '2024-06-20', 96, 9, 18, 'NO', 'Social', 549, 'Social', 0, 621, 96, 'Do all employees have formal contracts of employment?'),
(2481, 622, '2024-06-20', 96, 12, 18, 'YES', 'Social', 550, 'Social', 1, 622, 96, 'Is the Chairman of the Board independent?'),
(2482, 623, '2024-06-20', 98, 1, 18, 'YES', 'Environmental', 551, 'Environmental', 1, 623, 98, 'Does the company have and adhere to an environmental policy which sets out clear commitments and targets to improve the company’s environmental footprint?'),
(2483, 624, '2024-06-20', 98, 4, 18, 'YES', 'Environmental', 552, 'Environmental', 1, 624, 98, 'Does the environmental policy cover climate change issues that could be relevant to the company?'),
(2484, 625, '2024-06-20', 98, 13, 18, 'NO', 'Governance', 553, 'Governance', 0, 625, 98, 'Does the company have a diverse board and a policy for ensuring diversity of board members?'),
(2485, 626, '2024-06-20', 98, 16, 18, 'NO', 'Governance', 554, 'Governance', 0, 626, 98, 'Does the company actively safeguard against illegal practices?'),
(2486, 627, '2024-06-20', 98, 7, 18, 'YES', 'Social', 555, 'Social', 1, 627, 98, 'Does the company provide employees and senior management with OHS induction/training where necessary?'),
(2487, 628, '2024-06-20', 98, 9, 18, 'YES', 'Social', 556, 'Social', 1, 628, 98, 'Do all employees have formal contracts of employment?'),
(2488, 629, '2024-06-20', 98, 12, 18, 'YES', 'Social', 557, 'Social', 1, 629, 98, 'Is the Chairman of the Board independent?'),
(2489, 630, '2024-06-20', 99, 1, 18, 'YES', 'Environmental', 558, 'Environmental', 1, 630, 99, 'Does the company have and adhere to an environmental policy which sets out clear commitments and targets to improve the company’s environmental footprint?'),
(2490, 631, '2024-06-20', 99, 4, 18, 'YES', 'Environmental', 559, 'Environmental', 1, 631, 99, 'Does the environmental policy cover climate change issues that could be relevant to the company?'),
(2491, 632, '2024-06-20', 99, 13, 18, 'NO', 'Governance', 560, 'Governance', 0, 632, 99, 'Does the company have a diverse board and a policy for ensuring diversity of board members?'),
(2492, 633, '2024-06-20', 99, 16, 18, 'NO', 'Governance', 561, 'Governance', 0, 633, 99, 'Does the company actively safeguard against illegal practices?'),
(2493, 634, '2024-06-20', 99, 7, 18, 'YES', 'Social', 562, 'Social', 1, 634, 99, 'Does the company provide employees and senior management with OHS induction/training where necessary?'),
(2494, 635, '2024-06-20', 99, 9, 18, 'YES', 'Social', 563, 'Social', 1, 635, 99, 'Do all employees have formal contracts of employment?'),
(2495, 636, '2024-06-20', 99, 12, 18, 'YES', 'Social', 564, 'Social', 1, 636, 99, 'Is the Chairman of the Board independent?'),
(2496, 637, '2024-06-29', 101, 1, 1, 'YES', 'Environmental', 565, 'Environmental', 1, 637, 101, 'Does the company have and adhere to an environmental policy which sets out clear commitments and targets to improve the company’s environmental footprint?'),
(2497, 638, '2024-06-29', 101, 4, 1, 'NO', 'Environmental', 566, 'Environmental', 0, 638, 101, 'Does the environmental policy cover climate change issues that could be relevant to the company?'),
(2498, 639, '2024-06-29', 101, 13, 1, 'YES', 'Governance', 567, 'Governance', 1, 639, 101, 'Does the company have a diverse board and a policy for ensuring diversity of board members?'),
(2499, 640, '2024-06-29', 101, 16, 1, 'YES', 'Governance', 568, 'Governance', 1, 640, 101, 'Does the company actively safeguard against illegal practices?'),
(2500, 641, '2024-06-29', 101, 7, 1, 'NO', 'Social', 569, 'Social', 0, 641, 101, 'Does the company provide employees and senior management with OHS induction/training where necessary?'),
(2501, 642, '2024-06-29', 101, 9, 1, 'YES', 'Social', 570, 'Social', 1, 642, 101, 'Do all employees have formal contracts of employment?'),
(2502, 643, '2024-06-29', 101, 12, 1, 'YES', 'Social', 571, 'Social', 1, 643, 101, 'Is the Chairman of the Board independent?'),
(2503, 644, '2024-06-29', 101, 1, 1, 'YES', 'Environmental', 572, 'Environmental', 1, 637, 101, 'Does the company have and adhere to an environmental policy which sets out clear commitments and targets to improve the company’s environmental footprint?'),
(2504, 645, '2024-06-29', 101, 4, 1, 'NO', 'Environmental', 573, 'Environmental', 0, 638, 101, 'Does the environmental policy cover climate change issues that could be relevant to the company?'),
(2505, 646, '2024-06-29', 101, 13, 1, 'YES', 'Governance', 574, 'Governance', 1, 639, 101, 'Does the company have a diverse board and a policy for ensuring diversity of board members?'),
(2506, 647, '2024-06-29', 101, 16, 1, 'YES', 'Governance', 575, 'Governance', 1, 640, 101, 'Does the company actively safeguard against illegal practices?'),
(2507, 648, '2024-06-29', 101, 7, 1, 'NO', 'Social', 576, 'Social', 0, 641, 101, 'Does the company provide employees and senior management with OHS induction/training where necessary?'),
(2508, 649, '2024-06-29', 101, 9, 1, 'YES', 'Social', 577, 'Social', 1, 642, 101, 'Do all employees have formal contracts of employment?'),
(2509, 650, '2024-06-29', 101, 12, 1, 'YES', 'Social', 578, 'Social', 1, 643, 101, 'Is the Chairman of the Board independent?'),
(2510, 651, '2024-06-29', 101, 1, 1, 'YES', 'Environmental', 579, 'Environmental', 1, 644, 101, 'Does the company have and adhere to an environmental policy which sets out clear commitments and targets to improve the company’s environmental footprint?'),
(2511, 652, '2024-06-29', 101, 4, 1, 'NO', 'Environmental', 580, 'Environmental', 0, 645, 101, 'Does the environmental policy cover climate change issues that could be relevant to the company?'),
(2512, 653, '2024-06-29', 101, 13, 1, 'NO', 'Governance', 581, 'Governance', 1, 646, 101, 'Does the company have a diverse board and a policy for ensuring diversity of board members?'),
(2513, 654, '2024-06-29', 101, 16, 1, 'NO', 'Governance', 582, 'Governance', 1, 647, 101, 'Does the company actively safeguard against illegal practices?'),
(2514, 655, '2024-06-29', 101, 7, 1, 'NO', 'Social', 583, 'Social', 0, 648, 101, 'Does the company provide employees and senior management with OHS induction/training where necessary?'),
(2515, 656, '2024-06-29', 101, 9, 1, 'YES', 'Social', 584, 'Social', 1, 649, 101, 'Do all employees have formal contracts of employment?'),
(2516, 657, '2024-06-29', 101, 12, 1, 'YES', 'Social', 585, 'Social', 1, 650, 101, 'Is the Chairman of the Board independent?'),
(2517, 658, '2024-06-29', 102, 1, 1, 'YES', 'Environmental', 586, 'Environmental', 1, 637, 101, 'Does the company have and adhere to an environmental policy which sets out clear commitments and targets to improve the company’s environmental footprint?'),
(2518, 659, '2024-06-29', 102, 4, 1, 'NO', 'Environmental', 587, 'Environmental', 0, 638, 101, 'Does the environmental policy cover climate change issues that could be relevant to the company?'),
(2519, 660, '2024-06-29', 102, 13, 1, 'NO', 'Governance', 588, 'Governance', 1, 639, 101, 'Does the company have a diverse board and a policy for ensuring diversity of board members?'),
(2520, 661, '2024-06-29', 102, 16, 1, 'NO', 'Governance', 589, 'Governance', 1, 640, 101, 'Does the company actively safeguard against illegal practices?'),
(2521, 662, '2024-06-29', 102, 7, 1, 'NO', 'Social', 590, 'Social', 0, 641, 101, 'Does the company provide employees and senior management with OHS induction/training where necessary?'),
(2522, 663, '2024-06-29', 102, 9, 1, 'YES', 'Social', 591, 'Social', 1, 642, 101, 'Do all employees have formal contracts of employment?'),
(2523, 664, '2024-06-29', 102, 12, 1, 'YES', 'Social', 592, 'Social', 1, 643, 101, 'Is the Chairman of the Board independent?'),
(2524, 665, '2024-06-29', 103, 1, 1, 'YES', 'Environmental', 593, 'Environmental', 1, 644, 101, 'Does the company have and adhere to an environmental policy which sets out clear commitments and targets to improve the company’s environmental footprint?'),
(2525, 666, '2024-06-29', 103, 4, 1, 'NO', 'Environmental', 594, 'Environmental', 0, 645, 101, 'Does the environmental policy cover climate change issues that could be relevant to the company?'),
(2526, 667, '2024-06-29', 103, 13, 1, 'NO', 'Governance', 595, 'Governance', 1, 646, 101, 'Does the company have a diverse board and a policy for ensuring diversity of board members?'),
(2527, 668, '2024-06-29', 103, 16, 1, 'NO', 'Governance', 596, 'Governance', 1, 647, 101, 'Does the company actively safeguard against illegal practices?'),
(2528, 669, '2024-06-29', 103, 7, 1, 'NO', 'Social', 597, 'Social', 0, 648, 101, 'Does the company provide employees and senior management with OHS induction/training where necessary?'),
(2529, 670, '2024-06-29', 103, 9, 1, 'YES', 'Social', 598, 'Social', 1, 649, 101, 'Do all employees have formal contracts of employment?'),
(2530, 671, '2024-06-29', 103, 12, 1, 'YES', 'Social', 599, 'Social', 1, 650, 101, 'Is the Chairman of the Board independent?'),
(2531, 672, '2024-06-29', 104, 1, 1, 'YES', 'Environmental', 600, 'Environmental', 1, 651, 101, 'Does the company have and adhere to an environmental policy which sets out clear commitments and targets to improve the company’s environmental footprint?'),
(2532, 673, '2024-06-29', 104, 4, 1, 'NO', 'Environmental', 601, 'Environmental', 0, 652, 101, 'Does the environmental policy cover climate change issues that could be relevant to the company?'),
(2533, 674, '2024-06-29', 104, 13, 1, 'NO', 'Governance', 602, 'Governance', 0, 653, 101, 'Does the company have a diverse board and a policy for ensuring diversity of board members?'),
(2534, 675, '2024-06-29', 104, 16, 1, 'NO', 'Governance', 603, 'Governance', 0, 654, 101, 'Does the company actively safeguard against illegal practices?'),
(2535, 676, '2024-06-29', 104, 7, 1, 'NO', 'Social', 604, 'Social', 0, 655, 101, 'Does the company provide employees and senior management with OHS induction/training where necessary?'),
(2536, 677, '2024-06-29', 104, 9, 1, 'YES', 'Social', 605, 'Social', 1, 656, 101, 'Do all employees have formal contracts of employment?'),
(2537, 678, '2024-06-29', 104, 12, 1, 'YES', 'Social', 606, 'Social', 1, 657, 101, 'Is the Chairman of the Board independent?'),
(2538, 679, '2024-06-29', 105, 1, 1, 'YES', 'Environmental', 607, 'Environmental', 1, 658, 102, 'Does the company have and adhere to an environmental policy which sets out clear commitments and targets to improve the company’s environmental footprint?'),
(2539, 680, '2024-06-29', 105, 4, 1, 'NO', 'Environmental', 608, 'Environmental', 0, 659, 102, 'Does the environmental policy cover climate change issues that could be relevant to the company?'),
(2540, 681, '2024-06-29', 105, 13, 1, 'NO', 'Governance', 609, 'Governance', 0, 660, 102, 'Does the company have a diverse board and a policy for ensuring diversity of board members?'),
(2541, 682, '2024-06-29', 105, 16, 1, 'NO', 'Governance', 610, 'Governance', 0, 661, 102, 'Does the company actively safeguard against illegal practices?'),
(2542, 683, '2024-06-29', 105, 7, 1, 'NO', 'Social', 611, 'Social', 0, 662, 102, 'Does the company provide employees and senior management with OHS induction/training where necessary?'),
(2543, 684, '2024-06-29', 105, 9, 1, 'YES', 'Social', 612, 'Social', 1, 663, 102, 'Do all employees have formal contracts of employment?'),
(2544, 685, '2024-06-29', 105, 12, 1, 'YES', 'Social', 613, 'Social', 1, 664, 102, 'Is the Chairman of the Board independent?'),
(2545, 686, '2024-06-29', 106, 1, 1, 'YES', 'Environmental', 614, 'Environmental', 1, 665, 103, 'Does the company have and adhere to an environmental policy which sets out clear commitments and targets to improve the company’s environmental footprint?'),
(2546, 687, '2024-06-29', 106, 4, 1, 'NO', 'Environmental', 615, 'Environmental', 0, 666, 103, 'Does the environmental policy cover climate change issues that could be relevant to the company?'),
(2547, 688, '2024-06-29', 106, 13, 1, 'NO', 'Governance', 616, 'Governance', 0, 667, 103, 'Does the company have a diverse board and a policy for ensuring diversity of board members?'),
(2548, 689, '2024-06-29', 106, 16, 1, 'NO', 'Governance', 617, 'Governance', 0, 668, 103, 'Does the company actively safeguard against illegal practices?'),
(2549, 690, '2024-06-29', 106, 7, 1, 'NO', 'Social', 618, 'Social', 0, 669, 103, 'Does the company provide employees and senior management with OHS induction/training where necessary?'),
(2550, 691, '2024-06-29', 106, 9, 1, 'YES', 'Social', 619, 'Social', 1, 670, 103, 'Do all employees have formal contracts of employment?'),
(2551, 692, '2024-06-29', 106, 12, 1, 'YES', 'Social', 620, 'Social', 1, 671, 103, 'Is the Chairman of the Board independent?'),
(2552, 693, '2024-06-29', 107, 1, 1, 'YES', 'Environmental', 621, 'Environmental', 1, 672, 104, 'Does the company have and adhere to an environmental policy which sets out clear commitments and targets to improve the company’s environmental footprint?'),
(2553, 694, '2024-06-29', 107, 4, 1, 'NO', 'Environmental', 622, 'Environmental', 0, 673, 104, 'Does the environmental policy cover climate change issues that could be relevant to the company?'),
(2554, 695, '2024-06-29', 107, 13, 1, 'NO', 'Governance', 623, 'Governance', 0, 674, 104, 'Does the company have a diverse board and a policy for ensuring diversity of board members?'),
(2555, 696, '2024-06-29', 107, 16, 1, 'NO', 'Governance', 624, 'Governance', 0, 675, 104, 'Does the company actively safeguard against illegal practices?'),
(2556, 697, '2024-06-29', 107, 7, 1, 'NO', 'Social', 625, 'Social', 0, 676, 104, 'Does the company provide employees and senior management with OHS induction/training where necessary?'),
(2557, 698, '2024-06-29', 107, 9, 1, 'YES', 'Social', 626, 'Social', 1, 677, 104, 'Do all employees have formal contracts of employment?'),
(2558, 699, '2024-06-29', 107, 12, 1, 'YES', 'Social', 627, 'Social', 1, 678, 104, 'Is the Chairman of the Board independent?'),
(2559, 700, '2024-06-29', 108, 1, 1, 'YES', 'Environmental', 628, 'Environmental', 1, 679, 105, 'Does the company have and adhere to an environmental policy which sets out clear commitments and targets to improve the company’s environmental footprint?'),
(2560, 701, '2024-06-29', 108, 4, 1, 'NO', 'Environmental', 629, 'Environmental', 0, 680, 105, 'Does the environmental policy cover climate change issues that could be relevant to the company?'),
(2561, 702, '2024-06-29', 108, 13, 1, 'YES', 'Governance', 630, 'Governance', 0, 681, 105, 'Does the company have a diverse board and a policy for ensuring diversity of board members?'),
(2562, 703, '2024-06-29', 108, 16, 1, 'YES', 'Governance', 631, 'Governance', 0, 682, 105, 'Does the company actively safeguard against illegal practices?'),
(2563, 704, '2024-06-29', 108, 7, 1, 'NO', 'Social', 632, 'Social', 0, 683, 105, 'Does the company provide employees and senior management with OHS induction/training where necessary?'),
(2564, 705, '2024-06-29', 108, 9, 1, 'YES', 'Social', 633, 'Social', 1, 684, 105, 'Do all employees have formal contracts of employment?'),
(2565, 706, '2024-06-29', 108, 12, 1, 'YES', 'Social', 634, 'Social', 1, 685, 105, 'Is the Chairman of the Board independent?'),
(2566, 707, '2024-06-29', 109, 1, 1, 'YES', 'Environmental', 635, 'Environmental', 1, 686, 106, 'Does the company have and adhere to an environmental policy which sets out clear commitments and targets to improve the company’s environmental footprint?'),
(2567, 708, '2024-06-29', 109, 4, 1, 'NO', 'Environmental', 636, 'Environmental', 0, 687, 106, 'Does the environmental policy cover climate change issues that could be relevant to the company?'),
(2568, 709, '2024-06-29', 109, 13, 1, 'YES', 'Governance', 637, 'Governance', 0, 688, 106, 'Does the company have a diverse board and a policy for ensuring diversity of board members?'),
(2569, 710, '2024-06-29', 109, 16, 1, 'NO', 'Governance', 638, 'Governance', 0, 689, 106, 'Does the company actively safeguard against illegal practices?'),
(2570, 711, '2024-06-29', 109, 7, 1, 'YES', 'Social', 639, 'Social', 0, 690, 106, 'Does the company provide employees and senior management with OHS induction/training where necessary?'),
(2571, 712, '2024-06-29', 109, 9, 1, 'NO', 'Social', 640, 'Social', 1, 691, 106, 'Do all employees have formal contracts of employment?'),
(2572, 713, '2024-06-29', 109, 12, 1, 'YES', 'Social', 641, 'Social', 1, 692, 106, 'Is the Chairman of the Board independent?');

-- --------------------------------------------------------

--
-- Table structure for table `hc_tr`
--

CREATE TABLE `hc_tr` (
  `response_id` int(11) NOT NULL,
  `response_date` datetime NOT NULL,
  `assessment_id` int(11) NOT NULL,
  `question_id` int(11) NOT NULL,
  `user_id` int(11) NOT NULL,
  `response` varchar(50) NOT NULL,
  `part` varchar(20) NOT NULL
) ENGINE=InnoDB DEFAULT CHARSET=utf8mb4 COLLATE=utf8mb4_general_ci;

--
-- Dumping data for table `hc_tr`
--

INSERT INTO `hc_tr` (`response_id`, `response_date`, `assessment_id`, `question_id`, `user_id`, `response`, `part`) VALUES
(536, '2024-06-19 17:52:07', 59, 1, 1, 'YES', 'Environmental'),
(537, '2024-06-19 17:52:07', 59, 4, 1, 'YES', 'Environmental'),
(538, '2024-06-19 17:52:07', 59, 13, 1, 'YES', 'Governance'),
(539, '2024-06-19 17:52:07', 59, 16, 1, 'YES', 'Governance'),
(540, '2024-06-19 17:52:07', 59, 7, 1, 'YES', 'Social'),
(541, '2024-06-19 17:52:07', 59, 9, 1, 'YES', 'Social'),
(542, '2024-06-19 17:52:07', 59, 12, 1, 'YES', 'Social'),
(543, '2024-06-19 17:52:35', 60, 2, 10, 'YES', 'Environmental'),
(544, '2024-06-19 17:52:35', 60, 5, 10, 'YES', 'Environmental'),
(545, '2024-06-19 17:52:35', 60, 15, 10, 'YES', 'Governance'),
(546, '2024-06-19 17:52:35', 60, 10, 10, 'YES', 'Social'),
(547, '2024-06-19 17:53:13', 61, 2, 11, 'NO', 'Environmental'),
(548, '2024-06-19 17:53:13', 61, 5, 11, 'YES', 'Environmental'),
(549, '2024-06-19 17:53:13', 61, 15, 11, 'NO', 'Governance'),
(550, '2024-06-19 17:53:13', 61, 10, 11, 'YES', 'Social'),
(551, '2024-06-19 17:54:34', 62, 3, 12, 'YES', 'Environmental'),
(552, '2024-06-19 17:54:34', 62, 14, 12, 'NO', 'Governance'),
(553, '2024-06-19 17:54:34', 62, 6, 12, 'YES', 'Social'),
(554, '2024-06-19 17:54:34', 62, 8, 12, 'YES', 'Social'),
(555, '2024-06-19 17:54:34', 62, 11, 12, 'YES', 'Social'),
(556, '2024-06-19 17:55:02', 63, 3, 13, 'YES', 'Environmental'),
(557, '2024-06-19 17:55:02', 63, 14, 13, 'NO', 'Governance'),
(558, '2024-06-19 17:55:02', 63, 6, 13, 'NO', 'Social'),
(559, '2024-06-19 17:55:02', 63, 8, 13, 'YES', 'Social'),
(560, '2024-06-19 17:55:02', 63, 11, 13, 'NO', 'Social'),
(561, '2024-06-19 17:55:31', 64, 1, 14, 'NO', 'Environmental'),
(562, '2024-06-19 17:55:31', 64, 4, 14, 'NO', 'Environmental'),
(563, '2024-06-19 17:55:31', 64, 13, 14, 'YES', 'Governance'),
(564, '2024-06-19 17:55:31', 64, 16, 14, 'YES', 'Governance'),
(565, '2024-06-19 17:55:31', 64, 7, 14, 'NO', 'Social'),
(566, '2024-06-19 17:55:31', 64, 9, 14, 'YES', 'Social'),
(567, '2024-06-19 17:55:31', 64, 12, 14, 'YES', 'Social'),
(568, '2024-06-19 17:58:26', 65, 1, 15, 'YES', 'Environmental'),
(569, '2024-06-19 17:58:26', 65, 4, 15, 'NO', 'Environmental'),
(570, '2024-06-19 17:58:26', 65, 13, 15, 'YES', 'Governance'),
(571, '2024-06-19 17:58:26', 65, 16, 15, 'YES', 'Governance'),
(572, '2024-06-19 17:58:26', 65, 7, 15, 'NO', 'Social'),
(573, '2024-06-19 17:58:26', 65, 9, 15, 'YES', 'Social'),
(574, '2024-06-19 17:58:26', 65, 12, 15, 'YES', 'Social'),
(575, '2024-06-19 18:01:41', 66, 2, 16, 'YES', 'Environmental'),
(576, '2024-06-19 18:01:41', 66, 5, 16, 'YES', 'Environmental'),
(577, '2024-06-19 18:01:41', 66, 15, 16, 'NO', 'Governance'),
(578, '2024-06-19 18:01:41', 66, 10, 16, 'NO', 'Social'),
(579, '2024-06-19 18:02:46', 67, 3, 17, 'YES', 'Environmental'),
(580, '2024-06-19 18:02:46', 67, 14, 17, 'YES', 'Governance'),
(581, '2024-06-19 18:02:46', 67, 6, 17, 'YES', 'Social'),
(582, '2024-06-19 18:02:46', 67, 8, 17, 'YES', 'Social'),
(583, '2024-06-19 18:02:46', 67, 11, 17, 'YES', 'Social'),
(584, '2024-06-19 18:03:51', 68, 1, 18, 'NO', 'Environmental'),
(585, '2024-06-19 18:03:51', 68, 4, 18, 'YES', 'Environmental'),
(586, '2024-06-19 18:03:51', 68, 13, 18, 'NO', 'Governance'),
(587, '2024-06-19 18:03:51', 68, 16, 18, 'YES', 'Governance'),
(588, '2024-06-19 18:03:51', 68, 7, 18, 'YES', 'Social'),
(589, '2024-06-19 18:03:51', 68, 9, 18, 'NO', 'Social'),
(590, '2024-06-19 18:03:51', 68, 12, 18, 'NO', 'Social'),
(591, '2024-06-20 09:24:40', 71, 1, 1, 'NO', 'Environmental'),
(592, '2024-06-20 09:24:40', 71, 4, 1, 'YES', 'Environmental'),
(593, '2024-06-20 09:24:40', 71, 13, 1, 'NO', 'Governance'),
(594, '2024-06-20 09:24:40', 71, 16, 1, 'NO', 'Governance'),
(595, '2024-06-20 09:24:40', 71, 7, 1, 'YES', 'Social'),
(596, '2024-06-20 09:24:40', 71, 9, 1, 'NO', 'Social'),
(597, '2024-06-20 09:24:40', 71, 12, 1, 'NO', 'Social'),
(598, '2024-06-20 09:24:52', 72, 1, 1, 'YES', 'Environmental'),
(599, '2024-06-20 09:24:52', 72, 4, 1, 'YES', 'Environmental'),
(600, '2024-06-20 09:24:52', 72, 13, 1, 'YES', 'Governance'),
(601, '2024-06-20 09:24:52', 72, 16, 1, 'NO', 'Governance'),
(602, '2024-06-20 09:24:52', 72, 7, 1, 'YES', 'Social'),
(603, '2024-06-20 09:24:52', 72, 9, 1, 'YES', 'Social'),
(604, '2024-06-20 09:24:52', 72, 12, 1, 'NO', 'Social'),
(605, '2024-06-20 09:26:41', 74, 2, 10, 'YES', 'Environmental'),
(606, '2024-06-20 09:26:41', 74, 5, 10, 'YES', 'Environmental'),
(607, '2024-06-20 09:26:41', 74, 15, 10, 'YES', 'Governance'),
(608, '2024-06-20 09:26:41', 74, 10, 10, 'YES', 'Social'),
(609, '2024-06-20 09:27:25', 76, 2, 10, 'NO', 'Environmental'),
(610, '2024-06-20 09:27:25', 76, 5, 10, 'YES', 'Environmental'),
(611, '2024-06-20 09:27:25', 76, 15, 10, 'NO', 'Governance'),
(612, '2024-06-20 09:27:25', 76, 10, 10, 'NO', 'Social'),
(613, '2024-06-20 09:29:00', 78, 2, 11, 'NO', 'Environmental'),
(614, '2024-06-20 09:29:00', 78, 5, 11, 'NO', 'Environmental'),
(615, '2024-06-20 09:29:00', 78, 15, 11, 'NO', 'Governance'),
(616, '2024-06-20 09:29:00', 78, 10, 11, 'NO', 'Social'),
(617, '2024-06-20 09:29:21', 79, 3, 12, 'NO', 'Environmental'),
(618, '2024-06-20 09:29:21', 79, 14, 12, 'NO', 'Governance'),
(619, '2024-06-20 09:29:21', 79, 6, 12, 'YES', 'Social'),
(620, '2024-06-20 09:29:21', 79, 8, 12, 'YES', 'Social'),
(621, '2024-06-20 09:29:21', 79, 11, 12, 'YES', 'Social'),
(622, '2024-06-20 09:29:56', 81, 3, 12, 'YES', 'Environmental'),
(623, '2024-06-20 09:29:56', 81, 14, 12, 'YES', 'Governance'),
(624, '2024-06-20 09:29:56', 81, 6, 12, 'YES', 'Social'),
(625, '2024-06-20 09:29:56', 81, 8, 12, 'NO', 'Social'),
(626, '2024-06-20 09:29:56', 81, 11, 12, 'YES', 'Social'),
(627, '2024-06-20 09:30:20', 82, 3, 13, 'YES', 'Environmental'),
(628, '2024-06-20 09:30:20', 82, 14, 13, 'NO', 'Governance'),
(629, '2024-06-20 09:30:20', 82, 6, 13, 'YES', 'Social'),
(630, '2024-06-20 09:30:20', 82, 8, 13, 'YES', 'Social'),
(631, '2024-06-20 09:30:20', 82, 11, 13, 'YES', 'Social'),
(632, '2024-06-20 09:30:45', 83, 3, 13, 'NO', 'Environmental'),
(633, '2024-06-20 09:30:45', 83, 14, 13, 'YES', 'Governance'),
(634, '2024-06-20 09:30:45', 83, 6, 13, 'NO', 'Social'),
(635, '2024-06-20 09:30:45', 83, 8, 13, 'YES', 'Social'),
(636, '2024-06-20 09:30:45', 83, 11, 13, 'YES', 'Social'),
(637, '2024-06-20 09:32:23', 85, 1, 14, 'NO', 'Environmental'),
(638, '2024-06-20 09:32:23', 85, 4, 14, 'YES', 'Environmental'),
(639, '2024-06-20 09:32:23', 85, 13, 14, 'YES', 'Governance'),
(640, '2024-06-20 09:32:23', 85, 16, 14, 'YES', 'Governance'),
(641, '2024-06-20 09:32:23', 85, 7, 14, 'NO', 'Social'),
(642, '2024-06-20 09:32:23', 85, 9, 14, 'YES', 'Social'),
(643, '2024-06-20 09:32:23', 85, 12, 14, 'NO', 'Social'),
(644, '2024-06-20 09:32:30', 86, 1, 14, 'NO', 'Environmental'),
(645, '2024-06-20 09:32:30', 86, 4, 14, 'YES', 'Environmental'),
(646, '2024-06-20 09:32:30', 86, 13, 14, 'YES', 'Governance'),
(647, '2024-06-20 09:32:30', 86, 16, 14, 'YES', 'Governance'),
(648, '2024-06-20 09:32:30', 86, 7, 14, 'NO', 'Social'),
(649, '2024-06-20 09:32:30', 86, 9, 14, 'NO', 'Social'),
(650, '2024-06-20 09:32:30', 86, 12, 14, 'NO', 'Social'),
(651, '2024-06-20 09:32:55', 87, 1, 15, 'NO', 'Environmental'),
(652, '2024-06-20 09:32:55', 87, 4, 15, 'YES', 'Environmental'),
(653, '2024-06-20 09:32:55', 87, 13, 15, 'YES', 'Governance'),
(654, '2024-06-20 09:32:55', 87, 16, 15, 'YES', 'Governance'),
(655, '2024-06-20 09:32:55', 87, 7, 15, 'NO', 'Social'),
(656, '2024-06-20 09:32:55', 87, 9, 15, 'NO', 'Social'),
(657, '2024-06-20 09:32:55', 87, 12, 15, 'YES', 'Social'),
(658, '2024-06-20 09:33:03', 88, 1, 15, 'NO', 'Environmental'),
(659, '2024-06-20 09:33:03', 88, 4, 15, 'YES', 'Environmental'),
(660, '2024-06-20 09:33:03', 88, 13, 15, 'NO', 'Governance'),
(661, '2024-06-20 09:33:03', 88, 16, 15, 'YES', 'Governance'),
(662, '2024-06-20 09:33:03', 88, 7, 15, 'YES', 'Social'),
(663, '2024-06-20 09:33:03', 88, 9, 15, 'NO', 'Social'),
(664, '2024-06-20 09:33:03', 88, 12, 15, 'YES', 'Social'),
(665, '2024-06-20 09:35:41', 92, 2, 16, 'YES', 'Environmental'),
(666, '2024-06-20 09:35:41', 92, 5, 16, 'YES', 'Environmental'),
(667, '2024-06-20 09:35:41', 92, 15, 16, 'YES', 'Governance'),
(668, '2024-06-20 09:35:41', 92, 10, 16, 'YES', 'Social'),
(669, '2024-06-20 09:35:49', 93, 2, 16, 'YES', 'Environmental'),
(670, '2024-06-20 09:35:49', 93, 5, 16, 'NO', 'Environmental'),
(671, '2024-06-20 09:35:49', 93, 15, 16, 'NO', 'Governance'),
(672, '2024-06-20 09:35:49', 93, 10, 16, 'YES', 'Social'),
(673, '2024-06-20 09:37:07', 95, 1, 18, 'YES', 'Environmental'),
(674, '2024-06-20 09:37:07', 95, 4, 18, 'NO', 'Environmental'),
(675, '2024-06-20 09:37:07', 95, 13, 18, 'YES', 'Governance'),
(676, '2024-06-20 09:37:07', 95, 16, 18, 'YES', 'Governance'),
(677, '2024-06-20 09:37:07', 95, 7, 18, 'NO', 'Social'),
(678, '2024-06-20 09:37:07', 95, 9, 18, 'NO', 'Social'),
(679, '2024-06-20 09:37:07', 95, 12, 18, 'YES', 'Social'),
(680, '2024-06-20 09:37:16', 96, 1, 18, 'YES', 'Environmental'),
(681, '2024-06-20 09:37:16', 96, 4, 18, 'YES', 'Environmental'),
(682, '2024-06-20 09:37:16', 96, 13, 18, 'NO', 'Governance'),
(683, '2024-06-20 09:37:16', 96, 16, 18, 'YES', 'Governance'),
(684, '2024-06-20 09:37:16', 96, 7, 18, 'YES', 'Social'),
(685, '2024-06-20 09:37:16', 96, 9, 18, 'NO', 'Social'),
(686, '2024-06-20 09:37:16', 96, 12, 18, 'YES', 'Social'),
(687, '2024-06-20 09:48:28', 98, 1, 18, 'YES', 'Environmental'),
(688, '2024-06-20 09:48:28', 98, 4, 18, 'YES', 'Environmental'),
(689, '2024-06-20 09:48:28', 98, 13, 18, 'NO', 'Governance'),
(690, '2024-06-20 09:48:28', 98, 16, 18, 'NO', 'Governance'),
(691, '2024-06-20 09:48:28', 98, 7, 18, 'YES', 'Social'),
(692, '2024-06-20 09:48:28', 98, 9, 18, 'YES', 'Social'),
(693, '2024-06-20 09:48:28', 98, 12, 18, 'YES', 'Social'),
(694, '2024-06-20 09:50:21', 99, 1, 18, 'YES', 'Environmental'),
(695, '2024-06-20 09:50:21', 99, 4, 18, 'YES', 'Environmental'),
(696, '2024-06-20 09:50:21', 99, 13, 18, 'NO', 'Governance'),
(697, '2024-06-20 09:50:21', 99, 16, 18, 'NO', 'Governance'),
(698, '2024-06-20 09:50:21', 99, 7, 18, 'YES', 'Social'),
(699, '2024-06-20 09:50:21', 99, 9, 18, 'YES', 'Social'),
(700, '2024-06-20 09:50:21', 99, 12, 18, 'YES', 'Social'),
(701, '2024-06-29 19:13:26', 101, 1, 1, 'YES', 'Environmental'),
(702, '2024-06-29 19:13:26', 101, 4, 1, 'NO', 'Environmental'),
(703, '2024-06-29 19:13:26', 101, 13, 1, 'YES', 'Governance'),
(704, '2024-06-29 19:13:26', 101, 16, 1, 'YES', 'Governance'),
(705, '2024-06-29 19:13:26', 101, 7, 1, 'NO', 'Social'),
(706, '2024-06-29 19:13:26', 101, 9, 1, 'YES', 'Social'),
(707, '2024-06-29 19:13:26', 101, 12, 1, 'YES', 'Social'),
(708, '2024-06-29 19:17:23', 101, 1, 1, 'YES', 'Environmental'),
(709, '2024-06-29 19:17:23', 101, 4, 1, 'NO', 'Environmental'),
(710, '2024-06-29 19:17:23', 101, 13, 1, 'YES', 'Governance'),
(711, '2024-06-29 19:17:23', 101, 16, 1, 'YES', 'Governance'),
(712, '2024-06-29 19:17:23', 101, 7, 1, 'NO', 'Social'),
(713, '2024-06-29 19:17:23', 101, 9, 1, 'YES', 'Social'),
(714, '2024-06-29 19:17:23', 101, 12, 1, 'YES', 'Social'),
(715, '2024-06-29 19:18:40', 101, 1, 1, 'YES', 'Environmental'),
(716, '2024-06-29 19:18:40', 101, 4, 1, 'NO', 'Environmental'),
(717, '2024-06-29 19:18:40', 101, 13, 1, 'NO', 'Governance'),
(718, '2024-06-29 19:18:40', 101, 16, 1, 'NO', 'Governance'),
(719, '2024-06-29 19:18:40', 101, 7, 1, 'NO', 'Social'),
(720, '2024-06-29 19:18:40', 101, 9, 1, 'YES', 'Social'),
(721, '2024-06-29 19:18:40', 101, 12, 1, 'YES', 'Social'),
(722, '2024-06-29 19:19:07', 102, 1, 1, 'YES', 'Environmental'),
(723, '2024-06-29 19:19:07', 102, 4, 1, 'NO', 'Environmental'),
(724, '2024-06-29 19:19:07', 102, 13, 1, 'NO', 'Governance'),
(725, '2024-06-29 19:19:07', 102, 16, 1, 'NO', 'Governance'),
(726, '2024-06-29 19:19:07', 102, 7, 1, 'NO', 'Social'),
(727, '2024-06-29 19:19:07', 102, 9, 1, 'YES', 'Social'),
(728, '2024-06-29 19:19:07', 102, 12, 1, 'YES', 'Social'),
(729, '2024-06-29 19:19:49', 103, 1, 1, 'YES', 'Environmental'),
(730, '2024-06-29 19:19:49', 103, 4, 1, 'NO', 'Environmental'),
(731, '2024-06-29 19:19:49', 103, 13, 1, 'NO', 'Governance'),
(732, '2024-06-29 19:19:49', 103, 16, 1, 'NO', 'Governance'),
(733, '2024-06-29 19:19:49', 103, 7, 1, 'NO', 'Social'),
(734, '2024-06-29 19:19:49', 103, 9, 1, 'YES', 'Social'),
(735, '2024-06-29 19:19:49', 103, 12, 1, 'YES', 'Social'),
(736, '2024-06-29 19:20:39', 104, 1, 1, 'YES', 'Environmental'),
(737, '2024-06-29 19:20:39', 104, 4, 1, 'NO', 'Environmental'),
(738, '2024-06-29 19:20:39', 104, 13, 1, 'NO', 'Governance'),
(739, '2024-06-29 19:20:39', 104, 16, 1, 'NO', 'Governance'),
(740, '2024-06-29 19:20:39', 104, 7, 1, 'NO', 'Social'),
(741, '2024-06-29 19:20:39', 104, 9, 1, 'YES', 'Social'),
(742, '2024-06-29 19:20:39', 104, 12, 1, 'YES', 'Social'),
(743, '2024-06-29 19:20:53', 105, 1, 1, 'YES', 'Environmental'),
(744, '2024-06-29 19:20:53', 105, 4, 1, 'NO', 'Environmental'),
(745, '2024-06-29 19:20:53', 105, 13, 1, 'NO', 'Governance'),
(746, '2024-06-29 19:20:53', 105, 16, 1, 'NO', 'Governance'),
(747, '2024-06-29 19:20:53', 105, 7, 1, 'NO', 'Social'),
(748, '2024-06-29 19:20:53', 105, 9, 1, 'YES', 'Social'),
(749, '2024-06-29 19:20:53', 105, 12, 1, 'YES', 'Social'),
(750, '2024-06-29 19:22:54', 106, 1, 1, 'YES', 'Environmental'),
(751, '2024-06-29 19:22:54', 106, 4, 1, 'NO', 'Environmental'),
(752, '2024-06-29 19:22:54', 106, 13, 1, 'NO', 'Governance'),
(753, '2024-06-29 19:22:54', 106, 16, 1, 'NO', 'Governance'),
(754, '2024-06-29 19:22:54', 106, 7, 1, 'NO', 'Social'),
(755, '2024-06-29 19:22:54', 106, 9, 1, 'YES', 'Social'),
(756, '2024-06-29 19:22:54', 106, 12, 1, 'YES', 'Social'),
(757, '2024-06-29 19:25:40', 107, 1, 1, 'YES', 'Environmental'),
(758, '2024-06-29 19:25:40', 107, 4, 1, 'NO', 'Environmental'),
(759, '2024-06-29 19:25:40', 107, 13, 1, 'NO', 'Governance'),
(760, '2024-06-29 19:25:40', 107, 16, 1, 'NO', 'Governance'),
(761, '2024-06-29 19:25:40', 107, 7, 1, 'NO', 'Social'),
(762, '2024-06-29 19:25:40', 107, 9, 1, 'YES', 'Social'),
(763, '2024-06-29 19:25:40', 107, 12, 1, 'YES', 'Social'),
(764, '2024-06-29 19:50:41', 108, 1, 1, 'YES', 'Environmental'),
(765, '2024-06-29 19:50:41', 108, 4, 1, 'NO', 'Environmental'),
(766, '2024-06-29 19:50:41', 108, 13, 1, 'YES', 'Governance'),
(767, '2024-06-29 19:50:41', 108, 16, 1, 'YES', 'Governance'),
(768, '2024-06-29 19:50:41', 108, 7, 1, 'NO', 'Social'),
(769, '2024-06-29 19:50:41', 108, 9, 1, 'YES', 'Social'),
(770, '2024-06-29 19:50:41', 108, 12, 1, 'YES', 'Social'),
(771, '2024-06-29 19:52:15', 109, 1, 1, 'YES', 'Environmental'),
(772, '2024-06-29 19:52:15', 109, 4, 1, 'NO', 'Environmental'),
(773, '2024-06-29 19:52:15', 109, 13, 1, 'YES', 'Governance'),
(774, '2024-06-29 19:52:15', 109, 16, 1, 'NO', 'Governance'),
(775, '2024-06-29 19:52:15', 109, 7, 1, 'YES', 'Social'),
(776, '2024-06-29 19:52:15', 109, 9, 1, 'NO', 'Social'),
(777, '2024-06-29 19:52:15', 109, 12, 1, 'YES', 'Social');

-- --------------------------------------------------------

--
-- Table structure for table `hc_tr_analysis`
--

CREATE TABLE `hc_tr_analysis` (
  `response_id` int(11) NOT NULL,
  `response_date` datetime NOT NULL,
  `assessment_id` int(11) NOT NULL,
  `question_id` int(11) NOT NULL,
  `user_id` int(11) NOT NULL,
  `response` varchar(50) NOT NULL,
  `part` varchar(20) NOT NULL
) ENGINE=InnoDB DEFAULT CHARSET=utf8mb4 COLLATE=utf8mb4_general_ci;

--
-- Dumping data for table `hc_tr_analysis`
--

INSERT INTO `hc_tr_analysis` (`response_id`, `response_date`, `assessment_id`, `question_id`, `user_id`, `response`, `part`) VALUES
(472, '2024-06-19 17:52:07', 59, 1, 1, 'YES', 'Environmental'),
(473, '2024-06-19 17:52:07', 59, 4, 1, 'YES', 'Environmental'),
(474, '2024-06-19 17:52:07', 59, 13, 1, 'YES', 'Governance'),
(475, '2024-06-19 17:52:07', 59, 16, 1, 'YES', 'Governance'),
(476, '2024-06-19 17:52:07', 59, 7, 1, 'YES', 'Social'),
(477, '2024-06-19 17:52:07', 59, 9, 1, 'YES', 'Social'),
(478, '2024-06-19 17:52:07', 59, 12, 1, 'YES', 'Social'),
(479, '2024-06-19 17:52:35', 60, 2, 10, 'YES', 'Environmental'),
(480, '2024-06-19 17:52:35', 60, 5, 10, 'YES', 'Environmental'),
(481, '2024-06-19 17:52:35', 60, 15, 10, 'YES', 'Governance'),
(482, '2024-06-19 17:52:35', 60, 10, 10, 'YES', 'Social'),
(483, '2024-06-19 17:53:13', 61, 2, 11, 'NO', 'Environmental'),
(484, '2024-06-19 17:53:13', 61, 5, 11, 'YES', 'Environmental'),
(485, '2024-06-19 17:53:13', 61, 15, 11, 'NO', 'Governance'),
(486, '2024-06-19 17:53:13', 61, 10, 11, 'YES', 'Social'),
(487, '2024-06-19 17:54:34', 62, 3, 12, 'YES', 'Environmental'),
(488, '2024-06-19 17:54:34', 62, 14, 12, 'NO', 'Governance'),
(489, '2024-06-19 17:54:34', 62, 6, 12, 'YES', 'Social'),
(490, '2024-06-19 17:54:34', 62, 8, 12, 'YES', 'Social'),
(491, '2024-06-19 17:54:34', 62, 11, 12, 'YES', 'Social'),
(492, '2024-06-19 17:55:02', 63, 3, 13, 'YES', 'Environmental'),
(493, '2024-06-19 17:55:02', 63, 14, 13, 'NO', 'Governance'),
(494, '2024-06-19 17:55:02', 63, 6, 13, 'NO', 'Social'),
(495, '2024-06-19 17:55:02', 63, 8, 13, 'YES', 'Social'),
(496, '2024-06-19 17:55:02', 63, 11, 13, 'NO', 'Social'),
(497, '2024-06-19 17:55:31', 64, 1, 14, 'NO', 'Environmental'),
(498, '2024-06-19 17:55:31', 64, 4, 14, 'NO', 'Environmental'),
(499, '2024-06-19 17:55:31', 64, 13, 14, 'YES', 'Governance'),
(500, '2024-06-19 17:55:31', 64, 16, 14, 'YES', 'Governance'),
(501, '2024-06-19 17:55:31', 64, 7, 14, 'NO', 'Social'),
(502, '2024-06-19 17:55:31', 64, 9, 14, 'YES', 'Social'),
(503, '2024-06-19 17:55:31', 64, 12, 14, 'YES', 'Social'),
(504, '2024-06-19 17:58:26', 65, 1, 15, 'YES', 'Environmental'),
(505, '2024-06-19 17:58:26', 65, 4, 15, 'NO', 'Environmental'),
(506, '2024-06-19 17:58:26', 65, 13, 15, 'YES', 'Governance'),
(507, '2024-06-19 17:58:26', 65, 16, 15, 'YES', 'Governance'),
(508, '2024-06-19 17:58:26', 65, 7, 15, 'NO', 'Social'),
(509, '2024-06-19 17:58:26', 65, 9, 15, 'YES', 'Social'),
(510, '2024-06-19 17:58:26', 65, 12, 15, 'YES', 'Social'),
(511, '2024-06-19 18:01:41', 66, 2, 16, 'YES', 'Environmental'),
(512, '2024-06-19 18:01:41', 66, 5, 16, 'YES', 'Environmental'),
(513, '2024-06-19 18:01:41', 66, 15, 16, 'NO', 'Governance'),
(514, '2024-06-19 18:01:41', 66, 10, 16, 'NO', 'Social'),
(515, '2024-06-19 18:02:46', 67, 3, 17, 'YES', 'Environmental'),
(516, '2024-06-19 18:02:46', 67, 14, 17, 'YES', 'Governance'),
(517, '2024-06-19 18:02:46', 67, 6, 17, 'YES', 'Social'),
(518, '2024-06-19 18:02:46', 67, 8, 17, 'YES', 'Social'),
(519, '2024-06-19 18:02:46', 67, 11, 17, 'YES', 'Social'),
(520, '2024-06-19 18:03:51', 68, 1, 18, 'NO', 'Environmental'),
(521, '2024-06-19 18:03:51', 68, 4, 18, 'YES', 'Environmental'),
(522, '2024-06-19 18:03:51', 68, 13, 18, 'NO', 'Governance'),
(523, '2024-06-19 18:03:51', 68, 16, 18, 'YES', 'Governance'),
(524, '2024-06-19 18:03:51', 68, 7, 18, 'YES', 'Social'),
(525, '2024-06-19 18:03:51', 68, 9, 18, 'NO', 'Social'),
(526, '2024-06-19 18:03:51', 68, 12, 18, 'NO', 'Social'),
(527, '2024-06-20 09:24:40', 71, 1, 1, 'NO', 'Environmental'),
(528, '2024-06-20 09:24:40', 71, 4, 1, 'YES', 'Environmental'),
(529, '2024-06-20 09:24:40', 71, 13, 1, 'NO', 'Governance'),
(530, '2024-06-20 09:24:40', 71, 16, 1, 'NO', 'Governance'),
(531, '2024-06-20 09:24:40', 71, 7, 1, 'YES', 'Social'),
(532, '2024-06-20 09:24:40', 71, 9, 1, 'NO', 'Social'),
(533, '2024-06-20 09:24:40', 71, 12, 1, 'NO', 'Social'),
(534, '2024-06-20 09:24:52', 72, 1, 1, 'YES', 'Environmental'),
(535, '2024-06-20 09:24:52', 72, 4, 1, 'YES', 'Environmental'),
(536, '2024-06-20 09:24:52', 72, 13, 1, 'YES', 'Governance'),
(537, '2024-06-20 09:24:52', 72, 16, 1, 'NO', 'Governance'),
(538, '2024-06-20 09:24:52', 72, 7, 1, 'YES', 'Social'),
(539, '2024-06-20 09:24:52', 72, 9, 1, 'YES', 'Social'),
(540, '2024-06-20 09:24:52', 72, 12, 1, 'NO', 'Social'),
(541, '2024-06-20 09:26:41', 74, 2, 10, 'YES', 'Environmental'),
(542, '2024-06-20 09:26:41', 74, 5, 10, 'YES', 'Environmental'),
(543, '2024-06-20 09:26:41', 74, 15, 10, 'YES', 'Governance'),
(544, '2024-06-20 09:26:41', 74, 10, 10, 'YES', 'Social'),
(545, '2024-06-20 09:27:25', 76, 2, 10, 'NO', 'Environmental'),
(546, '2024-06-20 09:27:25', 76, 5, 10, 'YES', 'Environmental'),
(547, '2024-06-20 09:27:25', 76, 15, 10, 'NO', 'Governance'),
(548, '2024-06-20 09:27:25', 76, 10, 10, 'NO', 'Social'),
(549, '2024-06-20 09:29:00', 78, 2, 11, 'NO', 'Environmental'),
(550, '2024-06-20 09:29:00', 78, 5, 11, 'NO', 'Environmental'),
(551, '2024-06-20 09:29:00', 78, 15, 11, 'NO', 'Governance'),
(552, '2024-06-20 09:29:00', 78, 10, 11, 'NO', 'Social'),
(553, '2024-06-20 09:29:21', 79, 3, 12, 'NO', 'Environmental'),
(554, '2024-06-20 09:29:21', 79, 14, 12, 'NO', 'Governance'),
(555, '2024-06-20 09:29:21', 79, 6, 12, 'YES', 'Social'),
(556, '2024-06-20 09:29:21', 79, 8, 12, 'YES', 'Social'),
(557, '2024-06-20 09:29:21', 79, 11, 12, 'YES', 'Social'),
(558, '2024-06-20 09:29:56', 81, 3, 12, 'YES', 'Environmental'),
(559, '2024-06-20 09:29:56', 81, 14, 12, 'YES', 'Governance'),
(560, '2024-06-20 09:29:56', 81, 6, 12, 'YES', 'Social'),
(561, '2024-06-20 09:29:56', 81, 8, 12, 'NO', 'Social'),
(562, '2024-06-20 09:29:56', 81, 11, 12, 'YES', 'Social'),
(563, '2024-06-20 09:30:20', 82, 3, 13, 'YES', 'Environmental'),
(564, '2024-06-20 09:30:20', 82, 14, 13, 'NO', 'Governance'),
(565, '2024-06-20 09:30:20', 82, 6, 13, 'YES', 'Social'),
(566, '2024-06-20 09:30:20', 82, 8, 13, 'YES', 'Social'),
(567, '2024-06-20 09:30:20', 82, 11, 13, 'YES', 'Social'),
(568, '2024-06-20 09:30:45', 83, 3, 13, 'NO', 'Environmental'),
(569, '2024-06-20 09:30:45', 83, 14, 13, 'YES', 'Governance'),
(570, '2024-06-20 09:30:45', 83, 6, 13, 'NO', 'Social'),
(571, '2024-06-20 09:30:45', 83, 8, 13, 'YES', 'Social'),
(572, '2024-06-20 09:30:45', 83, 11, 13, 'YES', 'Social'),
(573, '2024-06-20 09:32:23', 85, 1, 14, 'NO', 'Environmental'),
(574, '2024-06-20 09:32:23', 85, 4, 14, 'YES', 'Environmental'),
(575, '2024-06-20 09:32:23', 85, 13, 14, 'YES', 'Governance'),
(576, '2024-06-20 09:32:23', 85, 16, 14, 'YES', 'Governance'),
(577, '2024-06-20 09:32:23', 85, 7, 14, 'NO', 'Social'),
(578, '2024-06-20 09:32:23', 85, 9, 14, 'YES', 'Social'),
(579, '2024-06-20 09:32:23', 85, 12, 14, 'NO', 'Social'),
(580, '2024-06-20 09:32:30', 86, 1, 14, 'NO', 'Environmental'),
(581, '2024-06-20 09:32:30', 86, 4, 14, 'YES', 'Environmental'),
(582, '2024-06-20 09:32:30', 86, 13, 14, 'YES', 'Governance'),
(583, '2024-06-20 09:32:30', 86, 16, 14, 'YES', 'Governance'),
(584, '2024-06-20 09:32:30', 86, 7, 14, 'NO', 'Social'),
(585, '2024-06-20 09:32:30', 86, 9, 14, 'NO', 'Social'),
(586, '2024-06-20 09:32:30', 86, 12, 14, 'NO', 'Social'),
(587, '2024-06-20 09:32:55', 87, 1, 15, 'NO', 'Environmental'),
(588, '2024-06-20 09:32:55', 87, 4, 15, 'YES', 'Environmental'),
(589, '2024-06-20 09:32:55', 87, 13, 15, 'YES', 'Governance'),
(590, '2024-06-20 09:32:55', 87, 16, 15, 'YES', 'Governance'),
(591, '2024-06-20 09:32:55', 87, 7, 15, 'NO', 'Social'),
(592, '2024-06-20 09:32:55', 87, 9, 15, 'NO', 'Social'),
(593, '2024-06-20 09:32:55', 87, 12, 15, 'YES', 'Social'),
(594, '2024-06-20 09:33:03', 88, 1, 15, 'NO', 'Environmental'),
(595, '2024-06-20 09:33:03', 88, 4, 15, 'YES', 'Environmental'),
(596, '2024-06-20 09:33:03', 88, 13, 15, 'NO', 'Governance'),
(597, '2024-06-20 09:33:03', 88, 16, 15, 'YES', 'Governance'),
(598, '2024-06-20 09:33:03', 88, 7, 15, 'YES', 'Social'),
(599, '2024-06-20 09:33:03', 88, 9, 15, 'NO', 'Social'),
(600, '2024-06-20 09:33:03', 88, 12, 15, 'YES', 'Social'),
(601, '2024-06-20 09:35:41', 92, 2, 16, 'YES', 'Environmental'),
(602, '2024-06-20 09:35:41', 92, 5, 16, 'YES', 'Environmental'),
(603, '2024-06-20 09:35:41', 92, 15, 16, 'YES', 'Governance'),
(604, '2024-06-20 09:35:41', 92, 10, 16, 'YES', 'Social'),
(605, '2024-06-20 09:35:49', 93, 2, 16, 'YES', 'Environmental'),
(606, '2024-06-20 09:35:49', 93, 5, 16, 'NO', 'Environmental'),
(607, '2024-06-20 09:35:49', 93, 15, 16, 'NO', 'Governance'),
(608, '2024-06-20 09:35:49', 93, 10, 16, 'YES', 'Social'),
(609, '2024-06-20 09:37:07', 95, 1, 18, 'YES', 'Environmental'),
(610, '2024-06-20 09:37:07', 95, 4, 18, 'NO', 'Environmental'),
(611, '2024-06-20 09:37:07', 95, 13, 18, 'YES', 'Governance'),
(612, '2024-06-20 09:37:07', 95, 16, 18, 'YES', 'Governance'),
(613, '2024-06-20 09:37:07', 95, 7, 18, 'NO', 'Social'),
(614, '2024-06-20 09:37:07', 95, 9, 18, 'NO', 'Social'),
(615, '2024-06-20 09:37:07', 95, 12, 18, 'YES', 'Social'),
(616, '2024-06-20 09:37:16', 96, 1, 18, 'YES', 'Environmental'),
(617, '2024-06-20 09:37:16', 96, 4, 18, 'YES', 'Environmental'),
(618, '2024-06-20 09:37:16', 96, 13, 18, 'NO', 'Governance'),
(619, '2024-06-20 09:37:16', 96, 16, 18, 'YES', 'Governance'),
(620, '2024-06-20 09:37:16', 96, 7, 18, 'YES', 'Social'),
(621, '2024-06-20 09:37:16', 96, 9, 18, 'NO', 'Social'),
(622, '2024-06-20 09:37:16', 96, 12, 18, 'YES', 'Social'),
(623, '2024-06-20 09:48:28', 98, 1, 18, 'YES', 'Environmental'),
(624, '2024-06-20 09:48:28', 98, 4, 18, 'YES', 'Environmental'),
(625, '2024-06-20 09:48:28', 98, 13, 18, 'NO', 'Governance'),
(626, '2024-06-20 09:48:28', 98, 16, 18, 'NO', 'Governance'),
(627, '2024-06-20 09:48:28', 98, 7, 18, 'YES', 'Social'),
(628, '2024-06-20 09:48:28', 98, 9, 18, 'YES', 'Social'),
(629, '2024-06-20 09:48:28', 98, 12, 18, 'YES', 'Social'),
(630, '2024-06-20 09:50:21', 99, 1, 18, 'YES', 'Environmental'),
(631, '2024-06-20 09:50:21', 99, 4, 18, 'YES', 'Environmental'),
(632, '2024-06-20 09:50:21', 99, 13, 18, 'NO', 'Governance'),
(633, '2024-06-20 09:50:21', 99, 16, 18, 'NO', 'Governance'),
(634, '2024-06-20 09:50:21', 99, 7, 18, 'YES', 'Social'),
(635, '2024-06-20 09:50:21', 99, 9, 18, 'YES', 'Social'),
(636, '2024-06-20 09:50:21', 99, 12, 18, 'YES', 'Social'),
(637, '2024-06-29 19:13:26', 101, 1, 1, 'YES', 'Environmental'),
(638, '2024-06-29 19:13:26', 101, 4, 1, 'NO', 'Environmental'),
(639, '2024-06-29 19:13:26', 101, 13, 1, 'YES', 'Governance'),
(640, '2024-06-29 19:13:26', 101, 16, 1, 'YES', 'Governance'),
(641, '2024-06-29 19:13:26', 101, 7, 1, 'NO', 'Social'),
(642, '2024-06-29 19:13:26', 101, 9, 1, 'YES', 'Social'),
(643, '2024-06-29 19:13:26', 101, 12, 1, 'YES', 'Social'),
(644, '2024-06-29 19:17:23', 101, 1, 1, 'YES', 'Environmental'),
(645, '2024-06-29 19:17:23', 101, 4, 1, 'NO', 'Environmental'),
(646, '2024-06-29 19:17:23', 101, 13, 1, 'YES', 'Governance'),
(647, '2024-06-29 19:17:23', 101, 16, 1, 'YES', 'Governance'),
(648, '2024-06-29 19:17:23', 101, 7, 1, 'NO', 'Social'),
(649, '2024-06-29 19:17:23', 101, 9, 1, 'YES', 'Social'),
(650, '2024-06-29 19:17:23', 101, 12, 1, 'YES', 'Social'),
(651, '2024-06-29 19:18:40', 101, 1, 1, 'YES', 'Environmental'),
(652, '2024-06-29 19:18:40', 101, 4, 1, 'NO', 'Environmental'),
(653, '2024-06-29 19:18:40', 101, 13, 1, 'NO', 'Governance'),
(654, '2024-06-29 19:18:40', 101, 16, 1, 'NO', 'Governance'),
(655, '2024-06-29 19:18:40', 101, 7, 1, 'NO', 'Social'),
(656, '2024-06-29 19:18:40', 101, 9, 1, 'YES', 'Social'),
(657, '2024-06-29 19:18:40', 101, 12, 1, 'YES', 'Social'),
(658, '2024-06-29 19:19:07', 102, 1, 1, 'YES', 'Environmental'),
(659, '2024-06-29 19:19:07', 102, 4, 1, 'NO', 'Environmental'),
(660, '2024-06-29 19:19:07', 102, 13, 1, 'NO', 'Governance'),
(661, '2024-06-29 19:19:07', 102, 16, 1, 'NO', 'Governance'),
(662, '2024-06-29 19:19:07', 102, 7, 1, 'NO', 'Social'),
(663, '2024-06-29 19:19:07', 102, 9, 1, 'YES', 'Social'),
(664, '2024-06-29 19:19:07', 102, 12, 1, 'YES', 'Social'),
(665, '2024-06-29 19:19:49', 103, 1, 1, 'YES', 'Environmental'),
(666, '2024-06-29 19:19:49', 103, 4, 1, 'NO', 'Environmental'),
(667, '2024-06-29 19:19:49', 103, 13, 1, 'NO', 'Governance'),
(668, '2024-06-29 19:19:49', 103, 16, 1, 'NO', 'Governance'),
(669, '2024-06-29 19:19:49', 103, 7, 1, 'NO', 'Social'),
(670, '2024-06-29 19:19:49', 103, 9, 1, 'YES', 'Social'),
(671, '2024-06-29 19:19:49', 103, 12, 1, 'YES', 'Social'),
(672, '2024-06-29 19:20:39', 104, 1, 1, 'YES', 'Environmental'),
(673, '2024-06-29 19:20:39', 104, 4, 1, 'NO', 'Environmental'),
(674, '2024-06-29 19:20:39', 104, 13, 1, 'NO', 'Governance'),
(675, '2024-06-29 19:20:39', 104, 16, 1, 'NO', 'Governance'),
(676, '2024-06-29 19:20:39', 104, 7, 1, 'NO', 'Social'),
(677, '2024-06-29 19:20:39', 104, 9, 1, 'YES', 'Social'),
(678, '2024-06-29 19:20:39', 104, 12, 1, 'YES', 'Social'),
(679, '2024-06-29 19:20:53', 105, 1, 1, 'YES', 'Environmental'),
(680, '2024-06-29 19:20:53', 105, 4, 1, 'NO', 'Environmental'),
(681, '2024-06-29 19:20:53', 105, 13, 1, 'NO', 'Governance'),
(682, '2024-06-29 19:20:53', 105, 16, 1, 'NO', 'Governance'),
(683, '2024-06-29 19:20:53', 105, 7, 1, 'NO', 'Social'),
(684, '2024-06-29 19:20:53', 105, 9, 1, 'YES', 'Social'),
(685, '2024-06-29 19:20:53', 105, 12, 1, 'YES', 'Social'),
(686, '2024-06-29 19:22:54', 106, 1, 1, 'YES', 'Environmental'),
(687, '2024-06-29 19:22:54', 106, 4, 1, 'NO', 'Environmental'),
(688, '2024-06-29 19:22:54', 106, 13, 1, 'NO', 'Governance'),
(689, '2024-06-29 19:22:54', 106, 16, 1, 'NO', 'Governance'),
(690, '2024-06-29 19:22:54', 106, 7, 1, 'NO', 'Social'),
(691, '2024-06-29 19:22:54', 106, 9, 1, 'YES', 'Social'),
(692, '2024-06-29 19:22:54', 106, 12, 1, 'YES', 'Social'),
(693, '2024-06-29 19:25:40', 107, 1, 1, 'YES', 'Environmental'),
(694, '2024-06-29 19:25:40', 107, 4, 1, 'NO', 'Environmental'),
(695, '2024-06-29 19:25:40', 107, 13, 1, 'NO', 'Governance'),
(696, '2024-06-29 19:25:40', 107, 16, 1, 'NO', 'Governance'),
(697, '2024-06-29 19:25:40', 107, 7, 1, 'NO', 'Social'),
(698, '2024-06-29 19:25:40', 107, 9, 1, 'YES', 'Social'),
(699, '2024-06-29 19:25:40', 107, 12, 1, 'YES', 'Social'),
(700, '2024-06-29 19:50:41', 108, 1, 1, 'YES', 'Environmental'),
(701, '2024-06-29 19:50:41', 108, 4, 1, 'NO', 'Environmental'),
(702, '2024-06-29 19:50:41', 108, 13, 1, 'YES', 'Governance'),
(703, '2024-06-29 19:50:41', 108, 16, 1, 'YES', 'Governance'),
(704, '2024-06-29 19:50:41', 108, 7, 1, 'NO', 'Social'),
(705, '2024-06-29 19:50:41', 108, 9, 1, 'YES', 'Social'),
(706, '2024-06-29 19:50:41', 108, 12, 1, 'YES', 'Social'),
(707, '2024-06-29 19:52:15', 109, 1, 1, 'YES', 'Environmental'),
(708, '2024-06-29 19:52:15', 109, 4, 1, 'NO', 'Environmental'),
(709, '2024-06-29 19:52:15', 109, 13, 1, 'YES', 'Governance'),
(710, '2024-06-29 19:52:15', 109, 16, 1, 'NO', 'Governance'),
(711, '2024-06-29 19:52:15', 109, 7, 1, 'YES', 'Social'),
(712, '2024-06-29 19:52:15', 109, 9, 1, 'NO', 'Social'),
(713, '2024-06-29 19:52:15', 109, 12, 1, 'YES', 'Social');

-- --------------------------------------------------------

--
-- Table structure for table `hc_tr_analysis_calc`
--

CREATE TABLE `hc_tr_analysis_calc` (
  `id` int(11) NOT NULL,
  `part` varchar(255) DEFAULT NULL,
  `score` int(11) DEFAULT NULL,
  `original_id` int(11) DEFAULT NULL,
  `assessment_id` int(11) DEFAULT NULL
) ENGINE=InnoDB DEFAULT CHARSET=utf8mb4 COLLATE=utf8mb4_general_ci;

--
-- Dumping data for table `hc_tr_analysis_calc`
--

INSERT INTO `hc_tr_analysis_calc` (`id`, `part`, `score`, `original_id`, `assessment_id`) VALUES
(400, 'Environmental', 1, 472, 59),
(401, 'Environmental', 1, 473, 59),
(402, 'Governance', 1, 474, 59),
(403, 'Governance', 1, 475, 59),
(404, 'Social', 1, 476, 59),
(405, 'Social', 1, 477, 59),
(406, 'Social', 1, 478, 59),
(407, 'Environmental', 1, 479, 60),
(408, 'Environmental', 1, 480, 60),
(409, 'Governance', 1, 481, 60),
(410, 'Social', 1, 482, 60),
(411, 'Environmental', 0, 483, 61),
(412, 'Environmental', 1, 484, 61),
(413, 'Governance', 0, 485, 61),
(414, 'Social', 1, 486, 61),
(415, 'Environmental', 1, 487, 62),
(416, 'Governance', 0, 488, 62),
(417, 'Social', 1, 489, 62),
(418, 'Social', 1, 490, 62),
(419, 'Social', 1, 491, 62),
(420, 'Environmental', 1, 492, 63),
(421, 'Governance', 0, 493, 63),
(422, 'Social', 0, 494, 63),
(423, 'Social', 1, 495, 63),
(424, 'Social', 0, 496, 63),
(425, 'Environmental', 0, 497, 64),
(426, 'Environmental', 0, 498, 64),
(427, 'Governance', 1, 499, 64),
(428, 'Governance', 1, 500, 64),
(429, 'Social', 0, 501, 64),
(430, 'Social', 1, 502, 64),
(431, 'Social', 1, 503, 64),
(432, 'Environmental', 1, 504, 65),
(433, 'Environmental', 0, 505, 65),
(434, 'Governance', 1, 506, 65),
(435, 'Governance', 1, 507, 65),
(436, 'Social', 0, 508, 65),
(437, 'Social', 1, 509, 65),
(438, 'Social', 1, 510, 65),
(439, 'Environmental', 1, 511, 66),
(440, 'Environmental', 1, 512, 66),
(441, 'Governance', 0, 513, 66),
(442, 'Social', 0, 514, 66),
(443, 'Environmental', 1, 515, 67),
(444, 'Governance', 1, 516, 67),
(445, 'Social', 1, 517, 67),
(446, 'Social', 1, 518, 67),
(447, 'Social', 1, 519, 67),
(448, 'Environmental', 0, 520, 68),
(449, 'Environmental', 1, 521, 68),
(450, 'Governance', 0, 522, 68),
(451, 'Governance', 1, 523, 68),
(452, 'Social', 1, 524, 68),
(453, 'Social', 0, 525, 68),
(454, 'Social', 0, 526, 68),
(455, 'Environmental', 0, 527, 71),
(456, 'Environmental', 1, 528, 71),
(457, 'Governance', 0, 529, 71),
(458, 'Governance', 0, 530, 71),
(459, 'Social', 1, 531, 71),
(460, 'Social', 0, 532, 71),
(461, 'Social', 0, 533, 71),
(462, 'Environmental', 1, 534, 72),
(463, 'Environmental', 1, 535, 72),
(464, 'Governance', 1, 536, 72),
(465, 'Governance', 0, 537, 72),
(466, 'Social', 1, 538, 72),
(467, 'Social', 1, 539, 72),
(468, 'Social', 0, 540, 72),
(469, 'Environmental', 1, 541, 74),
(470, 'Environmental', 1, 542, 74),
(471, 'Governance', 1, 543, 74),
(472, 'Social', 1, 544, 74),
(473, 'Environmental', 0, 545, 76),
(474, 'Environmental', 1, 546, 76),
(475, 'Governance', 0, 547, 76),
(476, 'Social', 0, 548, 76),
(477, 'Environmental', 0, 549, 78),
(478, 'Environmental', 0, 550, 78),
(479, 'Governance', 0, 551, 78),
(480, 'Social', 0, 552, 78),
(481, 'Environmental', 0, 553, 79),
(482, 'Governance', 0, 554, 79),
(483, 'Social', 1, 555, 79),
(484, 'Social', 1, 556, 79),
(485, 'Social', 1, 557, 79),
(486, 'Environmental', 1, 558, 81),
(487, 'Governance', 1, 559, 81),
(488, 'Social', 1, 560, 81),
(489, 'Social', 0, 561, 81),
(490, 'Social', 1, 562, 81),
(491, 'Environmental', 1, 563, 82),
(492, 'Governance', 0, 564, 82),
(493, 'Social', 1, 565, 82),
(494, 'Social', 1, 566, 82),
(495, 'Social', 1, 567, 82),
(496, 'Environmental', 0, 568, 83),
(497, 'Governance', 1, 569, 83),
(498, 'Social', 0, 570, 83),
(499, 'Social', 1, 571, 83),
(500, 'Social', 1, 572, 83),
(501, 'Environmental', 0, 573, 85),
(502, 'Environmental', 1, 574, 85),
(503, 'Governance', 1, 575, 85),
(504, 'Governance', 1, 576, 85),
(505, 'Social', 0, 577, 85),
(506, 'Social', 1, 578, 85),
(507, 'Social', 0, 579, 85),
(508, 'Environmental', 0, 580, 86),
(509, 'Environmental', 1, 581, 86),
(510, 'Governance', 1, 582, 86),
(511, 'Governance', 1, 583, 86),
(512, 'Social', 0, 584, 86),
(513, 'Social', 0, 585, 86),
(514, 'Social', 0, 586, 86),
(515, 'Environmental', 0, 587, 87),
(516, 'Environmental', 1, 588, 87),
(517, 'Governance', 1, 589, 87),
(518, 'Governance', 1, 590, 87),
(519, 'Social', 0, 591, 87),
(520, 'Social', 0, 592, 87),
(521, 'Social', 1, 593, 87),
(522, 'Environmental', 0, 594, 88),
(523, 'Environmental', 1, 595, 88),
(524, 'Governance', 0, 596, 88),
(525, 'Governance', 1, 597, 88),
(526, 'Social', 1, 598, 88),
(527, 'Social', 0, 599, 88),
(528, 'Social', 1, 600, 88),
(529, 'Environmental', 1, 601, 92),
(530, 'Environmental', 1, 602, 92),
(531, 'Governance', 1, 603, 92),
(532, 'Social', 1, 604, 92),
(533, 'Environmental', 1, 605, 93),
(534, 'Environmental', 0, 606, 93),
(535, 'Governance', 0, 607, 93),
(536, 'Social', 1, 608, 93),
(537, 'Environmental', 1, 609, 95),
(538, 'Environmental', 0, 610, 95),
(539, 'Governance', 1, 611, 95),
(540, 'Governance', 1, 612, 95),
(541, 'Social', 0, 613, 95),
(542, 'Social', 0, 614, 95),
(543, 'Social', 1, 615, 95),
(544, 'Environmental', 1, 616, 96),
(545, 'Environmental', 1, 617, 96),
(546, 'Governance', 0, 618, 96),
(547, 'Governance', 1, 619, 96),
(548, 'Social', 1, 620, 96),
(549, 'Social', 0, 621, 96),
(550, 'Social', 1, 622, 96),
(551, 'Environmental', 1, 623, 98),
(552, 'Environmental', 1, 624, 98),
(553, 'Governance', 0, 625, 98),
(554, 'Governance', 0, 626, 98),
(555, 'Social', 1, 627, 98),
(556, 'Social', 1, 628, 98),
(557, 'Social', 1, 629, 98),
(558, 'Environmental', 1, 630, 99),
(559, 'Environmental', 1, 631, 99),
(560, 'Governance', 0, 632, 99),
(561, 'Governance', 0, 633, 99),
(562, 'Social', 1, 634, 99),
(563, 'Social', 1, 635, 99),
(564, 'Social', 1, 636, 99),
(565, 'Environmental', 1, 637, 101),
(566, 'Environmental', 0, 638, 101),
(567, 'Governance', 1, 639, 101),
(568, 'Governance', 1, 640, 101),
(569, 'Social', 0, 641, 101),
(570, 'Social', 1, 642, 101),
(571, 'Social', 1, 643, 101),
(572, 'Environmental', 1, 637, 101),
(573, 'Environmental', 0, 638, 101),
(574, 'Governance', 1, 639, 101),
(575, 'Governance', 1, 640, 101),
(576, 'Social', 0, 641, 101),
(577, 'Social', 1, 642, 101),
(578, 'Social', 1, 643, 101),
(579, 'Environmental', 1, 644, 101),
(580, 'Environmental', 0, 645, 101),
(581, 'Governance', 1, 646, 101),
(582, 'Governance', 1, 647, 101),
(583, 'Social', 0, 648, 101),
(584, 'Social', 1, 649, 101),
(585, 'Social', 1, 650, 101),
(586, 'Environmental', 1, 637, 101),
(587, 'Environmental', 0, 638, 101),
(588, 'Governance', 1, 639, 101),
(589, 'Governance', 1, 640, 101),
(590, 'Social', 0, 641, 101),
(591, 'Social', 1, 642, 101),
(592, 'Social', 1, 643, 101),
(593, 'Environmental', 1, 644, 101),
(594, 'Environmental', 0, 645, 101),
(595, 'Governance', 1, 646, 101),
(596, 'Governance', 1, 647, 101),
(597, 'Social', 0, 648, 101),
(598, 'Social', 1, 649, 101),
(599, 'Social', 1, 650, 101),
(600, 'Environmental', 1, 651, 101),
(601, 'Environmental', 0, 652, 101),
(602, 'Governance', 0, 653, 101),
(603, 'Governance', 0, 654, 101),
(604, 'Social', 0, 655, 101),
(605, 'Social', 1, 656, 101),
(606, 'Social', 1, 657, 101),
(607, 'Environmental', 1, 658, 102),
(608, 'Environmental', 0, 659, 102),
(609, 'Governance', 0, 660, 102),
(610, 'Governance', 0, 661, 102),
(611, 'Social', 0, 662, 102),
(612, 'Social', 1, 663, 102),
(613, 'Social', 1, 664, 102),
(614, 'Environmental', 1, 665, 103),
(615, 'Environmental', 0, 666, 103),
(616, 'Governance', 0, 667, 103),
(617, 'Governance', 0, 668, 103),
(618, 'Social', 0, 669, 103),
(619, 'Social', 1, 670, 103),
(620, 'Social', 1, 671, 103),
(621, 'Environmental', 1, 672, 104),
(622, 'Environmental', 0, 673, 104),
(623, 'Governance', 0, 674, 104),
(624, 'Governance', 0, 675, 104),
(625, 'Social', 0, 676, 104),
(626, 'Social', 1, 677, 104),
(627, 'Social', 1, 678, 104),
(628, 'Environmental', 1, 679, 105),
(629, 'Environmental', 0, 680, 105),
(630, 'Governance', 0, 681, 105),
(631, 'Governance', 0, 682, 105),
(632, 'Social', 0, 683, 105),
(633, 'Social', 1, 684, 105),
(634, 'Social', 1, 685, 105),
(635, 'Environmental', 1, 686, 106),
(636, 'Environmental', 0, 687, 106),
(637, 'Governance', 0, 688, 106),
(638, 'Governance', 0, 689, 106),
(639, 'Social', 0, 690, 106),
(640, 'Social', 1, 691, 106),
(641, 'Social', 1, 692, 106),
(642, 'Environmental', 1, 693, 107),
(643, 'Environmental', 0, 694, 107),
(644, 'Governance', 0, 695, 107),
(645, 'Governance', 0, 696, 107),
(646, 'Social', 0, 697, 107),
(647, 'Social', 1, 698, 107),
(648, 'Social', 1, 699, 107),
(649, 'Environmental', 1, 700, 108),
(650, 'Environmental', 0, 701, 108),
(651, 'Governance', 1, 702, 108),
(652, 'Governance', 1, 703, 108),
(653, 'Social', 0, 704, 108),
(654, 'Social', 1, 705, 108),
(655, 'Social', 1, 706, 108),
(656, 'Environmental', 1, 707, 109),
(657, 'Environmental', 0, 708, 109),
(658, 'Governance', 1, 709, 109),
(659, 'Governance', 0, 710, 109),
(660, 'Social', 1, 711, 109),
(661, 'Social', 0, 712, 109),
(662, 'Social', 1, 713, 109);

-- --------------------------------------------------------

--
-- Table structure for table `hc_tr_analysis_overall`
--

CREATE TABLE `hc_tr_analysis_overall` (
  `id` int(11) NOT NULL,
  `assessment_id` int(11) DEFAULT NULL,
  `part` varchar(255) NOT NULL,
  `overall_score` int(11) NOT NULL,
  `percentage_score` float NOT NULL,
  `category` varchar(255) NOT NULL
) ENGINE=InnoDB DEFAULT CHARSET=utf8mb4 COLLATE=utf8mb4_general_ci;

--
-- Dumping data for table `hc_tr_analysis_overall`
--

INSERT INTO `hc_tr_analysis_overall` (`id`, `assessment_id`, `part`, `overall_score`, `percentage_score`, `category`) VALUES
(34, 59, 'Environmental', 2, 100, 'Mature'),
(35, 59, 'Governance', 2, 100, 'Mature'),
(36, 59, 'Social', 3, 100, 'Mature'),
(37, 60, 'Environmental', 2, 100, 'Mature'),
(38, 60, 'Governance', 1, 100, 'Mature'),
(39, 60, 'Social', 1, 100, 'Mature'),
(40, 61, 'Environmental', 1, 50, 'Emerging'),
(41, 61, 'Governance', 0, 0, 'Startup'),
(42, 61, 'Social', 1, 100, 'Mature'),
(43, 62, 'Environmental', 1, 100, 'Mature'),
(44, 62, 'Governance', 0, 0, 'Startup'),
(45, 62, 'Social', 3, 100, 'Mature'),
(46, 63, 'Environmental', 1, 100, 'Mature'),
(47, 63, 'Governance', 0, 0, 'Startup'),
(48, 63, 'Social', 1, 33.3333, 'Startup'),
(49, 64, 'Environmental', 0, 0, 'Startup'),
(50, 64, 'Governance', 2, 100, 'Mature'),
(51, 64, 'Social', 2, 66.6667, 'Emerging'),
(52, 65, 'Environmental', 1, 50, 'Emerging'),
(53, 65, 'Governance', 2, 100, 'Mature'),
(54, 65, 'Social', 2, 66.6667, 'Emerging'),
(55, 66, 'Environmental', 2, 100, 'Mature'),
(56, 66, 'Governance', 0, 0, 'Startup'),
(57, 66, 'Social', 0, 0, 'Startup'),
(58, 67, 'Environmental', 1, 100, 'Mature'),
(59, 67, 'Governance', 1, 100, 'Mature'),
(60, 67, 'Social', 3, 100, 'Mature'),
(61, 68, 'Environmental', 1, 50, 'Emerging'),
(62, 68, 'Governance', 1, 50, 'Emerging'),
(63, 68, 'Social', 1, 33.3333, 'Startup'),
(64, 71, 'Environmental', 1, 50, 'Emerging'),
(65, 71, 'Governance', 0, 0, 'Startup'),
(66, 71, 'Social', 1, 33.3333, 'Startup'),
(67, 72, 'Environmental', 2, 100, 'Mature'),
(68, 72, 'Governance', 1, 50, 'Emerging'),
(69, 72, 'Social', 2, 66.6667, 'Emerging'),
(70, 74, 'Environmental', 2, 100, 'Mature'),
(71, 74, 'Governance', 1, 100, 'Mature'),
(72, 74, 'Social', 1, 100, 'Mature'),
(73, 76, 'Environmental', 1, 50, 'Emerging'),
(74, 76, 'Governance', 0, 0, 'Startup'),
(75, 76, 'Social', 0, 0, 'Startup'),
(76, 78, 'Environmental', 0, 0, 'Startup'),
(77, 78, 'Governance', 0, 0, 'Startup'),
(78, 78, 'Social', 0, 0, 'Startup'),
(79, 79, 'Environmental', 0, 0, 'Startup'),
(80, 79, 'Governance', 0, 0, 'Startup'),
(81, 79, 'Social', 3, 100, 'Mature'),
(82, 81, 'Environmental', 1, 100, 'Mature'),
(83, 81, 'Governance', 1, 100, 'Mature'),
(84, 81, 'Social', 2, 66.6667, 'Emerging'),
(85, 82, 'Environmental', 1, 100, 'Mature'),
(86, 82, 'Governance', 0, 0, 'Startup'),
(87, 82, 'Social', 3, 100, 'Mature'),
(88, 83, 'Environmental', 0, 0, 'Startup'),
(89, 83, 'Governance', 1, 100, 'Mature'),
(90, 83, 'Social', 2, 66.6667, 'Emerging'),
(91, 85, 'Environmental', 1, 50, 'Emerging'),
(92, 85, 'Governance', 2, 100, 'Mature'),
(93, 85, 'Social', 1, 33.3333, 'Startup'),
(94, 86, 'Environmental', 1, 50, 'Emerging'),
(95, 86, 'Governance', 2, 100, 'Mature'),
(96, 86, 'Social', 0, 0, 'Startup'),
(97, 87, 'Environmental', 1, 50, 'Emerging'),
(98, 87, 'Governance', 2, 100, 'Mature'),
(99, 87, 'Social', 1, 33.3333, 'Startup'),
(100, 88, 'Environmental', 1, 50, 'Emerging'),
(101, 88, 'Governance', 1, 50, 'Emerging'),
(102, 88, 'Social', 2, 66.6667, 'Emerging'),
(103, 92, 'Environmental', 2, 100, 'Mature'),
(104, 92, 'Governance', 1, 100, 'Mature'),
(105, 92, 'Social', 1, 100, 'Mature'),
(106, 93, 'Environmental', 1, 50, 'Emerging'),
(107, 93, 'Governance', 0, 0, 'Startup'),
(108, 93, 'Social', 1, 100, 'Mature'),
(109, 95, 'Environmental', 1, 50, 'Emerging'),
(110, 95, 'Governance', 2, 100, 'Mature'),
(111, 95, 'Social', 1, 33.3333, 'Startup'),
(112, 96, 'Environmental', 2, 100, 'Mature'),
(113, 96, 'Governance', 1, 50, 'Emerging'),
(114, 96, 'Social', 2, 66.6667, 'Emerging'),
(115, 98, 'Environmental', 2, 100, 'Mature'),
(116, 98, 'Governance', 0, 0, 'Startup'),
(117, 98, 'Social', 3, 100, 'Mature'),
(118, 99, 'Environmental', 2, 100, 'Mature'),
(119, 99, 'Governance', 0, 0, 'Startup'),
(120, 99, 'Social', 3, 100, 'Mature'),
(121, 101, 'Environmental', 1, 50, 'Emerging'),
(122, 101, 'Governance', 2, 100, 'Mature'),
(123, 101, 'Social', 2, 66.6667, 'Emerging'),
(124, 101, 'Environmental', 3, 50, 'Emerging'),
(125, 101, 'Governance', 6, 100, 'Mature'),
(126, 101, 'Social', 6, 66.6667, 'Emerging'),
(127, 101, 'Environmental', 6, 50, 'Emerging'),
(128, 101, 'Governance', 10, 83.3333, 'Mature'),
(129, 101, 'Social', 12, 66.6667, 'Emerging'),
(130, 102, 'Environmental', 1, 50, 'Emerging'),
(131, 102, 'Governance', 0, 0, 'Startup'),
(132, 102, 'Social', 2, 66.6667, 'Emerging'),
(133, 103, 'Environmental', 1, 50, 'Emerging'),
(134, 103, 'Governance', 0, 0, 'Startup'),
(135, 103, 'Social', 2, 66.6667, 'Emerging'),
(136, 104, 'Environmental', 1, 50, 'Emerging'),
(137, 104, 'Governance', 0, 0, 'Startup'),
(138, 104, 'Social', 2, 66.6667, 'Emerging'),
(139, 105, 'Environmental', 1, 50, 'Emerging'),
(140, 105, 'Governance', 0, 0, 'Startup'),
(141, 105, 'Social', 2, 66.6667, 'Emerging'),
(142, 106, 'Environmental', 1, 50, 'Emerging'),
(143, 106, 'Governance', 0, 0, 'Startup'),
(144, 106, 'Social', 2, 66.6667, 'Emerging'),
(145, 107, 'Environmental', 1, 50, 'Emerging'),
(146, 107, 'Governance', 0, 0, 'Startup'),
(147, 107, 'Social', 2, 66.6667, 'Emerging'),
(148, 108, 'Environmental', 1, 50, 'Emerging'),
(149, 108, 'Governance', 2, 100, 'Mature'),
(150, 108, 'Social', 2, 66.6667, 'Emerging'),
(151, 109, 'Environmental', 1, 50, 'Emerging'),
(152, 109, 'Governance', 1, 50, 'Emerging'),
(153, 109, 'Social', 2, 66.6667, 'Emerging');

-- --------------------------------------------------------

--
-- Table structure for table `ma_mt`
--

CREATE TABLE `ma_mt` (
  `question_id` bigint(20) UNSIGNED NOT NULL,
  `question_text` varchar(255) DEFAULT NULL,
  `response_type` varchar(50) DEFAULT NULL,
  `part` varchar(50) DEFAULT NULL,
  `industry` varchar(50) DEFAULT NULL
) ENGINE=InnoDB DEFAULT CHARSET=utf8mb4 COLLATE=utf8mb4_general_ci;

--
-- Dumping data for table `ma_mt`
--

INSERT INTO `ma_mt` (`question_id`, `question_text`, `response_type`, `part`, `industry`) VALUES
(1, 'How important is it to you that the company reduces its greenhouse gas emissions?', 'RANGE', 'Environmental', 'Finance'),
(2, 'How important is it to you that the company invests in renewable energy sources?', 'RANGE', 'Environmental', 'Healthcare'),
(3, 'How effectively should the company implement water conservation practices?', 'TEXT', 'Environmental', 'Finance'),
(4, 'What measures should the company take to improve energy efficiency in manufacturing processes?', 'TEXT', 'Environmental', 'Manufacturing'),
(5, 'How significant is it for the company to minimize hazardous waste and ensure proper disposal?', 'TEXT', 'Environmental', 'Healthcare'),
(6, 'What concerns do you have regarding air pollution caused by the company\'s manufacturing activities?', 'TEXT', 'Environmental', 'Manufacturing'),
(7, 'How important is employee health and safety to you?', 'RANGE', 'Social', 'Healthcare'),
(8, 'How important is it for the company to provide ongoing training and development opportunities for employees?', 'RANGE', 'Social', 'Healthcare'),
(9, 'How should the company address gender equality within its workforce?', 'TEXT', 'Social', 'Finance'),
(10, 'What initiatives should the company undertake to promote cultural diversity and inclusion?', 'TEXT', 'Social', 'Manufacturing'),
(11, 'What role should the company play in supporting local educational programs?', 'TEXT', 'Social', 'Manufacturing'),
(12, 'How should the company engage with and support local small businesses?', 'TEXT', 'Social', 'Finance'),
(13, 'How important is transparency in the company’s governance practices?', 'RANGE', 'Governance', 'Finance'),
(14, 'How important is it for the company to have an independent board of directors?', 'RANGE', 'Governance', 'Manufacturing'),
(15, 'How should the company ensure ethical sourcing of raw materials?', 'TEXT', 'Governance', 'Manufacturing'),
(16, 'What are your expectations for the company’s efforts in combating corruption and bribery?', 'TEXT', 'Governance', 'Healthcare'),
(17, 'How critical is it for the company to stay ahead of environmental regulations in its industry?', 'RANGE', 'Governance', 'Finance'),
(18, 'What measures should the company take to ensure compliance with labor laws and standards?', 'RANGE', 'Governance', 'Manufacturing'),
(29, 'What measures should the company take to ensure compliance with labor laws and standards?', 'RANGE', 'Governance', 'Healthcare');

-- --------------------------------------------------------

--
-- Table structure for table `ma_tr`
--

CREATE TABLE `ma_tr` (
  `response_id` int(11) NOT NULL,
  `assessment_id` int(11) NOT NULL,
  `question_id` bigint(20) UNSIGNED NOT NULL,
  `user_id` int(11) NOT NULL,
  `response` varchar(50) NOT NULL,
  `response_date` datetime NOT NULL,
  `part` varchar(20) NOT NULL
) ENGINE=InnoDB DEFAULT CHARSET=utf8mb4 COLLATE=utf8mb4_general_ci;

--
-- Dumping data for table `ma_tr`
--

INSERT INTO `ma_tr` (`response_id`, `assessment_id`, `question_id`, `user_id`, `response`, `response_date`, `part`) VALUES
(407, 70, 4, 1, 'measures 1', '2024-06-20 09:24:04', 'Environmental'),
(408, 70, 6, 1, 'No concerns', '2024-06-20 09:24:04', 'Social'),
(409, 70, 14, 1, '10', '2024-06-20 09:24:04', 'Governance'),
(410, 70, 15, 1, 'ensure ethical source', '2024-06-20 09:24:04', 'Governance'),
(411, 70, 18, 1, '10', '2024-06-20 09:24:04', 'Unknown'),
(412, 70, 10, 1, 'take initiatives', '2024-06-20 09:24:04', 'Social'),
(413, 70, 11, 1, 'role to support local educational programs', '2024-06-20 09:24:04', 'Social'),
(414, 73, 1, 10, '10', '2024-06-20 09:25:32', 'Environmental'),
(415, 73, 3, 10, 'very effective', '2024-06-20 09:25:32', 'Environmental'),
(416, 73, 13, 10, '1', '2024-06-20 09:25:32', 'Governance'),
(417, 73, 17, 10, '10', '2024-06-20 09:25:32', 'Unknown'),
(418, 73, 9, 10, 'address gender equality', '2024-06-20 09:25:32', 'Social'),
(419, 73, 12, 10, 'support sme', '2024-06-20 09:25:32', 'Social'),
(420, 75, 1, 10, '10', '2024-06-20 09:27:17', 'Environmental'),
(421, 75, 3, 10, 'somehow effective', '2024-06-20 09:27:17', 'Environmental'),
(422, 75, 13, 10, '1', '2024-06-20 09:27:17', 'Governance'),
(423, 75, 17, 10, '10', '2024-06-20 09:27:17', 'Unknown'),
(424, 75, 9, 10, 'address gender equality', '2024-06-20 09:27:17', 'Social'),
(425, 75, 12, 10, 'support sme', '2024-06-20 09:27:17', 'Social'),
(426, 77, 1, 11, '10', '2024-06-20 09:28:47', 'Environmental'),
(427, 77, 3, 11, 'very effective', '2024-06-20 09:28:47', 'Environmental'),
(428, 77, 13, 11, '1', '2024-06-20 09:28:47', 'Governance'),
(429, 77, 17, 11, '10', '2024-06-20 09:28:47', 'Unknown'),
(430, 77, 9, 11, 'address it', '2024-06-20 09:28:47', 'Social'),
(431, 77, 12, 11, 'engage it', '2024-06-20 09:28:47', 'Social'),
(432, 80, 2, 12, '10', '2024-06-20 09:29:48', 'Environmental'),
(433, 80, 5, 12, 'very significant', '2024-06-20 09:29:48', 'Environmental'),
(434, 80, 16, 12, 'high', '2024-06-20 09:29:48', 'Governance'),
(435, 80, 29, 12, '10', '2024-06-20 09:29:48', 'Unknown'),
(436, 80, 7, 12, '1', '2024-06-20 09:29:48', 'Social'),
(437, 80, 8, 12, '10', '2024-06-20 09:29:48', 'Social'),
(438, 84, 4, 14, 'measure 2', '2024-06-20 09:32:12', 'Environmental'),
(439, 84, 6, 14, 'concern 1', '2024-06-20 09:32:12', 'Social'),
(440, 84, 14, 14, '10', '2024-06-20 09:32:12', 'Governance'),
(441, 84, 15, 14, 'purchase raw material', '2024-06-20 09:32:12', 'Governance'),
(442, 84, 18, 14, '10', '2024-06-20 09:32:12', 'Unknown'),
(443, 84, 10, 14, 'initiative 1', '2024-06-20 09:32:12', 'Social'),
(444, 84, 11, 14, 'main char', '2024-06-20 09:32:12', 'Social'),
(445, 89, 4, 15, 'm1', '2024-06-20 09:33:32', 'Environmental'),
(446, 89, 6, 15, 'c1', '2024-06-20 09:33:32', 'Social'),
(447, 89, 14, 15, '1', '2024-06-20 09:33:32', 'Governance'),
(448, 89, 15, 15, 'rm1', '2024-06-20 09:33:32', 'Governance'),
(449, 89, 18, 15, '10', '2024-06-20 09:33:32', 'Unknown'),
(450, 89, 10, 15, 'i1', '2024-06-20 09:33:32', 'Social'),
(451, 89, 11, 15, 'r2', '2024-06-20 09:33:32', 'Social'),
(452, 90, 2, 17, '1', '2024-06-20 09:34:06', 'Environmental'),
(453, 90, 5, 17, 's1', '2024-06-20 09:34:06', 'Environmental'),
(454, 90, 16, 17, 'high', '2024-06-20 09:34:06', 'Governance'),
(455, 90, 29, 17, '10', '2024-06-20 09:34:06', 'Unknown'),
(456, 90, 7, 17, '1', '2024-06-20 09:34:06', 'Social'),
(457, 90, 8, 17, '10', '2024-06-20 09:34:06', 'Social'),
(458, 91, 2, 17, '10', '2024-06-20 09:34:25', 'Environmental'),
(459, 91, 5, 17, 'very sig', '2024-06-20 09:34:25', 'Environmental'),
(460, 91, 16, 17, 'low expectation', '2024-06-20 09:34:25', 'Governance'),
(461, 91, 29, 17, '10', '2024-06-20 09:34:25', 'Unknown'),
(462, 91, 7, 17, '1', '2024-06-20 09:34:25', 'Social'),
(463, 91, 8, 17, '10', '2024-06-20 09:34:25', 'Social'),
(464, 94, 1, 16, '1', '2024-06-20 09:36:33', 'Environmental'),
(465, 94, 3, 16, 'least', '2024-06-20 09:36:33', 'Environmental'),
(466, 94, 13, 16, '10', '2024-06-20 09:36:33', 'Governance'),
(467, 94, 17, 16, '1', '2024-06-20 09:36:33', 'Unknown'),
(468, 94, 9, 16, 'address gender equality', '2024-06-20 09:36:33', 'Social'),
(469, 94, 12, 16, 'engage', '2024-06-20 09:36:33', 'Social'),
(470, 97, 4, 18, 'measure1', '2024-06-20 09:37:41', 'Environmental'),
(471, 97, 6, 18, 'concern', '2024-06-20 09:37:41', 'Social'),
(472, 97, 14, 18, '10', '2024-06-20 09:37:41', 'Governance'),
(473, 97, 15, 18, 'ensure', '2024-06-20 09:37:41', 'Governance'),
(474, 97, 18, 18, '2', '2024-06-20 09:37:41', 'Unknown'),
(475, 97, 10, 18, 'i1', '2024-06-20 09:37:41', 'Social'),
(476, 97, 11, 18, 'role1', '2024-06-20 09:37:41', 'Social');

-- --------------------------------------------------------

--
-- Table structure for table `ma_tr_analysis`
--

CREATE TABLE `ma_tr_analysis` (
  `response_id` int(11) NOT NULL,
  `assessment_id` int(11) NOT NULL,
  `question_id` bigint(20) UNSIGNED NOT NULL,
  `user_id` int(11) NOT NULL,
  `response` varchar(50) NOT NULL,
  `response_date` datetime NOT NULL,
  `part` varchar(20) NOT NULL
) ENGINE=InnoDB DEFAULT CHARSET=utf8mb4 COLLATE=utf8mb4_general_ci;

--
-- Dumping data for table `ma_tr_analysis`
--

INSERT INTO `ma_tr_analysis` (`response_id`, `assessment_id`, `question_id`, `user_id`, `response`, `response_date`, `part`) VALUES
(343, 70, 4, 1, 'measures 1', '2024-06-20 09:24:04', 'Environmental'),
(344, 70, 6, 1, 'No concerns', '2024-06-20 09:24:04', 'Social'),
(345, 70, 14, 1, '10', '2024-06-20 09:24:04', 'Governance'),
(346, 70, 15, 1, 'ensure ethical source', '2024-06-20 09:24:04', 'Governance'),
(347, 70, 18, 1, '10', '2024-06-20 09:24:04', 'Unknown'),
(348, 70, 10, 1, 'take initiatives', '2024-06-20 09:24:04', 'Social'),
(349, 70, 11, 1, 'role to support local educational programs', '2024-06-20 09:24:04', 'Social'),
(350, 73, 1, 10, '10', '2024-06-20 09:25:32', 'Environmental'),
(351, 73, 3, 10, 'very effective', '2024-06-20 09:25:32', 'Environmental'),
(352, 73, 13, 10, '1', '2024-06-20 09:25:32', 'Governance'),
(353, 73, 17, 10, '10', '2024-06-20 09:25:32', 'Unknown'),
(354, 73, 9, 10, 'address gender equality', '2024-06-20 09:25:32', 'Social'),
(355, 73, 12, 10, 'support sme', '2024-06-20 09:25:32', 'Social'),
(356, 75, 1, 10, '10', '2024-06-20 09:27:17', 'Environmental'),
(357, 75, 3, 10, 'somehow effective', '2024-06-20 09:27:17', 'Environmental'),
(358, 75, 13, 10, '1', '2024-06-20 09:27:17', 'Governance'),
(359, 75, 17, 10, '10', '2024-06-20 09:27:17', 'Unknown'),
(360, 75, 9, 10, 'address gender equality', '2024-06-20 09:27:17', 'Social'),
(361, 75, 12, 10, 'support sme', '2024-06-20 09:27:17', 'Social'),
(362, 77, 1, 11, '10', '2024-06-20 09:28:47', 'Environmental'),
(363, 77, 3, 11, 'very effective', '2024-06-20 09:28:47', 'Environmental'),
(364, 77, 13, 11, '1', '2024-06-20 09:28:47', 'Governance'),
(365, 77, 17, 11, '10', '2024-06-20 09:28:47', 'Unknown'),
(366, 77, 9, 11, 'address it', '2024-06-20 09:28:47', 'Social'),
(367, 77, 12, 11, 'engage it', '2024-06-20 09:28:47', 'Social'),
(368, 80, 2, 12, '10', '2024-06-20 09:29:48', 'Environmental'),
(369, 80, 5, 12, 'very significant', '2024-06-20 09:29:48', 'Environmental'),
(370, 80, 16, 12, 'high', '2024-06-20 09:29:48', 'Governance'),
(371, 80, 29, 12, '10', '2024-06-20 09:29:48', 'Unknown'),
(372, 80, 7, 12, '1', '2024-06-20 09:29:48', 'Social'),
(373, 80, 8, 12, '10', '2024-06-20 09:29:48', 'Social'),
(374, 84, 4, 14, 'measure 2', '2024-06-20 09:32:12', 'Environmental'),
(375, 84, 6, 14, 'concern 1', '2024-06-20 09:32:12', 'Social'),
(376, 84, 14, 14, '10', '2024-06-20 09:32:12', 'Governance'),
(377, 84, 15, 14, 'purchase raw material', '2024-06-20 09:32:12', 'Governance'),
(378, 84, 18, 14, '10', '2024-06-20 09:32:12', 'Unknown'),
(379, 84, 10, 14, 'initiative 1', '2024-06-20 09:32:12', 'Social'),
(380, 84, 11, 14, 'main char', '2024-06-20 09:32:12', 'Social'),
(381, 89, 4, 15, 'm1', '2024-06-20 09:33:32', 'Environmental'),
(382, 89, 6, 15, 'c1', '2024-06-20 09:33:32', 'Social'),
(383, 89, 14, 15, '1', '2024-06-20 09:33:32', 'Governance'),
(384, 89, 15, 15, 'rm1', '2024-06-20 09:33:32', 'Governance'),
(385, 89, 18, 15, '10', '2024-06-20 09:33:32', 'Unknown'),
(386, 89, 10, 15, 'i1', '2024-06-20 09:33:32', 'Social'),
(387, 89, 11, 15, 'r2', '2024-06-20 09:33:32', 'Social'),
(388, 90, 2, 17, '1', '2024-06-20 09:34:06', 'Environmental'),
(389, 90, 5, 17, 's1', '2024-06-20 09:34:06', 'Environmental'),
(390, 90, 16, 17, 'high', '2024-06-20 09:34:06', 'Governance'),
(391, 90, 29, 17, '10', '2024-06-20 09:34:06', 'Unknown'),
(392, 90, 7, 17, '1', '2024-06-20 09:34:06', 'Social'),
(393, 90, 8, 17, '10', '2024-06-20 09:34:06', 'Social'),
(394, 91, 2, 17, '10', '2024-06-20 09:34:25', 'Environmental'),
(395, 91, 5, 17, 'very sig', '2024-06-20 09:34:25', 'Environmental'),
(396, 91, 16, 17, 'low expectation', '2024-06-20 09:34:25', 'Governance'),
(397, 91, 29, 17, '10', '2024-06-20 09:34:25', 'Unknown'),
(398, 91, 7, 17, '1', '2024-06-20 09:34:25', 'Social'),
(399, 91, 8, 17, '10', '2024-06-20 09:34:25', 'Social'),
(400, 94, 1, 16, '1', '2024-06-20 09:36:33', 'Environmental'),
(401, 94, 3, 16, 'least', '2024-06-20 09:36:33', 'Environmental'),
(402, 94, 13, 16, '10', '2024-06-20 09:36:33', 'Governance'),
(403, 94, 17, 16, '1', '2024-06-20 09:36:33', 'Unknown'),
(404, 94, 9, 16, 'address gender equality', '2024-06-20 09:36:33', 'Social'),
(405, 94, 12, 16, 'engage', '2024-06-20 09:36:33', 'Social'),
(406, 97, 4, 18, 'measure1', '2024-06-20 09:37:41', 'Environmental'),
(407, 97, 6, 18, 'concern', '2024-06-20 09:37:41', 'Social'),
(408, 97, 14, 18, '10', '2024-06-20 09:37:41', 'Governance'),
(409, 97, 15, 18, 'ensure', '2024-06-20 09:37:41', 'Governance'),
(410, 97, 18, 18, '2', '2024-06-20 09:37:41', 'Unknown'),
(411, 97, 10, 18, 'i1', '2024-06-20 09:37:41', 'Social'),
(412, 97, 11, 18, 'role1', '2024-06-20 09:37:41', 'Social');

-- --------------------------------------------------------

--
-- Table structure for table `users`
--

CREATE TABLE `users` (
  `user_id` int(11) NOT NULL,
  `email` varchar(255) NOT NULL,
  `password` varchar(255) NOT NULL,
  `created_at` timestamp NOT NULL DEFAULT current_timestamp(),
  `role` varchar(10) NOT NULL DEFAULT 'user'
) ENGINE=InnoDB DEFAULT CHARSET=utf8mb4 COLLATE=utf8mb4_general_ci;

--
-- Dumping data for table `users`
--

INSERT INTO `users` (`user_id`, `email`, `password`, `created_at`, `role`) VALUES
(1, 'test@abc.com', '$2y$10$sKWwfCDcXzImDqE5kddAuedUQlMyH/.X34fOqbsMQ702ZOO5RlGyi', '2024-06-15 12:28:44', 'user'),
(2, 'admin@abc.com', '$2y$10$CCvjEvpVj77LEVjIpSxciexmiohnuFTZhPd9fke0ZY3ab5XFxwptS', '2024-06-15 12:30:27', 'admin'),
(10, 'test1@abc.com', '$2y$10$bbTXspLmBRAmWOUdSfqdFOUAG.6YYDotkfQUEa8Xmy5TK99gNg4Ku', '2024-06-16 04:33:52', 'user'),
(11, 'test2@abc.com', '$2y$10$C8vlSQ36SC3YVyWEm8U4TujqU7hLiUVw5CDDsp7Yht/cIbfe7UezO', '2024-06-19 13:53:25', 'user'),
(12, 'test3@abc.com', '$2y$10$2TN0o4ZOwcpKJZRrMfaPtuJyUZbXHJGM.UaAXAbCSkfxe8r8UjaCK', '2024-06-19 13:53:51', 'user'),
(13, 'test4@abc.com', '$2y$10$.d3GJLaYIL0IG6CCDzqx3.2aZ8d.7Qs0Dt8cW1cgVEDJikcQwjZr2', '2024-06-19 13:54:05', 'user'),
(14, 'test5@abc.com', '$2y$10$q3pdPt3GbMtSQUEprphBXO.sE1Z2pclvgaA.zF3z1nKVT4ysJe8aK', '2024-06-19 15:50:57', 'user'),
(15, 'test6@abc.com', '$2y$10$ZLDXfTdBnRDX84HtEwHGYeh7TcAtRukEpMAxFGJgNAa6IkmLZ99UC', '2024-06-19 15:57:51', 'user'),
(16, 'test7@abc.com', '$2y$10$6sY0BAemEH7sjnDH9FC9Uu4IhjF8UgVdmZWZQBVngD3UsKDrNhqQa', '2024-06-19 15:59:43', 'user'),
(17, 'test8@abc.com', '$2y$10$3YdiDdBKz5xs5w8R3WNvh.uWk5Fs52uZTJXc2A/FJ0w5f7/l5oOE6', '2024-06-19 16:01:58', 'user'),
(18, 'test9@abc.com', '$2y$10$amJxbfNVr/LbnUDlvEmhKeKZkBmzPinWzsZo0wFeak3cEPRPsAKTq', '2024-06-19 16:03:04', 'user');

--
-- Indexes for dumped tables
--

--
-- Indexes for table `assessments`
--
ALTER TABLE `assessments`
  ADD PRIMARY KEY (`assessment_id`),
  ADD KEY `fk_user` (`user_id`);

--
-- Indexes for table `as_geninfo_pl`
--
ALTER TABLE `as_geninfo_pl`
  ADD PRIMARY KEY (`id`);

--
-- Indexes for table `consultation`
--
ALTER TABLE `consultation`
  ADD PRIMARY KEY (`consultation_id`),
  ADD KEY `assessment_id` (`assessment_id`),
  ADD KEY `user_id` (`user_id`);

--
-- Indexes for table `geninfo_mt`
--
ALTER TABLE `geninfo_mt`
  ADD PRIMARY KEY (`id`);

--
-- Indexes for table `geninfo_tr`
--
ALTER TABLE `geninfo_tr`
  ADD PRIMARY KEY (`id`),
  ADD KEY `fk_user_geninfo` (`user_id`);

--
-- Indexes for table `hc_mt`
--
ALTER TABLE `hc_mt`
  ADD PRIMARY KEY (`question_id`);

--
-- Indexes for table `hc_pl`
--
ALTER TABLE `hc_pl`
  ADD PRIMARY KEY (`id`);

--
-- Indexes for table `hc_tr`
--
ALTER TABLE `hc_tr`
  ADD PRIMARY KEY (`response_id`),
  ADD KEY `question_id` (`question_id`),
  ADD KEY `hc_tr_ibfk_1` (`assessment_id`);

--
-- Indexes for table `hc_tr_analysis`
--
ALTER TABLE `hc_tr_analysis`
  ADD PRIMARY KEY (`response_id`),
  ADD KEY `assessment_id` (`assessment_id`),
  ADD KEY `question_id` (`question_id`);

--
-- Indexes for table `hc_tr_analysis_calc`
--
ALTER TABLE `hc_tr_analysis_calc`
  ADD PRIMARY KEY (`id`),
  ADD KEY `original_id` (`original_id`),
  ADD KEY `assessment_id` (`assessment_id`);

--
-- Indexes for table `hc_tr_analysis_overall`
--
ALTER TABLE `hc_tr_analysis_overall`
  ADD PRIMARY KEY (`id`),
  ADD KEY `assessment_id` (`assessment_id`);

--
-- Indexes for table `ma_mt`
--
ALTER TABLE `ma_mt`
  ADD PRIMARY KEY (`question_id`);

--
-- Indexes for table `ma_tr`
--
ALTER TABLE `ma_tr`
  ADD PRIMARY KEY (`response_id`),
  ADD KEY `question_id` (`question_id`),
  ADD KEY `ma_tr_ibfk_1` (`assessment_id`);

--
-- Indexes for table `ma_tr_analysis`
--
ALTER TABLE `ma_tr_analysis`
  ADD PRIMARY KEY (`response_id`),
  ADD KEY `assessment_id` (`assessment_id`),
  ADD KEY `question_id` (`question_id`);

--
-- Indexes for table `users`
--
ALTER TABLE `users`
  ADD PRIMARY KEY (`user_id`),
  ADD UNIQUE KEY `email` (`email`),
  ADD KEY `user_id` (`user_id`),
  ADD KEY `user_id_2` (`user_id`),
  ADD KEY `user_id_3` (`user_id`);

--
-- AUTO_INCREMENT for dumped tables
--

--
-- AUTO_INCREMENT for table `assessments`
--
ALTER TABLE `assessments`
  MODIFY `assessment_id` int(11) NOT NULL AUTO_INCREMENT, AUTO_INCREMENT=110;

--
-- AUTO_INCREMENT for table `as_geninfo_pl`
--
ALTER TABLE `as_geninfo_pl`
  MODIFY `id` int(11) NOT NULL AUTO_INCREMENT, AUTO_INCREMENT=660;

--
-- AUTO_INCREMENT for table `consultation`
--
ALTER TABLE `consultation`
  MODIFY `consultation_id` int(11) NOT NULL AUTO_INCREMENT, AUTO_INCREMENT=6;

--
-- AUTO_INCREMENT for table `geninfo_mt`
--
ALTER TABLE `geninfo_mt`
  MODIFY `id` int(11) NOT NULL AUTO_INCREMENT, AUTO_INCREMENT=1001;

--
-- AUTO_INCREMENT for table `geninfo_tr`
--
ALTER TABLE `geninfo_tr`
  MODIFY `id` int(11) NOT NULL AUTO_INCREMENT, AUTO_INCREMENT=33;

--
-- AUTO_INCREMENT for table `hc_mt`
--
ALTER TABLE `hc_mt`
  MODIFY `question_id` int(11) NOT NULL AUTO_INCREMENT, AUTO_INCREMENT=19;

--
-- AUTO_INCREMENT for table `hc_pl`
--
ALTER TABLE `hc_pl`
  MODIFY `id` int(11) NOT NULL AUTO_INCREMENT, AUTO_INCREMENT=2573;

--
-- AUTO_INCREMENT for table `hc_tr`
--
ALTER TABLE `hc_tr`
  MODIFY `response_id` int(11) NOT NULL AUTO_INCREMENT, AUTO_INCREMENT=778;

--
-- AUTO_INCREMENT for table `hc_tr_analysis`
--
ALTER TABLE `hc_tr_analysis`
  MODIFY `response_id` int(11) NOT NULL AUTO_INCREMENT, AUTO_INCREMENT=714;

--
-- AUTO_INCREMENT for table `hc_tr_analysis_calc`
--
ALTER TABLE `hc_tr_analysis_calc`
  MODIFY `id` int(11) NOT NULL AUTO_INCREMENT, AUTO_INCREMENT=663;

--
-- AUTO_INCREMENT for table `hc_tr_analysis_overall`
--
ALTER TABLE `hc_tr_analysis_overall`
  MODIFY `id` int(11) NOT NULL AUTO_INCREMENT, AUTO_INCREMENT=154;

--
-- AUTO_INCREMENT for table `ma_mt`
--
ALTER TABLE `ma_mt`
  MODIFY `question_id` bigint(20) UNSIGNED NOT NULL AUTO_INCREMENT, AUTO_INCREMENT=31;

--
-- AUTO_INCREMENT for table `ma_tr`
--
ALTER TABLE `ma_tr`
  MODIFY `response_id` int(11) NOT NULL AUTO_INCREMENT, AUTO_INCREMENT=484;

--
-- AUTO_INCREMENT for table `ma_tr_analysis`
--
ALTER TABLE `ma_tr_analysis`
  MODIFY `response_id` int(11) NOT NULL AUTO_INCREMENT, AUTO_INCREMENT=420;

--
-- AUTO_INCREMENT for table `users`
--
ALTER TABLE `users`
  MODIFY `user_id` int(11) NOT NULL AUTO_INCREMENT, AUTO_INCREMENT=19;

--
-- Constraints for dumped tables
--

--
-- Constraints for table `consultation`
--
ALTER TABLE `consultation`
  ADD CONSTRAINT `consultation_ibfk_1` FOREIGN KEY (`assessment_id`) REFERENCES `assessments` (`assessment_id`),
  ADD CONSTRAINT `consultation_ibfk_2` FOREIGN KEY (`user_id`) REFERENCES `assessments` (`user_id`);

--
-- Constraints for table `geninfo_tr`
--
ALTER TABLE `geninfo_tr`
  ADD CONSTRAINT `fk_user_geninfo` FOREIGN KEY (`user_id`) REFERENCES `users` (`user_id`);

--
-- Constraints for table `hc_tr`
--
ALTER TABLE `hc_tr`
  ADD CONSTRAINT `hc_tr_ibfk_1` FOREIGN KEY (`assessment_id`) REFERENCES `assessments` (`assessment_id`) ON DELETE CASCADE ON UPDATE CASCADE,
  ADD CONSTRAINT `hc_tr_ibfk_2` FOREIGN KEY (`question_id`) REFERENCES `hc_mt` (`question_id`);

--
-- Constraints for table `hc_tr_analysis`
--
ALTER TABLE `hc_tr_analysis`
  ADD CONSTRAINT `hc_tr_analysis_ibfk_1` FOREIGN KEY (`assessment_id`) REFERENCES `assessments` (`assessment_id`) ON DELETE CASCADE ON UPDATE CASCADE,
  ADD CONSTRAINT `hc_tr_analysis_ibfk_2` FOREIGN KEY (`question_id`) REFERENCES `hc_mt` (`question_id`) ON DELETE CASCADE ON UPDATE CASCADE;

--
-- Constraints for table `hc_tr_analysis_calc`
--
ALTER TABLE `hc_tr_analysis_calc`
  ADD CONSTRAINT `hc_tr_analysis_calc_ibfk_1` FOREIGN KEY (`original_id`) REFERENCES `hc_tr_analysis` (`response_id`),
  ADD CONSTRAINT `hc_tr_analysis_calc_ibfk_2` FOREIGN KEY (`assessment_id`) REFERENCES `assessments` (`assessment_id`);

--
-- Constraints for table `hc_tr_analysis_overall`
--
ALTER TABLE `hc_tr_analysis_overall`
  ADD CONSTRAINT `hc_tr_analysis_overall_ibfk_1` FOREIGN KEY (`assessment_id`) REFERENCES `assessments` (`assessment_id`);

--
-- Constraints for table `ma_tr`
--
ALTER TABLE `ma_tr`
  ADD CONSTRAINT `ma_tr_ibfk_1` FOREIGN KEY (`assessment_id`) REFERENCES `assessments` (`assessment_id`) ON DELETE CASCADE ON UPDATE CASCADE,
  ADD CONSTRAINT `ma_tr_ibfk_2` FOREIGN KEY (`question_id`) REFERENCES `ma_mt` (`question_id`) ON DELETE CASCADE ON UPDATE CASCADE;

--
-- Constraints for table `ma_tr_analysis`
--
ALTER TABLE `ma_tr_analysis`
  ADD CONSTRAINT `ma_tr_analysis_ibfk_1` FOREIGN KEY (`assessment_id`) REFERENCES `assessments` (`assessment_id`) ON DELETE CASCADE ON UPDATE CASCADE,
  ADD CONSTRAINT `ma_tr_analysis_ibfk_2` FOREIGN KEY (`question_id`) REFERENCES `ma_mt` (`question_id`) ON DELETE CASCADE ON UPDATE CASCADE;
COMMIT;

/*!40101 SET CHARACTER_SET_CLIENT=@OLD_CHARACTER_SET_CLIENT */;
/*!40101 SET CHARACTER_SET_RESULTS=@OLD_CHARACTER_SET_RESULTS */;
/*!40101 SET COLLATION_CONNECTION=@OLD_COLLATION_CONNECTION */;
